,Song_ID,Artist,Artist_diskografija,Song_tekstovinet,Views_tekstovinet,Lyrics_tekstovinet,Url_tekstovinet,Writer_lyricstranslate,Song_lyricstranslate,EngTitle_lyricstranslate,Album_lyricstranslate,Lyrics_lyricstranslate,EngLyrics_lyricstranslate,Url_lyricstranslate,Skladba_diskografija,Stihovi_diskografija,Aranžman_diskografija,Izvedba_diskografija,Url_diskografija,Song_diskografija,Album_1_diskografija,Album_2_diskografija,Album_3_diskografija
0,hcEyZCpA_1_0,Dalmatino,Dalmatino,Bozic bijeli,162672,"Da je put do tvojih vrata
prasina od suhog zlata
to mi sada vise nista ne znaci

Jer kad iz tvog oka kisa krene
tu odavno nece biti mene 
svejedno ce samo blato ostati
 
Kad za Bozic cujes prva zvona
to je ljubav nasa 
to je ona sto je dosla 
da nas pjesmom pocasti

Pjesmom punom lijepih uspomena
za dva meka srca potrosena
nek' te ovaj Bozic na nas podsjeti

Ref.
Kada ponoc bljesne sa visina
za nas dizem casu mladog vina
sto iz zelje, sto iz ljute potrebe

Svi ce andjeli i svi ce sveci
pjevat' pjesmu, ti je samo reci
i pozeli Bozic bijeli
neka bude za tebe

Ref. 2x

Bozic Bijeli neka bude za tebe","https://tekstovi.net/2,726,17386.html",Ivo Jagnjić,Božić bijeli,White Christmas,Cukar i sol,"Da je put do tvojih vrata
1
prašina od suhog zlata
to mi sada više ništa ne znači. Jer kad iz tvog oka kiša krene
tu odavno neće biti mene
svejedno će samo blato ostati. Kad za Božić čuješ prva zvona
to je ljubav naša
to je ona što je došla
da nas pjesmom počasti. Pjesmom punom lijepih uspomena
za dva meka srca potrošena
nek' te ovaj Božić na nas podsjeti. Ref.
Kada ponoć bljesne sa visina
za nas dižem čašu mladog vina
što iz želje, što iz ljute potrebe. Svi će anđeli i svi će sveci
pjevat' pjesmu, ti je samo reci
i poželi Božić bijeli
neka bude za tebe. Ref. 2x. Božić bijeli neka bude za tebe","If the path to your door
Was pure golden dust,
It wouldn't mean anything to me. Because when it starts to rain from your eyes,
I already wouldn't be there for a long time
There will only be mud left anyway. When you hear first Christmas bells,
That's our love
That's the one that came
To regale us with a song. The song full of beautiful memories
For two soft depleted hearts
May this Christmas remind you on us. Chorus:
When the midnight blazes from the heights
I'll raise a glass of new wine for us
Because of my wish and my strong need. All the angels and all the saints
Will sing the song, you just say it
And wish for white Christmas
May it be for you. Chorus 2x. May there be white Christmas for you",https://lyricstranslate.com/en/bo%C5%BEi%C4%87-bijeli-white-christmas.html,['Ivo Jagnjić'],['Ivo Jagnjić'],['Mladen Magud'],['Dalmatino'],https://diskografija.com/pjesma/bozic-bijeli-292.htm,Božić bijeli,,,
1,hcEyZCpA_1_1,Dalmatino,Dalmatino,Bura okrice,77982,"Ja san maca crnog vina
s tvoje bile misne haljine
koju sakrivas pod granom ruzmarina
svake nedilje

I sta je istina sta laz 
iz tvoga oka, neces priznati
na dnu tvoga srca tajna je duboka
 i tu ce ostati
 
Jer mi smo ona stara prica sto se nosi
s kolina na kolino
k'o dva andjela sta spavaju u rosi
jer se volimo

Na kantunal kad ti s jednim krilom sletin
da te poljubin prid san
sakrij me u najdonji skafetin
tu san siguran

Ref.
Opet bura okrice
nebo s mista pomice
od jubavi velike
nema nista svetije
otkada me ne volis

Prati me u stopu noc
puna zvizda, puna miseca
prije zore srebrene
zbog tebe i zbog mene 
bura okrice

Ref. 2x","https://tekstovi.net/2,726,29472.html",,Bura okriće,The bora turns,,"Ja san mača crnog vina
S tvoje bile misne haljine
Koju sakrivaš pod granom ružmarina
Svake nedilje
I šta je istina, šta laž iz tvoga oka
Nećeš priznati
Na dnu tvoga srca tajna je duboka
I tu će ostati. Jer mi smo ona stara priča što se nosi
S kolina na kolino
Ko dva anđela šta spavaju u rosi
Jer se volimo
Na kantunal kad ti jednim krilom sletin
Da te poljubin prid san
Sakrij me u najdonji skafetin
Tu san siguran. Ref.
Opet bura okriće
Nebo s mista pomiće
Od jubavi velike
Nema ništa svetije
Otkada me ne voliš. Prati me u stopu noć
Puna zvizda, puna miseca
Prije zore srebrene
Zbog tebe i zbog mene
Bura okriće. Ref. 2x","I am a stain of red vine
From your white greasy dress
Which you hide under the rosemary branch
every Sunday
And what is the truth, and what is lie from your eye
you will never admit
There's a deep secret at the bottom of your heart
and it will stay there.. For we are that old story that gets told
By one generation to the next
Like two angels sleeping in the dew
For we love each other
When I land on your bedside cabinet
To kiss you good-night
Hide me in the bottom shelf
There I'm safe. Ref.
The bora turns again
Moving the sky from its place
There's nothing more sacred
Than great love
Since you've stopped loving me. The night is treading on my heels
Full of stars and the moon
Before the silver dawn
For me and for you
The bora turns. Ref. 2x",https://lyricstranslate.com/en/bura-okri%C4%87e-bora-turns.html,,,,['Dalmatino'],https://diskografija.com/pjesma/bura-okrice-14038.htm,Bura okriće,,,
2,hcEyZCpA_1_2,Dalmatino,Dalmatino,Ca si nebo na me bisno,1349,"Najlipsin zvizdama da napunin borsu
jednu po jednu prid nju stavin na stol
da zbog nje srce stavin u morsu
nebo, bi li culo za moju bol

Boze, da ucinin sve skale do neba
s kojon to molitvon bin prid tebe sta´
da se smiri more, da rodi poje
Boze, da mi vratis sve ca je moje
 
Ref.
Ca si nebo na me bisno
kad mi ona nosi zadnju ric
u prsima je srcu tisno
pratit ce je svagdi di ce ic'

Ca si nebo na me bisno
kad mi ona nosi zadnju ric
niti suzon, niti s pismon
ja je necu vratiti

Ref. 2x

Ja je necu vratiti","https://tekstovi.net/2,726,63117.html",,"Ča si, nebo, na me bisno?","Why are You Angry With Me, Heaven?",,"Najlipšin zvizdama da napunim boršu
Jednu po jednu prid nju stavin na stol
I da zbog nje srce stisnen u moršu
Nebo, bi li čulo za moju bol?. Bože, da učinim sve skale do neba
S kojon to molitvon bi prid tebe sta?
Da se smiri more, da rodi poje
Bože, da mi vratiš sve ča je moje.
Ča si, nebo, na me bisno?
Kad mi ona nosi zadnju rič...
U prsima je srcu tisno,
Pratit će je svagdi di će ić.
Ča si, nebo, na me bisno?
Kad mi ona nosi zadnju rič...
Niti suzon niti s pismon
Ja je neću vratiti.","If I would fill up a bag with the most beautiful stars
To put them one by one on the table in front of her
And to tighten my heart inside a vice because of her
Heaven, would you hear about my pain?. God, if I were to build stairs all the way to the heaven,
With what prayer would I come stand before you?
To calm the sea, for the field to be fertile
God, to give me back all that is mine.
Why are you angry with me, heaven?
When she's the one who has the last word for me...
It is too tight for the heart inside the chest,
It will follow her where ever she will go.
Why are you angry with me, heaven?
When she's the one who has the last word for me...
I won't bring her back
Neither with a tear, nor with a song",https://lyricstranslate.com/en/%C4%8Da-si-nebo-na-me-bisno-why-are-you-angry-me-heaven.html,,,,['Dalmatino'],https://diskografija.com/pjesma/ca-si-nebo-na-me-bisno-6662.htm,Ća si nebo na me bisno,,,
3,hcEyZCpA_1_3,Dalmatino,Dalmatino,Covik i tovar,15320,"Trazia san svoju jubav
pod feralom jedne lipe mladosti
ali zivot, stari ribar
probija je srce moje na osti

Dobro kazu stari judi
mladost ludost srce di god zaplace
nisan slusa staru mudrost
trazia san kruva priko pogace
 
Da je bilo malo srice, malo pameti
ti si za me bila pravo bice, to si bila ti

Ref.
Oooo isti Bog je stvorija
i pod isti krov je stavija
covika i tovara

Od srca se nasmija
svakom ko je kucu pravija
di mu ne odgovara

Mene boli tvoja kletva
mene traze tvoje oci ledene
tasta zemlja puna soli
trazi kapju bistre vode studene

Da je bilo malo srice, malo pameti
ti si za me bila pravo bice, to si bila ti

Ref. 7x","https://tekstovi.net/2,726,31533.html",,Čovik i tovar,Man and Donkey,Dobro jutro,"Tražia san svoju jubav
pod feralom jedne lipe mladosti.
Ali život, stari ribar
probija je srce moje na osti.. Dobro kažu stari judi
mladost ludost, srce di god zaplače.
Nisan sluša staru mudrost
tražia san kruva priko pogače.. Da je bilo malo sriće, malo pameti,
ti si za me bila pravo biće, to si bila ti.. Ref.
Oooo isti Bog je stvorija
i pod isti krov je stavija,
čovika i tovara.
Od srca se nasmija,
svakom ko' je kuču pravija
di mu ne odgovara.. Mene boli tvoja kletva,
mene traže tvoje oči ledene.
Tašta zemlja puna soli,
traži kapju bistre vode studene.. Da je bilo malo sriće, malo pameti,
ti si za me bila pravo biče, to si bila ti.. Ref. 7x","I was looking for love
Under a lantern of a beautiful adolescence;
But life as an old fisher
Had grided my heart with its trident.. Old people say true:
Youth is a madness, a heart starts to cry anywhere.
I didn't listen to the old wisdom,
And I was always insatiable.. If I was a little lucky and a little smarter,
You were the right person for me, it was you.. CHORUS:
Oh, one God had created
And put under one roof
A man and a donkey.
And he laughs heartily
Upon each one, who constructed his house
In a wrong place.. Your curse hurts me,
Your icy eyes are looking for me.
In vain the land full of salt
Looks for a drop of pure, ice cold water.. If I was a little lucky and a little smarter,
You were the right person for me, it was you.. Chorus: xN",https://lyricstranslate.com/en/%C4%8Dovik-i-tovar-man-and-donkey.html,['Ivo Jagnjić'],['Ivo Jagnjić'],['Ante Gašpardi'],['Dalmatino'],https://diskografija.com/pjesma/covik-i-tovar-283.htm,Čovik i tovar,2003 - Dobro jutro,2003 - Etnofest Neum 2003,
4,hcEyZCpA_1_4,Dalmatino,Dalmatino,Croatia,18557,"Ovi komad stine sta iz mora viri
di se bura s jugom svadi pa se miri
to su stare kuce od tri brata Duje, Vlaha i Donata
koje tamo stoje vjekovima

Di na listu loze spava zensko dite
brizno pazi na nju stari Velebite
njeno plavo more krv je plava naseg Kralja Tomislava
nasih knezova i vitezova
 
Ref.
Dabogda vise ne cula oruzja zvuk
a znaj covik je coviku vuk
da je Bog ima 'cer ka sta je iman ja
da bi joj ime Croatia

Ako krenes gori samo par koraka
s gornjeg grada cut ces zvona Svetog Marka
nek' nam blagoslovi crvenicu
 kamen, more i ravnicu

S dlana pusti bilu golubicu
da na svaku nasu ljutu ranu
 stavi maslinovu granu
znamen vjecne ljubav i mira

Ref. 2x","https://tekstovi.net/2,726,47127.html",Ivo Jagnjić,Croatia,Croatia,moj dom,"Ovi komad stine šta iz mora viri,
1
di se bura s jugom svadi pa se miri.
To su stare kuće od tri brata,
Duje, Vlaha i Donata,
koje tamo stoje vjekovima.. Di na listu loze spava žensko dite,
brižno pazi na nju stari Velebite.
Njeno plavo more krv je plava,
našeg kralja Tomislava,
naših knezova i vitezova.
Njeno plavo more krv je plava,
našeg kralja Tomislava,
naših knezova i vitezova.. Da Bog da više ne čula oružja zvuk,
al' znaj čovik je čoviku vuk.
Da je Bog ima kćer ka šta je imam ja,
da bi joj ime Croatia.. Ako kreneš gori samo par koraka,
s Gornjeg Grada čut ćeš zvona svetog Marka.
Nek' nam blagoslovi crvenicu,
kamen more i ravnicu... S dlana pusti bilu golubicu.
Da na svaku našu ljutu ranu,
stavi maslinovu granu,
znamen vječne ljubavi i mira.. Da Bog da više ne čula oružja zvuk,
al' znaj čovik je čoviku vuk.
Da je Bog ima kćer ka šta je imam ja,
da bi joj ime Croatia.
Da je Bog ima kćer ka šta je imam ja,
da bi joj ime Croatia,
da bi joj ime Croatia.","This piece of a land what protrudes from the sea(1)
where storm(2) fights with the wind from the south(3) and then they get together again
That are actually old houses of three brothers named
Duje, Vlaho and Donat(4)
which are there for ages. On the leaf of a wine sleeps female child(5)
Take care of her, you old mountain Velebit
Her blue sea is noble blood
Of our king Tomislav
Of our princes and knights
Her blue sea is noble blood
Of our king Tomislav
Of our princes and knights. God grant that she doesn't hear sound of weapons never again(6)
But you know, man is a wolf to another man
If God had a daughter like I have,
He'd call her Croatia. If you take a few steps up
From Gornji Grad(Upper Town) you'll hear the bells of St. Mark(7)
May God bless red soil(8),
stone(8), sea and plain(8). May God let a white dove from his hand
to put olive brunch
On our every painful wound,
That's symbol of eternal love and peace (9). God grant that she doesn't hear sound of weapons never again
But you know, man is a wolf to another man
If God had a daughter like I have,
He'd call her Croatia
If God had a daughter like I have,
He'd call her Croatia
He'd call her Croatia",https://lyricstranslate.com/en/croatia-croatia.html-0,,,,['Dalmatino'],https://diskografija.com/pjesma/croatia-24671.htm,Croatia,,,
5,hcEyZCpA_1_5,Dalmatino,Dalmatino,Cukar i sol,69169,"Za tebe je Bog bija ruke siroke
kad je dilija lipotu mislija je na tebe
a ja san vrime stratija
prekasno sam shvatija
tvoj je dar za mene bol
i sta je cukar, a sta je sol
 
Za tebe je Bog bija srca mekana
kad je dilija dobrotu bila si mu najbliza
a dvoje ljudi na toj slici 
ka dvi tice su na zici 
i svaka trazi pogledom 
da odnese jatu svom 
jedna cukar druga sol

Ref.
Andele moj, kako naci pravu ric
da ti recen svoju bol
andjele moj, kojim putem triba ic 
da bi nasa mrvu srice
zrno cukra, a ne sol

Za mene je Bog bija srca pritvrda
ja san tija tvoju ruku
a on mi je vesla da
i more bisno i veliko
a na njemu nigdi niko
da bi cuja moju bol
nigdi cukra, samo sol
nigdi cukra, samo sol

Ref.","https://tekstovi.net/2,726,14507.html",Jacek Skubikowski,Cukar i Sol,Sugar And Salt,Cukar i Sol,"Za tebe je Bog bija ruke široke
1
kad je dilija lipotu mislija je na tebe
a ja san vrime stratija
prekasno sam shvatija
tvoj je dar za mene bol
i šta je cukar, a šta je sol. Za tebe je Bog bija srca meka
kad je dilija dobrotu bila si mu najbliža
a dvoje ljudi na toj slici
ka dvi tice su na žici
i svaka traži pogledom
da odnese jatu svom
jedna cukar druga sol. Anđele moj, kako naći pravu rič
da ti rečen svoju bol
anđele moj, kojim putem triba ić
da bi naša mrvu srice
zrno cukra, a ne sol. Za mene je Bog bija srca pritvrda
ja san tija tvoju ruku
a on mi je vesla da
i more bisno i veliko
a na njemu nigdi niko
da bi čuja moju bol
nigdi cukra, samo sol
nigdi cukra, samo sol","For you God had a living hand
When he gave away beauty, he thought of you
And I wasted time
I realised too late
Your gift for me is pain
And what is sugar, and what is salt. For you God had a soft heart
When he gave away goodness you were closest
And the two people on that picture
Like two birds on a wire
And each is one is searching with their glances
To take to their bevy
One of them sugar, the other one salt. My angel, how to find the right word
To tell you my pain
My angel, which road to take
To find a crumb of happiness
One grain of sugar, and not salt. For me, God had a hard heart
I wanted your hand
And he gave me peddles
And a wild and huge sea
And on it no one – nowhere
To hear my pain
Nowhere sugar, just salt
Nowhere sugar just salt",https://lyricstranslate.com/en/cukar-i-sol-sugar-and-salt.html,['Ivo Jagnjić'],['Ivo Jagnjić'],['Remi Kazinoti'],['Dalmatino'],https://diskografija.com/pjesma/cukar-i-sol-286.htm,Cukar i sol,,,
6,hcEyZCpA_1_6,Dalmatino,Dalmatino,Cvit od kamena,41189,"Ispod zlatnih oblaka plovi duga sarena
more valove po zalu proliva
svaka dva, tri koraka stoji kuca kamena
mater musku dicu glasno doziva

To je zemja covika, more mu je posteja
liston smokve zelene se pokriva
ima srce diteta, pogled mu je kopriva
tu iz mora raste cvit od kamena
tu san roden ja
 
Ref.
I da Bog za me nacrta zenu kakvu san ceka
neka je crta ka posljednju zelju
ja bi mu reka

Bila bi zjenica u najlipsen oku
najlipsa zvizda na nebu visoku
bila bi ka, bila bi ka Dalmacija

Tu se igra partija, treseta i briskula
di god jake karte nisu isti zog
to na mojin rukama, radja se u mukama
moja zemja nek je cuva dragi Bog

Ref. 2x","https://tekstovi.net/2,726,30171.html",,Cvit od kamena,A stone flower,Cukar i sol,"Ispod zlatnih oblaka plovi duga šarena,
More valove po žalu proliva.
Svaka dva-tri koraka stoji kuća kamena
Mater mušku dicu glasno doziva.. To je zemja čovika, more mu je posteja,
Listom smokve zelene se pokriva.
Ima srce diteta, pogled mu je kopriva.
Tu iz mora raste cvit od kamena
Tu san rođen ja.... I da Bog za me nacrta ženu, kakvu san čeka,
Neka je crta ka posljednju žeju, ja bi mu reka:
Bila bi zjenica u najlipšen oku, najlipša zvizda na nebu visoku,
Bila bi ka, bila bi ka Dalmacija.. Tu se igra partija trešeta i briškula
Di god jake karte nisu isti zog.
To na moijin rukama, rađa se u mukama
Moja zemja, nek' je čuva dragi Bog
Nek' je čuva Bog.... I da Bog za me nacrta ženu, kakvu san čeka,
Neka je crta ka poljednju žeju, ja bi mu reka:
Bila bi zjenica u najlipšen oku, najlipša zvizda na nebu visoku,
Bila bi ka, bila bi ka Dalmacija.","Below the golden clouds sails a colorful rainbow,
The sea spills its waves over the beach.
Every 2-3 steps stands a stone house
Mother loudly calling her sons.. It's the land of the man, the sea is his bed,
His cover is a green fig leaf.
He has the hearth of a child, in his eyes a nettle.
Here, from the sea grows a stone flower
This is where I was born.... And if god made a woman for me, the one I've been waiting for,
May He make it as a last wish, I would tell him:
She'd be the pupil of the most beautiful eye, the most beautiful star on the sky above,
She'd be like, she'd be like Dalmatia.. Here a game of Tresssette and Briscola1 is played
Where strong cards aren't in the same hand.
Here in my hands is born in suffer,
My land, may dear God save it
May God save it.... And if god made a woman for me, the one I've been waiting for,
May He make it as a last wish, I would tell him:
She'd be the pupil of the most beautiful eye, the most beautiful star on the sky above,
She'd be like, she'd be like Dalmatia.",https://lyricstranslate.com/en/cvit-od-kamena-stone-flower.html,['Ivo Jagnjić'],['Ivo Jagnjić'],['Mladen Magud'],['Dalmatino'],https://diskografija.com/pjesma/cvit-od-kamena-289.htm,Cvit od kamena,,,
7,hcEyZCpA_1_7,Dalmatino,Dalmatino,Dajem ti ric,112027,"Ja u obe ruke 
cvrsto drzin konce
jer za sve sta 
vaja moras imat force

Za veliku jubav 
mos prilit more
iz skrape u skrapu 
pa nek kazu da sam lud
 
A u desnoj ruci 
donosim ti srce
ca ni jednoj dosad
 nikad nisan da

Ta jubav ca se 
cidi ispod tvoga oka
to znaci da vridi
da je previse duboka

Ref.
Nevrime i nesrica 
nece na nas nikada
dodje li jedna 
tvoja suza do neba
slidin tvoje korake 
rukan tiran oblake
i dajem ti ric 
da s tobom cu ic
ravno prid Boga

Kad se miljun zvizda
 prospe ka iz bajke
lini misec zaspe 
na srid kale puste

Stat cemo goli ka
 rodjeni od majke
ti mi ne dozvoli
da ti pobignem
 kroz prste

Ref. 2x","https://tekstovi.net/2,726,29174.html",,Dajen ti rič,I give you my word,Dobro jutro,"Ja u obe ruke čvrsto držin konce
jer za sve šta vaja moraš imat force,
za veliku jubav mo'š prilit more
Iz škrape u škrapu
pa nek kažu da san lud.. A u desnoj ruci donosin ti srce
ča ni jednoj dosad nikad nisan da,
to znači da vridi
da je previše duboka.. Nevrime i nesrića neće na nas nikada
dođe li ijedna tvoja suza do neba,
slidin tvoje korake
rukan tiran oblake
i dajen ti rič da s tobom ću ić'
ravno prid Boga.. Kad se miljun zvizda prospe ka iz bajke
lini misec zaspe na srid kale puste,
stat ćemo goli ka rođeni od majke
ti mi ne dozvoli
da ti pobignem kroz prste.. Nevrime i nesrića neće na nas nikada
dođe li ijedna tvoja suza do neba,
slidin tvoje korake
rukan tiran oblake
i dajen ti rič da s tobom ću ic''
ravno prid Boga.
2x. I dajen ti rič da s tobom ću ić'
ravno prid Boga.","I keep it in control firmly ("" i hold firmly yarn in my hands"")
because for everything you do you have to have force
for great love you have to give more
(? - I don't know what is škrape)
so let them say I am crazy. I bring you my heart in my right hand (or arm)
I've never given it before to a girl
it means it is worth
that is too deep.. tempest and mischance will never (happen) to us
if a single your tear comes to heaven
i follow your steps
(? I __ with my hands clouds ?- maybe he tears clouds down)
i give you my word that I'll go with you
straight to God. When millions of stars pour out like in fairytale
___ moon shower barren mire
we'll stand naked ""like we are just born"", (born naked from mother- that is an expresion)
don't let me
da ti pobignem kroz prste. to slither away through your fingers. tempest and mischance will never (happen) to us
if a single your tear comes to heaven
i follow your steps
(?)
i give you my word that I'll go with you
straight to God
2x. i give you my word that I'll go with you
straight to God",https://lyricstranslate.com/en/Dajen-ti-ric-I-give-you-my-word.html,['Ivo Jagnjić'],['Ivo Jagnjić'],"['Ivo Jagnjić', 'Zdravko Sunara', 'Ante Gašpardi']",['Dalmatino'],https://diskografija.com/pjesma/dajen-ti-ric-285.htm,Dajen ti rič,,,
8,hcEyZCpA_1_8,Dalmatino,Dalmatino,Di cu,17754,"Di cu i na koju stranu poc
s koje strane da me ceka dan a s koje noc
kad bi covik zna di je kisa, a di sunce sja
ne bi cinija oni krivi korak dva

Di cu i na koju stranu poc
ja sam taka dno zivota kad si otisla
iden sviton ka sirotan di cu, di cu ja 
Bog zna i da se sunce ugasi
sad ti vise ne triban
 
Ref. 2x
I nista mi nije ostalo 
i to vise nisam ja
srce je kucat pristalo 
ka ticu iz gnizda ca je pa

Di cu i na koju stranu poc
da iscupan ric iz zemje nece znat za moju bol
idem svitom ka sirotan idem bos i gol 
Bog zna di cu nocas zaspat ja 
di cu nocas zaspat ja

Ref. 3x

Di cu i na koju stranu poc","https://tekstovi.net/2,726,32306.html",,,,,,,,,,,['Dalmatino'],https://diskografija.com/pjesma/di-cu-14036.htm,Di ću,,,
9,hcEyZCpA_1_9,Dalmatino,Dalmatino,Ditelina s cet'ri lista,106837,"Na mom srcu, jedina
stoji piz od vrimena
stoji krik od galeba
i za tobon potriba
priko mora duboka

Plovija san od oka
dugo san te trazija
dusu san iscidija
vec san i posidija
 
Ref.
A ja san iz oka zalija
a ja dracu ispod maslina
znan da tamo rastes ti 
ti si ka ditelina s cet'ri lista
za te uvik ima mista 
dobrodosla mi, moja srica, to si ti

Na mom dlanu crte dvi
zivota i jubavi
prva mi je preduga
to me nije ni briga

A ona druga malena
puno mi je vaznija
nemoj me rastuziti
provaj je produziti
jer to mozes samo ti 

Ref.","https://tekstovi.net/2,726,8738.html",,,,,,,,['Ivo Jagnjić'],['Ivo Jagnjić'],['Mladen Magud'],"['Oliver', 'Dalmatino']",https://diskografija.com/pjesma/ditelina-s-cet-ri-lista-287.htm,Ditelina s čet'ri lista,2002 - Cukar i sol,2003 - Vjeruj u ljubav 2003,
10,hcEyZCpA_1_10,Dalmatino,Dalmatino,Dobro jutro,49989,"Gingaju se brodi na posteji od plime
od zvizde do zvizde jugo mrizu plete
tu kraj moga srca zadnji put prinoci
vanka pada kisa i grubo je vrime

Jer ljubav je tvoja ka sterika na vitru
di suze od voska uvik moji prsti dirnu
sa tobon je moja opustila srica
i konop bez sica pa je u gustirnu
 
Ref.
Dobro jutro, o, dobro jutro
s dvi lipe rici zadnji put te pozdravljan
i nikad na glas ne bi reka
i ne bi prizna ja
da ti srce ka u vrsi ostavljan

A jednom kad te prenu ribari pri zoru
izmedju dva srca kad povuces meju
ne izlazi bosa na skale u dvoru
to se ladna rosa prosula po tleju","https://tekstovi.net/2,726,12768.html",,Dobro Jutro,Good Morning,Dobro Jutro,"Gingaju se brodi na posteji od plime
od zvizde do zvizde jugo mrižu plete
tu kraj moga srca zadnji put prinoći
vanka pada kiša i grubo je vrime. Jer ljubav je tvoja ka šterika na vitru
di suze od voska uvik moji prsti dirnu
sa tobon je moja opustila srića
i konop bez sića pa je u gustirnu. [Refren]
Dobro jutro, o, dobro jutro
s dvi lipe riči zadnji put te pozdravljan
i nikad na glas ne bi reka
i ne bi prizna ja
da ti srce ka u vrši ostavljan. A jednom kad te prenu ribari pri' zoru
između dva srca kad povučeš meju
ne izlazi bosa na skale u dvoru
to se ladna rosa prosula po tleju. [Refren]
Dobro jutro, o, dobro jutro
s dvi lipe riči zadnji put te pozdravljan
i nikad na glas ne bi reka
i ne bi prizna ja
da ti srce ka u vrši ostavljan","Ships are rocking on a bed made of the tide
From star to star southerly weaves a net
Here, next to my heart spent the night for the last time
It's raining outside and the time is harsh. Because your love is like a lantern on the wind
Where my fingers always touch the tears made of wax
My luck has gone empty with you
And the rope without a bucket fell into the well. [Refrain]
Good morning, oh, good morning
I greet with two nice words for the last time
And I would never say out loud
And I wouldn't admitt
That I leave my heart with you like in a fishing net. And once, when fishermen startle you before dawn
When you draw the line between two hearts
Don't go out barefoot to the stairs in the yard
That is the cold dew spreaded over the ground. [Refrain]
Good morning, oh, good morning
I greet with two nice words for the last time
And I would never say out loud
And I wouldn't admitt
That I leave my heart with you like in a fishing net",https://lyricstranslate.com/en/dobro-jutro-good-morning.html-4,['Ivo Jagnjić'],['Ivo Jagnjić'],['Remi Kazinoti'],['Dalmatino'],https://diskografija.com/pjesma/dobro-jutro-276.htm,Dobro jutro,,,
11,hcEyZCpA_1_11,Dalmatino,Dalmatino,Dodji nocas u moj san,48702,"Dodjii nocas u moj san
u moj tajni polusvit
ja nemam nista da ti dan
mozda mogu dat'ti cvit

I satrat ce me suze dvi
sta mi donosis u dotu
jedna za sirotu
druga za lipotu
 
Dodji nocas u moj san
ja nema nista da ti dan
i od zivota me je stid
sta me doveja prid zid

Brigo moja najveca
sta sam sakrija u oko
zemlja mi je tvrda
nebo je visoko

Ref.
Cuvan te
na dnu srca sta san sakon
stiska, samo za tebe
zadnje zrno simena

Od mojega imena
cuva san od vitra
i od vrimena
jer si moja sudbina

Ref. 2x","https://tekstovi.net/2,726,29595.html",,Dođi noćas u moj san,Step Into My Dream Tonight,,"Dođi noćas u moj san
1
U moj tajni polusvit
Ja nemam ništa da ti dan
Možda mogu dat ti cvit. I satrat će me suze dvi
Šta mi donosiš u dotu
Jedna za sirotu
Druga za lipotu. Dođi noćas u moj san
Ja nemam ništa da ti dan
I od života me je stid
Šta me doveja prid zid. Brigo moja najveća
Šta sam sakrija u oko
Zemlja mi je tvrda
Nebo je visoko. [Refren]
Čuvan te
Na dnu srca šta san šakon
Stiska, samo za tebe
Zadnje zrno simena
Od mojega imena
Čuvaš ono od vitra
I od vrimena
Jer si moja sudbina
Jer si moja sudbina","Step into my dream tonight
Into my secret halfworld
I have nothing to give you
Maybe I can give you a flower. And two tears you bring for dowry will
Tear me down
One for poverty
Second one for beauty. Step into my dream tonight
I have nothing to give to you
And I am ashamed for life
That brought me in front of a wall. My biggest worry,
Hidden in my eye
My earth is hard
The sky is high. [Refrain]
I keep you
At the bottom of my heart which I squeezed
With my fist, just for you
The last grain of seed
Of my name
You keep from the wind
And from the time
Because you are my destiny
Because you are my destiny",https://lyricstranslate.com/en/dodi-nocas-u-moj-san-step-my-dream-tonight.html,,,,,,,,,
12,hcEyZCpA_1_12,Dalmatino,Dalmatino,Dvi sestre blizanke,32038,"Ti zazeli zelju, moja jedina
dok se svitnjaci sa neba gase
 u moru kraj nas 
a dvi najlipse zvizde
 ka' dvi sestre blizanke 
Bog je svojon rukon izabra  
i zadija za pas 
svojon rukon skinija
 pa ji' zadija za pas 
jer je, zlato moje, ponosan na nas 
 
Kad dva bila konja krenu lagano u kas 
nek' nan vile nocas budu svati
 na ledini kraj nas 
hej, sirota moja, praznih ruku dolazin 
da mi srce dades, da te zaprosin 
jer vise vridi dobar glas
 nego drugoj svilen pas 
hej, sirota moja, nego svilen pas

Ref.
Potirat cu konje bile
 nek' polete ka' dvi strile 
neka lete ka dvi tice
 priko mora do ravnice 
nek' ji' nose noge tanke 

Sviraj vitre, zlatne zice
za dvi sestre lipotice
obe lipe ka' iz bajke 
rodene od iste majke 
za dvi sestre, sestre blizanke 

Ref.","https://tekstovi.net/2,726,33253.html",Ivo Jagnjić,Dvi sestre blizanke,Two twin sisters,,"Ti zaželi želju, moja jedina,
1
dok se svitnjaci sa neba gase u moru kraj nas,
a dvi najlipše zvizde ka' dvi sestre blizanke
Bog je svojon rukon izabra i zadija za pas.
Svojon rukon skinija pa ji' zadija za pas,
jer je, zlato moje, ponosan na nas.. Kad dva bila konja krenu lagano u kas
nek' nan vile noćas budu svati na ledini kraj nas,
hej, sirota moja, praznih ruku dolazin,
da mi srce dadeš, da te zaprosin;
jer više vridi dobar glas, nego drugoj svilen pas,
hej, sirota moja, nego svilen pas.. Potirat ću konje bile, nek' polete ka' dvi strile;
neka lete ka dvi tice, priko mora do ravnice
nek' ji' nose noge tanke.... Sviraj vitre, zlatne žice,
za dvi sestre lipotice...
Obe lipe ka' iz bajke,
rođene od iste majke;
za dvi sestre, sestre blizanke.... Kad dva bila konja krenu lagano u kas
nek' nan vile noćas budu svati na ledini kraj nas,
hej, sirota moja, praznih ruku dolazin,
da mi srce dadeš, da te zaprosin;
jer više vridi dobar glas, nego drugoj svilen pas,
hej, sirota moja, nego svilen pas.. Potirat ću konje bile, nek' polete ka' dvi strile;
neka lete ka dvi tice, priko mora do ravnice
nek' ji' nose noge tanke.... Sviraj vitre, zlatne žice,
za dvi sestre lipotice...
Obe lipe ka' iz bajke,
rođene od iste majke;
za dvi sestre, sestre blizanke...
Obe lipe ka' iz bajke,
rođene od iste majke,
za dvi sestre, sestre blizanke...","Make a wish, my only one
While the candlesticks from the sky are extinguishing in the sea by us
And two most beautiful stars, like two twin sisters
God picked by his hand for us and attached on the belt
By his hand took down for us and attached on the belt
because, my treasure he was proud of us. When two white horses go slowly in the trot
let the faires be tonight our wedding guests on the meadow by us
hey my poor woman, I'm coming with empty hands
for you to give me your heart, to propose you
Because good reputation is more valuable than other's silken belt
hey my poor woman, more valuable than silken belt. I'll chase white horses, to fly away like two arrows
let them fly like two birds, across the sea, across the plain
let the thin legs carry them.... Oh wind, play on the golden strings
For two beautiful sisters
Both beautiful like from fairy tale
Born of the same mother
for two sisters, twin sisters. When two white horses go slowly in the trot
let the faires be tonight our wedding guests on the meadow by us
hey my poor woman, I'm coming with empty hands
for you to give me your heart, to propose you
Because good reputation is more valuable than other's silken belt
hey my poor woman, more valuable than silken belt. I'll chase white horses, to fly away like two arrows
let them fly like two birds, across the sea, across the plain
let the thin legs carry them.... Oh wind, play on the golden strings
For two beautiful sisters
Both beautiful like from fairy tale
Born of the same mother
for two sisters, twin sisters
Both beautiful like from fairy tale
Born of the same mother
for two sisters, twin sisters.",https://lyricstranslate.com/en/dvi-sestre-blizanke-two-twin-sisters.html,,,,['Dalmatino'],https://diskografija.com/pjesma/dvi-sestre-blizanke-14032.htm,Dvi sestre blizanke,,,
13,hcEyZCpA_1_13,Dalmatino,Dalmatino,Feta zute narance,42176,"Cili zivot ja o tebi sanjan
svaku dugu noc dok
veli varos ka i dite spi
i na vrata svoga srca krakun stavjan
oni tren kada na njih udjes ti

I da zaliva nas ka dva ritka cvita
ovi dazd iz Bozjeg oka sta jos pada i
jos nije prista, znas da za me
bija bi smak svita da mi nisi dosla
da ne postojis
 
Ref.
Dajen, dajen se u tvoje ruke
svoje ime svoje prezime
jer jubav je ka feta od narance zute
nema nista lipse nego okusit se nje

Ka tiramol izmedju dva zida
ja za jubav blizu srcu san 
se veza i njoj san se prida
jer nije more mastil vode slane
ne mogu se nosit sa njin

Ref. 2x","https://tekstovi.net/2,726,29940.html",Ivo Jagnjić,Feta žute naranče,A slice of yellow orange,,"Cili život ja o tebi sanjan
1
Svaku dugu noć dok
Veli varoš ka i dite spi
I na vrata svoga srca krakun stavjan
Oni tren kada na njih uđeš ti. I da zaliva nas ka dva ritka cvita
Ovi dažd iz Božjeg oka šta još pada i
Još nije prista, znaš da za me
Bija bi smak svita da mi nisi došla
Da ne postojiš. Dajen, dajen se u tvoje ruke
Svoje ime svoje prezime
Jer jubav je ka feta od naranče žute
Nema ništa lipše nego okusit se nje. Ka tiramol između dva zida
Ja za jubav blizu srcu san
Se veza i njoj san se prida
Jer nije more mastil vode slane
Ne mogu se nosit sa njin. Dajen, dajen se u tvoje ruke
Svoje ime svoje prezime
Jer jubav je ka feta od naranče žute
Nema ništa lipše nego okusit se nje. Dajen, dajen se u tvoje ruke
Svoje ime svoje prezime
Jer jubav je ka feta od naranče žute
Nema ništa lipše nego okusit se nje
Nema ništa lipše nego okusit se nje
Nema ništa lipše nego okusit se nje.","Whole my life I dream about you
every long night while
whole city sleeps like a child
and on doors of my heart I put shutter
At the moment you come on them. And that it's watering us like two rare flowers
this rain from God's eye that's falling and
hasn't stopped yet you know that for me
would be end of the world if you didn't come
if you don't exist. I give, give myself in your hands
my name, my last name
because love is like a slice of yellow orange
there's nothing more beutiful
than taste her. Like a clothes line between two walls
I attached to love near heart and give in to her
because sea isn't pail full of salt water
I can't beat him. I give, give myself in your hands
my name, my last name
because love is like a slice of yellow orange
there's nothing more beutiful
than taste her.",https://lyricstranslate.com/en/feta-%C5%BEute-naran%C4%8De-slice-yellow-orange.html,,,,['Dalmatino'],https://diskografija.com/pjesma/feta-zute-narance-14034.htm,Feta žute naranče,,,
14,hcEyZCpA_1_14,Dalmatino,Dalmatino,Gospe od cukra,31459,"Prati me doma 
moj prijatelj misec
od sponde do sponde
 on ide ka' i ja
kroz kalete tisne
 stize nas zora
gleda nas vake 
i puca od smija
 
Caklu se oci 
ka Grgurov palac
dok libar cita 
on prstom mi priti
ka Gospe od cukra 
na ponistri stojis
al' nista lipo nes
 kazat mi ni ti

A prida te triba
 stat i lagat
nesto pametno 
rec ka iz topa
i u ovi gluvi sat
 jezikon ne zaplicat
jer da me procita 
u zemlju bi propa

Ref.
Korak po korak
 skala po skala
ja sam covik sta 
stoji ka svica drito
a jedina, jedna 
gruba ric da je pala
covik ka ja ne mirita to

Ref. 3x","https://tekstovi.net/2,726,29604.html",,,,,,,,['Ivo Jagnjić'],['Ivo Jagnjić'],"['Ivo Jagnjić', 'Zdravko Sunara']",['Dalmatino'],https://diskografija.com/pjesma/gospe-od-cukra-9194.htm,Gospe od cukra,2006 - Hrvatski Radijski Festival 2006,2006 - Hrvatski Radijski Festival 2006 - 24 najbolja,2009 - Lipa rič
15,hcEyZCpA_1_15,Dalmatino,Dalmatino,Grana od smokve,18960,"Boze, zna li covjek doc
do nebeskih livada
da bi rukom taka
onu sta mu pripada

I ko zna po koji put
triba pribrat krunicu
da mi dade sina dva
i kcer mezimicu
 
Tu noc mlad sam misec
umia u vinu i ka otac sinu
kaza mi je put do njih

Ispod zute svitlosti
ja sam shvatia
gdi je prava staza
di je slipa ulica

Svako zrno pameti skupo platia
i da smijeh i suza
nisu brat i sestrica
tu noc ljubav usla je na mala vrata
i punu vricu zlata prosula pridam

Ref.
Sad znam to mi dolazis ti
slutim tvoj glas tvoje korake
priko prasine i lokve
spreman sam za te umrit
slomit se ka suva grana od smokve

Ref. 2x","https://tekstovi.net/2,726,29668.html",,,,,,,,,,,,,,,,
16,hcEyZCpA_1_16,Dalmatino,Dalmatino,Grdelin,36441,"Ja san cacin grdelin
peto dite, prvi sin
u celo me je jubija
bilin vinom me krstija

Kad me s dlana pustija
visoko san poletija
u daleki i tudji svit
nasa zenu lipu ko cvit
 
Ref.
More, more duboko, dabogda presusilo
ja san ga priletija, skoro me ugusilo
i svaki put kad val me trisne
moje srce za njon vrisne
ka i grana masline kad je bura osine
ja jos cujen one ricicacine

Sine moj, rece on
nije zivot prista s njon
ti nemas puno vrimena
uzmi zenu s naseg kamena

U prolice san prosija, u lito se ozenija
do zime san uvenija
nisan je nimalo volija
more, more duboko

Ref.

Rodila je sina dva
ka dva lipa sokola
i radija san kao crv
ka za svoju dicu, svoju krv

Pantin njenu zadnju ric
Bog me zove, moran ic
i suze tri je pustila
za tri tica sta je jubila

Ref.","https://tekstovi.net/2,726,12767.html",Ivo Jagnjić,Grdelin,Goldfinch,Cukar i sol,"Ja san ćaćin grdelin,
1
Peto dite, prvi sin.
U čelo me je jubija,
Bilin vinom me je krstija.. Kad me s dlana pustija
Visoko san poletija
U daleki i tuđi svit
Naša ženu lipu kako cvit. ---Refren---
More, more duboko, dabogda prisušilo
Ja san ga priletija, skoro me ugušilo
I svaki put kad val me trisne,
Moje srce za njom vrisne
Ka i grana masline kad je bura ošine
Ja još čujen one riči ćaćine.... „Sine moj"" reče on
„Nije život prista s njom
Ti nemaš puno vrimena,
Uzmi ženu s našeg kamena"". U proliće san prosija
U lito se oženija
Do zime san uvenija
Nisan je nimalo volija. ---Refren---. Rodila je sina dva
Ka dva lipa sokola
I radija san kako crv
Ka za svoju dicu, svoju krv. Pantin njenu zadnju rič
„Bog me zove, moran ić""
I suze tri je pustila,
Za tri tića ča je jubila. ---Refren---. Ja san ćaćin grdelin...","I am my father’s goldfinch
Fifth child, first son
He used to kiss me on the forehead
He baptized me with white wine. When he let me fly from his palm
I flew high
To a distant and alien world
I found a wife as beautiful as a flower. ---Refrain---
May the deep sea dry out
I flew across it, it nearly suffocated me
And each time a wave hits me
My heart lets out a scream for her
Like an olive branch in a gust of bora
I can still hear my father’s words.... ""My son"" he said
""Life didn't end with her
You do not have a lot of time
Find yourself a wife from our land"". I proposed in spring
Got married in summer
By winter I was dried out
I did not love her at all. ---Refrain---. She gave birth to two sons
Like two beautiful falcons
And I worked as hard as a worm
As for my children, my bloodline. I remember her last words
""God is calling me, I must go""
And she let out three tears
For the three birds she loved. ---Refrain---. I am my father’s goldfinch",https://lyricstranslate.com/en/grdelin-goldfinch.html,['Ivo Jagnjić'],['Ivo Jagnjić'],['Mladen Magud'],['Dalmatino'],https://diskografija.com/pjesma/grdelin-290.htm,Grdelin,,,
17,hcEyZCpA_1_17,Dalmatino,Dalmatino,Je li to grijota,15623,"S dvi live noge
opet odlazin na put
tu me ceka pustos cila
priko kamena i driva
nosim ti komadic srca
a mozda za me nemos cut
 
A je li to grijota
 da ja rukom sicem mrak
ka posadom komad kruva
od tri dana tvrda suva 
da bi isprid tebe dosa
i sam sebi ispa jak

Ref.
Na dar ja ti donosim ric
da na usnama svitluca
a kazat je ne mogu stic
jer za to niman srca

A je li to grijota da
ljubav se provuca a 
da se ne prova

A je li to grijota
ka simija hodit bos
po zvizdanu do tvog srca
a za uzvrat dobit nista
svako normalan bi zato
do poda obisija nos

Ref.","https://tekstovi.net/2,726,32829.html",,Jel to grijota,Is that a sin?,Dobro jutro,"Jel to grijota. S dvi live noge
opet odlazin na put
tu me čeka pustoš cila
priko kamena i driva
nosin ti komadić srca
a možda za me nemoš čuti. a jeli to grijota
da ja rukom šišem mrak
ka pošadom komad kruva
od tri dana tvrda, suva
da bi isprid tebe doša
i sam sebi ispa jak. kao dar ja ti donosim rič
da na usnama svitluca
a kazat je nemogu stić
jer zato nimam srca. a jeli to grijota
da jubav se provuca
a da se neprova. a jeli to grijota
ja živin ovdi bos
po zvizdanu do tvog srca
a za uzvrat dobit ništa
svatko normalno bi zato
do poda obisija nos. kao dar ja ti donosim rič
da na usnama svitluca
a kazat je nemogu stić
jer zato nimam srca. a jeli to grijota
da jubav se provuca
a da se neprova","Is that a sin?. With two left legs
i'm going for a trip
wasteland is waiting for me
over the stones and woods
i carry a piece of my heart for you
and maybe you cannot hear about me. Is that a sin
that my hand suck darkness
like knife a piece of bread
three days old and dry
just to come in front of you
and be a hero to myself. I'm bringing you a word like a gift
to shine on your lips
and i don't have any time to say it
cause i don't have any heart. Is that a sin
that love goes by
without trying it. Is that a sin
i live barefoot here
but i will go barefoot trought the fire to get your heart
and i will get nothing in return
anybody will normally be sad about it. I'm bringing you a word like a gift
to shine on your lips
and i don't have any time to say it
cause i don't have any heart. Is that a sin
that love goes by
without trying it",https://lyricstranslate.com/en/jel-grijota-sin.html,,,,,,,,,
18,hcEyZCpA_1_18,Dalmatino,Dalmatino,Jedina ljubav,185570,"Ti si zelja moga sna
tvoja ljubav opija
svijeca gori u meni
sto upalila si ti

Vjeruj meni kad ti kazem
da si samo za mene
 
Ref.
Sve sto imam u dusi i srcu ti dam
jer za me si ti sudjena
neka iskreno pjevaju andjeli sad
jer zauvijek ces bit' jedina ljubav

Mislim samo na tebe
i na rijeci ljubavne
poznas mi u ocima
da si meni najdraza

Ref.

Kad te sretnu teske tuge
znaj da uvijek bit cu tu
kad me lome, nek' me slome
tebe nek' ne diraju

I za zivot kraj tebe 
sad spreman sam ja
nek' nas radost nosi u raj
ako treba cu dat' 
zadnji kap ljubavi
samo nikad ne zaboravi

Ref. 2x","https://tekstovi.net/2,726,29471.html",,Jedina Ljubav,The Only Love,,"Ti si želja moga sna, tvoja ljubav opija
Svijeća gori u meni, što upalila si ti
Vjeruj meni, kad ti kažem
Da si samo za mene. Sve što imam u duši
I srcu ti dam
Jer za me si ti suđena
Neka iskreno pjevaju
Anđeli sad
Jer za uvijek ćeš bit jedina
[ljubav]. Mislim samo na tebe, i na riječi ljubavne
Poznaš mi u očima da si meni najdraža
Vjeruj meni kad ti kažem
Da si samo za mene. Kad te sretnu, teške tuge
Znaj da uvijek bit ću tu
Kad me lome, nek me slome
Tebe nek ne diraju. I za život kraj tebe, sad spreman sam ja
Nek nas radost nosi u raj
Ako trebam ću dat zadnji kap ljubavi
Samo nikad ne zaboravi. Sve što imam u duši
I srcu ti dam
Jer za me si ti suđena
Neka iskreno pjevaju
Anđeli sad
Jer za uvijek ćeš bit jedina. Sve što imam u duši
I srcu ti dam
Jer za me si ti suđena
Neka iskreno pjevaju
Anđeli sad
Jer za uvijek ćeš bit jedina
[ljubav]","You're my dream's desire, your love is intoxicating
The candle is burning inside me, the one that you lit
Believe me when I tell you
That you are only for me. Everything I have in my soul
and in my heart, I'm giving it to you
Because you were destined to me
Let the angels now sing truthfully
Because you will always be the only one
[love]. I'm thinking only about you, and about the love words
You can see in my eyes that you are dearest to me
Believe me when I tell you
That you are only for me. When heavy sorrows meet you
You should know that I will always be here
When they are breaking me, they may break me
as long as they don't touch you. And for a life beside you, I am ready now
Let joy take us to heaven
If I have to I will give the last drop of love
Just don't ever forget. Everything I have in my soul
and in my heart, I'm giving it to you
Because you were destined to me
Let the angels now sing truthfully
Because you will always be the only one. Everything I have in my soul
and in my heart, I'm giving it to you
Because you were destined to me
Let the angels now sing truthfully
Because you will always be the only one
[love]",https://lyricstranslate.com/en/jedina-ljubav-Only-Love.html,,,,,,,,,
19,hcEyZCpA_1_19,Dalmatino,Dalmatino,Jematva,11435,"Jematva je dosla otvorena srca
s osmijehom na licu od uha do uha
za jubav moju prosula sve boje
a u mome srcu nigdi ziva duha

Nek ti moje ruke ostanu u kosi
dok prilije vino demijane i banje
nek jubi te zima i nek ti bude zena
kad u snu mi prite njene rice zadnje
 
Ref. 2x
I satrat ce me more i sol
i kriz sta nosin na kostima
na tvoju nevoju ja osta sam gluh
i pravu jubav nisan pripozna

Ostat ce bez rici kalete na kisi
na moru tisine gajeta i covik
ca podize mrize od lazine pune
jer jubav je slipa i uvik joj se prisi

Ref. 4x","https://tekstovi.net/2,726,31532.html",,,,,,,,['Ivo Jagnjić'],['Ivo Jagnjić'],['Remi Kazinoti'],['Dalmatino'],https://diskografija.com/pjesma/jematva-277.htm,Jematva,,,
20,hcEyZCpA_1_20,Dalmatino,Dalmatino,Jos jedan put,9373,"Jos jedan put ja pod noge bacam 
zadnje zrno ponosa i mira
I jos cu jedan put progutat grubu ric 
neka bude kako Bog zapovida

Jos jedan put ja pod obe noge 
stavljam stazu sta kraja nema
i jos cu jedan put pamet uvridit 
jos jedan put glavom cu kroz zid
 
Ref. 2x
Bozja suzo sta se cidis
oko s neba ol ne vidis
da san od nje lud i da bi
za nju svoju mladost da

Da je moja radosti i moj smijeh
da bi zivot bija grijeh da je nema

Meni vise nebi triba raj
da bi svitu dosa kraj
i da me nije straj
jos jedan put prigorit sve za jubav

Ref. 2x","https://tekstovi.net/2,726,48193.html",,,,,,,,,,,['Dalmatino'],https://diskografija.com/pjesma/jos-jedan-put-25676.htm,Još jedan put,,,
21,hcEyZCpA_1_21,Dalmatino,Dalmatino,Kisa ce,39955,"Kada nebo pozdravi 
prve boje veceri 
priko zemlje napukle 

Nek ti usne okuse 
baren kaplju ljubavi 
na koju su navikle 
 
Na gustrini ljubavi 
mi smo se nasukali 
skoro zedni ostali

Po zvizdanu i prasini 
predugo smo hodali 
zamalo zalutali 

Ref.
Kisa ce 
cutin je u kostima 
prvi reful juga 
je ka lupez sta na vratima 

Kisa ce 
cutin je u kostima 
prve kapi srice 
nocas bit ce nam u gostima 

Ref. 2x","https://tekstovi.net/2,726,29594.html",,Kiša će,It Will Rain,20 Godina,"Kada nebo pozdravi
Prve boje večeri
Priko zemlje napukle. Nek' ti usne okuse
Baren kaplju ljubavi
Na koju su navikle. Na gustirni ljubavi
Mi smo se nasukali
Skoro žedni ostali. Po zvizdanoj prašini
Predugo smo hodali
Zamalo zalutali. [Pripjev]
Kiša će
Ćutin je u kostima
Prvi reful juga je
Ka lupež sta na vratima
Kiša će
Ćutin je u kostima
Prve kapi sriće
Noćas bit će nam u gostima","When the sky says hello
To the first colors of the evening
Over the cracked land. May your lips taste
At least one drop of love
They're used to. We stranded
On the well of love
Almost stayed thirsty. We walked for too long
Across the stardust
Almost got lost. [Chorus]
It will rain
I feel it in my bones
The first gust of southerly
Stopped in front of the door like a thief
It will rain
I feel it in my bnes
First drops of happiness will be
Our guest for tonight",https://lyricstranslate.com/en/ki%C5%A1a-%C4%87e-it-will-rain.html,['Ivo Jagnjić'],['Ivo Jagnjić'],['Ante Gašpardi'],['Dalmatino'],https://diskografija.com/pjesma/kisa-ce-282.htm,Kiša će,,,
22,hcEyZCpA_1_22,Dalmatino,Dalmatino,Lipa ric,6305,"Dobra vecer, jubavi
jos jedanput dosla si
ka zlatan pelud
sto je s neba na me pa

Pa, u istoj posteji
opet tonemo u san
s jedne strane sanjas ti
a s druge ja
 
S jedne strane sanjas ti 
a s druge ja

Dobra vecer jubavi
jos jedanput dosla si
i s kojin metron opet
mislis mirit svit

Ja ti slipo virujen
predobro te poznajen
ajde, reci sta 
's mi ovi put donit

Ajde, reci mi
 sta ces mi donit

Ref.
Lipa ric, lipa ric
to je sve sta ranjenome srcu triba
lipa ric, jedna lipa ric
i noc bez imena i svitla da nas ziba

Lipa ric, lipa ric
kad u tvome oku vise nema jida
lipa ric, jedna lipa ric
i kad pustis mome oku da te skida

A nije isto 'tit' i moc
triba zaspat ovu noc
jer prid zoru 
dusu stavit cu na stol

I kad zbrojim dva i dva
tvoja jubav mi je potribna
vise ne bi moga podnit takvu bol

Vise ne bi moga proc 
kroz puste kalete o' srca moga

Ref.","https://tekstovi.net/2,726,60355.html",,,,,,,,,,,['Dalmatino'],https://diskografija.com/pjesma/lipa-ric-14031.htm,Lipa rič,,,
23,hcEyZCpA_1_23,Dalmatino,Dalmatino,Ljubin ti ruku,4930,"Da me pocasti nebo zenom kao ti
i u mokroj kosi zamrsi
dugin crvenin noktima
ja bi muca ka riba
jel mi ovo potriba
drzat se za zmul ka redikul 
 
Kako to objasnit ljudima
da san mis u njenim zubima
jer kad te uzme u djir 
ova zvir uzme pamet i dusu 
a zove se ljubav

Ref.
Ljubin ti ruku 
ljubin na usnama ric
jerbo nevolju cutin po zvuku
nece ni nas zaobic

I kad pristanu vitri sta pusu
do tvojih vrata cu ljubav prostrit 
ti priseli se u moju dusu
tu ces zauvik sigurna bit

Ref.","https://tekstovi.net/2,726,59301.html",,Ljubin ti ruku,I Kiss Your Hand,,"Da me počasti nebo ženom kao ti
i u mokroj kosi zamrsi
dugin crvenin noktima
ja bi muča ka riba
jel mi ovo potriba
držat se za žmul ka redikul. Kako to objasnit ljudima
da san miš u njenim zubima
jer kad te uzme u đir
ova zvir uzme pamet i dušu
a zove se ljubav. [Refren]
Ljubin ti ruku
ljubin na usnama rič
jerbo nevolju ćutin po zvuku
neće ni nas zaobić. I kad pristanu vitri šta pušu
do tvojih vrata ću ljubav prostrit
ti priseli se u moju dušu
tu ćeš zauvik sigurna bit. [Refren]
Ljubin ti ruku
ljubin na usnama rič
jerbo nevolju ćutin po zvuku
neće ni nas zaobić","If heaven would treat me with a woman like you
And to ravel wet hair
With long red nails
I would be silent like a fish
Is this necessary for me
To hold my vine glass like a clown?. How to explain that to people
That I am mouse in her mouth
Cause when it takes you for a ride
This beast takes your mind and soul
And it is called love. [Refrain]
I kiss your hand
I kiss the word from your mouth
Cause I sense trouble by the sound of it
It will not pass us by. And when the winds that blow stop
I will spread love to your door
You move into my soul
You will be safe there forever. [Refrain]
I kiss your hand
I kiss the word from your mouth
Cause I sense trouble by the sound of it
It will not pass us by",https://lyricstranslate.com/en/ljubin-ti-ruku-i-kiss-your-hand.html,,,,,,,,,
24,hcEyZCpA_1_24,Dalmatino,Dalmatino,Lozje,35939,"Vitar nosi lozje tu prid nasin vratima
i pokrije staze kozje ca san obasa
ja san isa duzin puten da bi pronasa
srce puno jubavi ca si za me cuvala

Vitar nosi lozje tu prid nasin vratima
nosi rici kazne Bozje ca me dopala
kraj komina ti si lipo dite zibala
ime oca mojega njemu nadila
 
Ref.
Dodji i oprosti mi sve
sta bi ja bez tebe
i ko bi meni ruku da
dodji i oprosti mi sve
tebe san trazija
a ti si cili zivot bila uz mene

Vitar nosi lozje tu prid nasin vratima
ja san dosa iz daleka, isa satima
jedan zuti list od loze nogon zgazija
ja san glavu pognija, jerbo san se sramija
","https://tekstovi.net/2,726,12764.html",Ivo Jagnjić,Lozje,Vines,Cukar I Sol,"Vitar nosi lozje tu prid našin vratima
1
I pokrije staze kozje ča san obaša
Ja san iša dužin puten da bi pronaša
Srce puno jubavi ča si za me ćuvala
Vitar nosi lozje tu prid našin vratima
Nosi rići kazne božje ča me dopala
Kraj komina ti si lipo dite zibala
Ime oca mojega njemu nadila. Dođi,
I oprosti mi sve
Šta bi ja bez tebe
I ko bi meni ruku da
Dođi,
I oprosti mi sve
Tebe san tražija
A ti si cili život bila uz mene. Vitar nosi lozje tu prid našin vratima
Ja san doša iz daleka, iša satima
Jedan žuti list od loze nogon zgazija
Ja san glavu pognija, jerbo san se sramija. Dođi,
I oprosti mi sve
Šta bi ja bez tebe
I ko bi meni ruku da
Dođi,
I oprosti mi sve
Tebe san tražija
A ti si cili život bila uz mene. Dođi,
I oprosti mi sve
Šta bi ja bez tebe
I ko bi meni ruku da
Dođi,
I oprosti mi sve
Tebe san tražija
A ti si cili život bila uz mene. Ti si cili život bila uz mene","The wind carries vines here to our door
And covers the trails of the goats that I led
I came a long way to be found
With a heart full of love you cared for me
The wind carries vines here to our door
It carries words of God's punishments because of what happened
By the chimney you are rocking a beautiful child
You gave him my father's name. Come,
And forgive me for everything
What would I be without you
And who would give me their hand (in marriage)
Come,
And forgive me for everything
I was searching for someone like you
But you've been right beside me my whole life. The wind carries vines here to our door
I came from far, more than an hour away
A yellow leaf on the vine is trampled
I lost my head, and I am ashamed. Come,
And forgive me for everything
What would I be without you
And who would give me their hand
Come,
And forgive me for everything
I was searching for someone like you
But you've been right beside me my whole life. Come,
And forgive me for everything
What would I be without you
And who would give me their hand
Come,
And forgive me for everything
I was searching for someone like you
But you've been right here my whole life. My whole life you've been with me",https://lyricstranslate.com/en/lozje-vines.html,['Ivo Jagnjić'],['Ivo Jagnjić'],['Mladen Magud'],['Dalmatino'],https://diskografija.com/pjesma/lozje-288.htm,Lozje,,,
25,hcEyZCpA_1_25,Dalmatino,Dalmatino,Mendula na cesti,11246,"Cekat ce me nocas sudbina na cesti
ka divojka mlada sva u bilo obucena
u dubokoj noci pripast ce me rici
ja slutila sam jednom opet cu te sresti

I opet ce jubav na kolina pasti
kupina i trnje u srce ce bosti
i kazat ce zena lipa ka u prici
ja tri zivota cekan na ono oprosti
 
Ref.
Svirat ce nam zlatne strune misecine
a bura u poju vincanicu ce plesti
prid zoru ce sunce sapniti iz daljine
da je moja mlada mendula na cesti

Poletit ce zorom sedam galebova
sedam galebova za svih sedam grija
prema mojoj kuci ca jos nima krova 
covika i zene i dicjega smija

Ref. 2x","https://tekstovi.net/2,726,31519.html",,Mendula na cesti,An almond on the road,,"Čekat će me noćas sudbina na cesti
Ka divojka mlada, sva u bilo obučena
U dubokoj noći pripast će me riči
Ja slutila san jednom da opet ću te sresti.. I opet će jubav na kolina pasti
Kupina i trnje u srce će bosti
I kazat će žena, lipa ka u priči
Ja tri života čekan na ono ""oprosti"".. ---Refren--- (2x)
Svirat će nan zlatne strune misečine
A bura u poju vinčanicu će plesti
Prid zoru će sunce šapnit iz daljine
Da je moja mlada mendula na cesti.. Poletit će zoron sedam galebova
Sedam galebova, za svij sedam grija
Prema mojoj kući ča još nima krova,
Čovika i žene, i dičjega smija. ---Refren--- (2x)","Destiny shall wait for me on the road tonight
Like a young girl, dressed all in white
In the depth of the night, words shall scare me
""I felt that I will meet you once again."". And love shall again fall to its knees
The blackberry and the thorns shall stab into the heart
And the woman, beautiful as a rose, shall say
For an eternity I've been waiting just to hear a ""sorry"".. ---Refrain--- (2x)
The golden strings of moonlight shall play for us
And the singing bora shall knit you a wedding dress
At dawn the sun will whisper from the disance
That my bride is an almond on the road.. Seven seagulls shall rise with the dawn
Seven seagulls, for the seven sins
Towards my house, still without a roof
A man, a woman, and children's laughter.. ---Refrain--- (2x)",https://lyricstranslate.com/en/mendula-na-cesti-almond-road.html,['Ivo Jagnjić'],['Ivo Jagnjić'],"['Ivo Jagnjić', 'Zdravko Sunara', 'Mladen Magud', 'Ante Gašpardi', 'Renato Švorinić']",['Dalmatino'],https://diskografija.com/pjesma/mendula-na-cesti-281.htm,Mendula na cesti,,,
26,hcEyZCpA_1_26,Dalmatino,Dalmatino,Mlad i lud,5912,"Kada svojim putem krenes
kad si mlad i lud 
kroz dolinu suza i
srce se trese ka prut

Kad ti tonu ladje i
kad ne znas di i kud
znam di je slamka spasa
di je na pucini sprud 
 
Umisto suzama
crvenim ruzama
nebo nek' pospe taj put 

Kupi me osmjehom
zavedi korakom zenskim
me baci prid skut

Ref.
I za svaku tvoju suzu
i na tvome srcu friz
ne stavljaj me isprid zida
i na moje ime kriz

Nazdravljam ti ljubav s nogu
castin sjaj u oku tvom
slavim ime dragom Bogu
tvoj je osmijeh meni dom

Ref. 2x","https://tekstovi.net/2,726,48194.html",,,,,,,,,,,,,,,,
27,hcEyZCpA_1_27,Dalmatino,Dalmatino,Mlado lito,7865,"Dobra vecer mlado lito 
di si dosad ti
 kao tajno mobavito 
vijest mi donosis

Da priko praga njenog
 necu lako uc 
 vrata su mi zatvorena 
izgubia san kljuc 
 
Priko praga njenog srca 
vise necu proc 
vrata su mi zatvorena
 a vanka je noc 

Zimska je noc ladna 
vatan se za put 
a misec zut se sakrija za brig 
i pa je snig

  Ref.
Ja postole neman zimske 
al' se ne bojin staze skliske  
jer po njoj mi zlato moje tebi vaja poc
da ti daden dar od srca kazen laku noc

Ti ne budi ka i stina 
 kad te prene glas s visina 
to andjeli zlato moje tebi sapcu 
 da ti sritno mlado lito draga zelin ja 

               Ref.","https://tekstovi.net/2,726,47751.html",,,,,,,,,,,['Dalmatino'],https://diskografija.com/pjesma/mlado-lito-25020.htm,Mlado lito,,,
28,hcEyZCpA_1_28,Dalmatino,Dalmatino,Moj dom,18033,"Za jubav se borit
vaja sebe prigorit
i ka sivi sokol imat ostar vid

Jer sta Bog da mi na dar
necu sasut u papar
i ka mladi brsljan, penjem se na zid
 
Svojim cu rukama stvorit
i necu razorit
i na oltar svoju zakletvu prostrit

Da cu te nosit ka znamen
i to ti je amen
i za tvoju jubav bit cu zivi stit

I kad procvitaju zvizde sta sa neba se plave
s juga cut ces galeba krik
najlipse rici na svitu se na usnama gnjizde
jubav moja te ceka naprid

Ref.
I sva moja jidra potuc ce se s vitron
jer ovi put sam spreman poginit za ric
na dno tvoga srca bacan zlatno sidro
to je moja kuca, iz nje necu nigdi ic

Na jarbolu mome svitli tvoje ime
ka luc iz Bozjeg oka, ja ponosim se s njim
jer suza radosnica poput mora je duboka
to je moj dom, iz njeg necu nigdi ic

I kad procvitaju zvizde sta sa neba se plave
a nad moren se rasprsne noc
i ova velika jubav neka dode me glave
zovi, samo zovi, i ja cu doc

Ref. 2x","https://tekstovi.net/2,726,34219.html",,,,,,,,,,,,,,,,
29,hcEyZCpA_1_29,Dalmatino,Dalmatino,Moja Jube,61638,"Poljubit cu ruku onoj koja rece da
da ce moje ime stavit kraj svog imena
i da je nije straj ka' sirota stat na hrid
i ovog divljeg juga koje lupa skurama u zid

Pozlatit cu rici onoj koja rece da
tri kantuna kuce drzat ce u rukama
i jubit svoga covika na toj tvrdoj stini
ka' zapovid Bozju gori u visini
 
Ref.
Moja jube, moja jube
fala Bogu sta je da
da nas jubi sudbina
i sta nam je bila mater a ne maceha

Moja jube, moja jube
fala Bogu sta je da
da se ljubav nastavja
tamo di se grle andjeli sa ljudima

Poljubit cu usne onoj koja rece da
misto brige ja ti nosin sjaj u ocima
neka svaku grubu ric ladna bura rasprsi
jer zivot pocne s bolom s bolom se i zavrsi

Ref.","https://tekstovi.net/2,726,29748.html",Ivo Jagnjić,Moja jube,My love,Lipa rič,"Poljubit ću ruku onoj koja reče da
1
Da će moje ime stavit kraj svog imena
I da je nije straj ka´ sirota stat na hrid
I ovog divljeg juga koje lupa škurama u zid. Pozlatit ću riči onoj koja reče da
tri kantuna kuće držat će u rukama
I jubit svoga čovika na tvrdoj stini
Ka´ zapovid Božju gori na visini. Moja jube, moja jube
Fala Bogu šta je da
Da nas jubi sudbina
I šta nam je bila mater a ne maćeha
Moja jube, moja jube
Fala Bogu šta je da
Da se ljubav nastavja
Tamo di se grle anđeli s ljudima. Poljubit ću usne onoj koja reče da
""Misto brige ja ti nosin sjaj u očima""
Neka svaku grubu rič ladna bura rasprši
Jer život počne s bolom s bolom se i završi. Moja jube, moja jube
Fala Bogu šta je da
Da nas jubi sudbina
I šta nam je bila mater a ne maćeha
Moja jube, moja jube
Fala Bogu šta je da
Da se ljubav nastavja
Tamo di se grle anđeli s ljudima","I'll kiss the hand of the one who says that
that will put my name next to hers
and that she's not scared like blummer to stand on cliff,
and of this wild ""south wind"" that bangs with panes (part of the window) against the wall. I will gild the words to one who says that
three corners of house will hold in her arms (take care of the house)
and kiss her man on the solid cliff
like God's command up there on the heaven. my love, my love
Thank God he gave
that destiny kisses us
And that it(destiny) was our mother, not stepmother
my love, my love
Thank God he gave
that love continues
there where angels hug with people. I'll kiss the lips of the one who says that
""Instead of worry I'm bringing u flare in eyes ""
Let cold blow disperse every harsh word
because life starts with pain and ends with pain. my love, my love
Thank God he gave
that destiny kisses us
And that it(destiny) was our mother, not stepmother
my love, my love
Thank God he gave
that love continues
there where angels hug with people",https://lyricstranslate.com/en/Moje-Jube-My-love.html,['Ivo Jagnjić'],['Ivo Jagnjić'],['Ante Gašpardi'],['Dalmatino'],https://diskografija.com/pjesma/moja-jube-11841.htm,Moja jube,2007 - Hrvatski Radijski Festival 2007 - Finale,2009 - Lipa rič,
30,hcEyZCpA_1_30,Dalmatino,Dalmatino,Molitva za ribara,14770,"Meni jugo puni jidro 
mene jubi ladna kisa 
ruzina kad izi sidro 
nepitaj me di san isa 

Ja na krmi nosin mrizu 
a na provi galeba 
kletve tvoje sad me stizu 
a nisan to zasluzija 
 
Upalit ce tezaci svicu 
za putnika i ribara 
pomoli se za moju sricu 
sad kad mi je potribna 

Ref.
I kleknit ce mladost moja 
tu prid bili obraz tvoj 
jos jedan put budi plima 
a ja bit cu skoj 

Na srid skala stat ce rici 
kada su od kamena 
jer si skure od svog srca 
za mene zatvorila 

Ref.","https://tekstovi.net/2,726,29735.html",,Molitva za Ribara,Prayer for the fisherman,Dobro jutro,"Meni jugo puni jidro
mene jubi ladna kiša
ruzina kad izi sidro
ne pitaj me di san iša. ja na krvi nosin mrižu
a na provi galeba
kletve tvoje sad me stižu
a nisan to zaslužija. upalit će težaci sviću
za putnika i ribara
pomoli se za moju sriću
sad kad mi je potribna. i kleknit će mladost moja
tu prid bili obraz tvoj
još jedanput budi plima
a ja bit ću škoj. nasrid skala stat će riči
ka da su od kamena
jer si škure od svog srca
za mene zatvorila. meni jugo puni jidro
mene jubi ladna kiša
ruzina kad izi sidro
nepitaj me di san iša. ja na krvi nosin mrižu
a na provi galeba
kletve tvoje sad me stižu
a nisan to zaslužija. upali će težaci sviću
za putnika i ribara
pomoli se za moju sriću
sad kad mi je potribna","Southern wind fills up my sail
Cold rain kisses me
When rust ate out the anchor,
Don't ask me where did I go. I carry the driftnet in my blood
And a seagull on the front of my ship
Your curses are reaching me now
And I didn't deserve it. The farmers will light up a candle
For the traveler and the fisherman
Please, pray for my luck
Now that I need it. And my youth will kneel down
Here, in front of your white cheek
Be another high tide
And I'll be the mole. Words will stop in the middle of the stairs
Like they are made of stone
Because the windows of your heart
Are closed for me. Southern wind fills up my sail
Cold rain kisses me
When rust ate out the anchor,
Don't ask me where did I go. I carry the driftnet in my blood
And a seagull on the front of my ship
Your curses are reaching me now
And I didn't deserve it. The farmers will light up a candle
For the traveler and the fisherman
Please, pray for my luck
Now that I need it",https://lyricstranslate.com/en/molitva-za-ribara-prayer-fisherman.html,['Ivo Jagnjić'],['Ivo Jagnjić'],['Vedran Ostojić'],['Dalmatino'],https://diskografija.com/pjesma/molitva-za-ribara-278.htm,Molitva za ribara,,,
31,hcEyZCpA_1_31,Dalmatino,Dalmatino,Moran biti jak,23308,"Ako ikad privalis priko usana ric za 
jubav koja vise nema ime
to je ono cega ja najvise se bojin
da ne ostanen ka kolona bez cime
i kad me zadnji put ka suzu potiras
grube beside kad prikinu mi dah
i nema nacina da pomirin se s time
da san vako osta sam ka pas
zoven te, a puka mi je glas
 
Ref.
Sad znan da jubav nista ne vridi
srcem kad na nju san isa uvik bi pa
i da provon bi puka o hridi
koje podlo je sakrila magla 
ledena kisa i mrak
a moran biti jak

Di god kad san sam, povirin u spomenar
a nije bas da dicin se sa njime
jerbo tuce me ka bic svaka slika oli ric
sta je predugo u srcu podstanar

I nema milosti za jude kao mi
grisne odkada su na svit zinili
ja poklonit cu se Bogu 
ali podic s nogu
da san vako osta sam ka pas
zoven te, a puka mi je glas

Ref.","https://tekstovi.net/2,726,31685.html",,,,,,,,['Ivo Jagnjić'],['Ivo Jagnjić'],['Ante Gašpardi'],['Dalmatino'],https://diskografija.com/pjesma/moran-biti-jak-4440.htm,Moran biti jak,2005 - Hrvatski Radijski Festival 2005,2005 - Hrvatski Radijski Festival 2005 - 24 najbolja,
32,hcEyZCpA_1_32,Dalmatino,Dalmatino,Nevera,7589,"Ric po ric, Boze, sta tu sve stane 
bila goluba dva, sad su dvi bile vrane
stakleni misec je zaspa u oku 
s tvojin falsin suzama 

I kad nastupi muk i nase ludilio stane 
ka pas podvijen rep i polizen rane 
zora ceka kraj Svetoga Frane
ritam mojih koraka
 
Samo da nadjem postole, pregust je mrak
da bi prisa priko rici sta me bole
da bi pobiga na zrak

Ref. 2x
I da necu ti rec niti rici, dobro me znas
da me nista uvridilo nije ka tvoja laz
da nam je srica zatvorila skure
da nam priti nevera

A nebesa raspara moj krik, volit cu te zauvik

Ref. 2x","https://tekstovi.net/2,726,48201.html",Ivo Jagnjić,Nevera,Sea Storm,,"Rič po rič, Bože, šta tu sve stane
1
bila goluba dva, sad su dvi bile vrane
stakleni misec je zaspa u oku
s tvojin falšin suzama. I kad nastupi muk i naše ludilio stane
ka pas podvijen rep i poližen rane
zora čeka kraj Svetoga Frane
ritam mojih koraka. Samo da nađem postole, pregust je mrak
da bi priša priko riči šta me bole
da bi pobiga na zrak. I da neću ti reč niti riči, dobro me znaš
da me ništa uvridilo nije ka tvoja laž
da nam je srica zatvorila škure
da nam priti nevera. A nebesa raspara moj krik, volit ću te zauvik","Word by word, how many things can be put in there
There used to be two doves, now there are two white crows
Moon made of glass fell asleep in the eye
Together with your false tears. And when silence begins and our madness stops
Like a dog I sit on my tail and lick my wounds
Dawn waits for the rhythm of my steps
By Saint Francis. If I could only find my shoes, the darkness is to thick
For me to be able to forget the words which hurt me
And to go run out to get some air. You know me well, and that I won't say a word
That nothing ever offended me like your lie
That happiness closed it's shutters for us
That a sea storm threatens us. And my cry tears up the sky - I will love you forever",https://lyricstranslate.com/en/nevera-sea-storm.html,,,,['Dalmatino'],https://diskografija.com/pjesma/nevera-25675.htm,Nevera,,,
33,hcEyZCpA_1_33,Dalmatino,Dalmatino,Nocas,55605,"Nocas nek' te osmijeh okiti
nocas cu se tobom opiti
i postelju nam meku u srcu napravi
jer nevera iz daleka
samo na nas ko da ceka
da nas razbije o hridi ljubavi
 
Nocas nek' te osmijeh okiti 
ljubav mi na dlanu ponudi
i uzet cu komadic
nocas necu postiti
jer nevjera je kao jeka
sto se javlja iz daleka
a jednom ce i nas slomiti

Ref.
Nocas, budi san sto oku treba
a ja grom iz vedra neba
ja cu te probuditi
nocas kisa ce ko vino biti
iz iste case cemo piti
nocas cemo skupa umrijeti 

Ref. 2x","https://tekstovi.net/2,726,29473.html",,Noćas,Tonight,,"Noćas nek' te osmijeh okiti
Noćas ću se tobom opiti
I postelju nam meku u srcu napravi
Jer nevera izdaleka
Samo na nas ko' da čeka
Da nas razbije o hridi ljubavi. Noćas nek' te osmijeh okiti
Ljubav mi na dlanu ponudi
I uzet ću komadić
Noćas neću postiti
Jer nevjera je kao jeka
Što se javlja iz daleka
A jednom će i nas slomiti. [Refren]
Noćas budi san što oku treba
A ja, grom iz vedra neba
Ja ću te probuditi
Noćas kiša će ko' vino biti
Iz iste čaše ćemo piti
Noćas ćemo skupa umrijeti","Let a smile embellish you tonight
I will intoxicate myself by you tonight
And make us soft bed inside your heart
Because the storm from far away
Like it only waits for us
To break us on the rocks of love. Let a smile embellish you tonight
Offer me your love on the palm of your hand
And I will take a piece
I will not fast tonight
Because infidelity is like an echo
Heard from distance
And one day it will break. [Chorus]
Tonight, be the sleep necessary for the eye
And I, thunder out of the blue,
I will wake you
Tonight rain will be like vine
We will drink from the same cup
Tonight we will die together",https://lyricstranslate.com/en/no%C4%87as-tonight.html,['Ivo Jagnjić'],['Ivo Jagnjić'],['Silvije Škare Braco'],['Dalmatino'],https://diskografija.com/pjesma/nocas-293.htm,Noćas,,,
34,hcEyZCpA_1_34,Dalmatino,Dalmatino,Osta san duzan,26122,"Sta je ljubav, to zna dragi Bog
uvik mos za svicu dobit rog
latica ruze na zemljanu putu
dvi zenske suze, na muskom kaputu
u nebeskim njedrima grom

I kad je vjecnost i kad je bljesak
kad more je smrvi u zalo i pijesak
ja spreman sam poc' za njom
 
Jer i srica ka' na vitru ric
samo Bog zna, kome ce otic
galeb klikce na ledjima juga
sada si oblak, a bija si duga
ka' da se ruga

Ref.
Ka' duh u magli ja
 hodam kroz tvoje snove
zovem te na sav glas
 i svaki korak moj tezak je ka' kamen

Zurim jer pa' je mrak
 obje ti ruke pruzam
ljubav vracam ti
 sta osta sam duzan

Ref. 2x","https://tekstovi.net/2,726,36573.html",,,,,,,,,,,,,,,,
35,hcEyZCpA_1_35,Dalmatino,Dalmatino,Premalice,10648,"Dugi pogled sta ti ostavljam
na tvom golom ramenu
znan da bit ce uzalud
jer uvik kad mi usne utrnu
gruba ric ili dvi
sa njih isto pobignu
i ko zna koji put
ka iz oblaka, pocima
ova kisa u tvojim ocima
 
I svako ima svoju istinu
svoju pricu recenu
mozda sto i neki put
i ne znan ko je lud ko pametan
al znam da uvik iste rici vrtimo u krug
i ne znam kad ce noc
a kad ce dan
jer srica nas je uzela na zub

Ref.
Ide, ide novo premalice
kako da mu se veselin ja
kako da mi zamirise cvice
marca bura ga je slomila

Ref. 2x","https://tekstovi.net/2,726,31661.html",,,,,,,,,,,['Dalmatino'],https://diskografija.com/pjesma/premalice-14037.htm,Premaliće,,,
36,hcEyZCpA_1_36,Dalmatino,Dalmatino,Prosjak i sin,30658,"Ja san covik s kamena
za mene je tvoja ljubav svetinja
a na oba ramena nosin brime
teska je sirotinja

Za ta tvoja oka dva
ta dva modra jezera
pola svita ja bi da
moja silo necista
 
Ja cu priko Biokove
bosin nogama do tebe doci
sismisa se ja ne bojin
ne plasin se vistica i noci

Ja se bojin samo Boga
sto sa neba gleda nas
da bi po' zivota svoga
samo da ti cujen glas

Ref.
U suknenoj borsi cili je svit
jedno veliko srce a u srcu cvit
moje sunce, moj biser nebeski
tu smo samo ja i ti

U suknenoj borsi cili je svit
jedno veliko srce a u srcu cvit
moje sunce, moj biser nebeski
neka vidi Imotski

Svi me znaju u mom kraju
od Grabovca do Medova Doca
i kad za mnom pasi laju
posteni san sin od svoga oca

Sada ljubav tvoju prosin
tebe nosin na srcu
moja kuca ima mista
u njoj budi nevista

Ref.

Neka vidi Imotski
(6x)","https://tekstovi.net/2,726,25597.html",,,,,,,,['Ivo Jagnjić'],['Ivo Jagnjić'],['Ante Gašpardi'],['Dalmatino'],https://diskografija.com/pjesma/prosjak-i-sin-295.htm,Prosjak i sin,,,
37,hcEyZCpA_1_37,Dalmatino,Dalmatino,Refuzo,31020,"Blago mome oku sta te gleda
ti mi stizes k´o najlipsa vijest
sta nebesa nisu kocka leda
za nas stol ces skupa sa mnon sjest´

Blagoslivjan korak di si prosla
svaku stopu, treptaj oka tvog
fala nebu sta si meni dosla
a priko praga te prinija sam Bog
 
Ref.
Moje sunce, moja bila ruzo
oni sta se vole, znaju to
samo jubav izuva postole
i ka´ rukon skida svaku bol

Moje sunce, moja bila ruzo
oni sta se vole, znaju to
da se jubav ne daje refuzo
i na fete, ne stavja na stol

I kad sunce potone u more
ja mu ne dan da dotakne dno
jer bi more, podivjalo i bisno
srcu mome bilo pretisno

Ref. 2x

Da se jubav ne daje refuzo
i na fete, ne stavja na stol","https://tekstovi.net/2,726,63440.html",,Refužo,Bulk,,"Blago mome oku šta te gleda
Ti mi stižeš k'o najljepša vijest
Šta nebesa nisu kocka leda
Za naš stol ćeš skupa sa mnom sjest.. Blagoslivljan korak di si prošla
Svaku stopu, treptaj oka tvog
Fala nebu šta si meni došla
A priko praga te prinija sam Bog. ---Refren---
Moje sunce, moja bila ružo
Oni šta se vole znaju to
Samo jubav izuva postole
I ka rukon skida svaku bol. Moje sunce, moja bila ružo
Oni šta se vole znaju to
Da se jubav ne daje refužo
I na fete ne stavlja na stol. I kad sunce potone u more
Ja mu ne dan da dotakne dno
Jer bi more, podivjalo i bisno
Srcu mome bilo pretisno. ---Refren---
(solo)
---Refren---","I am lucky to lay my eyes on you
You come to me like good news
That heaven isn't an ice cube (i.e. isn't frozen)
You'll sit at our table together with me. I bless your paths
Each step, each blink of your eye
I thank heavens that you came to me
And God himself has brought you through my door.. ---Chorus---
My dear, my white rose
Those who love each other know
That only love knocks your shoes off
And sweeps all pain away, as if by hand. My dear, my white rose
Those who love each other know
That love isn't given out in bulk
And served in small pieces on a table. And when the sun sinks into the sea
I won't let it touch the bottom
Because the wild and furious sea
Would be too cramped for my heart.. ---Chorus---
(solo)
---Chorus---",https://lyricstranslate.com/en/refuzo-bulk.html,,,,,,,,,
38,hcEyZCpA_1_38,Dalmatino,Dalmatino,Sanjaj,6022,"Sanjaj i usni u mom narucju
sa svecanog oltara neba
skinut cu zvijezdu najljepsu

Otvori teska vrata snova svojih
ja uci cu
dat cu ti pjesmu punu srca
za tvoju ljubav najvecu
 
I dok u tami
zrna tuge blistaju
a crni leptir
spava na tvom ramenu

Ref.
Ja nikada, nikada
 necu priznati ti 
da nekog drugog volis
to ne mogu podnijeti

Al' vjeruj mi
to se mogu zakleti
kad ne posluzis mi ljubav
od stola cu ustati","https://tekstovi.net/2,726,59262.html",,,,,,,,,,,,,,,,
39,hcEyZCpA_1_39,Dalmatino,Dalmatino,Srce od mraza,1017,"Hladne bijele pahulje 
sa neba padaju
tiho, tiho
kao da neku tajnu skrivaju

Dolazim pred Gradska vrata 
da te zaprosim
i na nogama od blata 
srce donosim za Novu Godinu
 
Pratio sam trag u snijegu
sve u jedan dah
poput ratnika u bijegu
osjetio strah

I na kraju dugog puta
zastao na tren
samo da te vidim
da ti ruku dodirnem za Novu Godinu

Ref. 
I kad mjesec iza oblaka
prvu zraku kao zlatan dukat
baci pred tebe
da potjera maglu s prozora
i osvijetli tvoje srce
hladno od mraza
pogledaj me, pogledaj me
ako imas obraza

Doci cu na Badnje vece
da te poljubim
i da ispod tvoga bora
ruzu ostavim

Pratit ce me lavez pasa
kao lopova
ostavit cu te bez glasa
i bez pozdrava
jer, ti volis drugoga

Ref.

Pogledaj me, pogledaj me

Ref.

Pogledaj me, pogledaj me
ako imas obraza","https://tekstovi.net/2,726,63115.html",,,,,,,,['Ivo Jagnjić'],['Ivo Jagnjić'],['Nikša Bratoš'],['Dalmatino'],https://diskografija.com/pjesma/srce-od-mraza-284.htm,Srce od mraza,,,
40,hcEyZCpA_1_40,Dalmatino,Dalmatino,Tiho dolazi plima,16687,"Mogu izbrojit' na prste
sve moje prave ljubavi
ja svaki put sam zna
sta napravit' treba

Stavit' cu ruku na srce
pred svima moram priznati
ovi put nisam pripozna
znakove s neba
 
I ovi bili oblaci
jesu li kugle pamuka
ili je Bozja poruka
pa san usne obuka u tisinu

A ovaj osmijeh siroki
sta sam ispod suze provuka
vec je na pola napuka
cekajuc' plimu

Ref.
Pustam vrimenu neka ucini svoje
mome brimenu nek' izgori u zar
jer se punti na nebu svaki put zbroje
nebo jednom i meni mora poslati dar

Tamo doli duboko na dnu plavih dubina
biser velik ka oko svitli kroz mrak
negdi gori visoko nebo je na dva dila
slomia grom

Tiho dolazi plima i ti sa njom

Ref. 2x

Tamo doli duboko na dnu plavih dubina
biser velik ka oko svitli kroz mrak
negdi gori visoko nebo je na dva dila
slomia grom

Tiho dolazi plima i ti sa njom","https://tekstovi.net/2,726,41648.html",,,,,,,,,,,['Dalmatino'],https://diskografija.com/pjesma/tiho-dolazi-plima-20291.htm,Tiho dolazi plima,,,
41,hcEyZCpA_1_41,Dalmatino,Dalmatino,To nije zna ni'ko ka ja,2722,"Kamo vodis me, o siva cesto
jesan, grisija san i ja cesto
a sta mogu, ne falin se s tin

Kako ovu istinu ulipsat'
kojon rici ovi grij izbrisat'
ja ne znan, a moran zivit' s njin
 
Jer ja nista nisan skrivija Bogu
sve mi je da
da me mati rodila na desnu nogu
ja san to zna

Uvik me je pratila srica
kitija smij i lisce lovora
sad znan kako piza pokora

Ref.
Ti znas 'ko bi za te
pripliva more u kori od orija
ti dobro znas 'ko je za te
u dva deca vina potonija

Ti znas ko je za te
obuka siroke gace i u nji' sta
ti dobro znas, oko moje
to nije zna ni'ko ka ja

Kamo vodis me, o pismo moja
moje note, moje rici, moje snove
zasto bacas ih u zrak

Ja san putnik sta u kasne ure
gleda svere sta kroz vrime zure
i ne zna da mu bizi zadnji vlak

Ref.

To nije zna ni'ko ka ja","https://tekstovi.net/2,726,60405.html",,,,,,,,,,,['Dalmatino'],https://diskografija.com/pjesma/to-nije-zna-ni-ko-ka-ja-14035.htm,To nije zna ni'ko ka ja,,,
42,hcEyZCpA_1_42,Dalmatino,Dalmatino,Viruj u mene,9413,"Otic cemo jednom daleko odavde
di se ponoc kupa u tirkiznom moru
pokrivenim valom od ljubavi tajne
iza nas ce ostat skripa vrata u tvom dvoru

Ne triba nam nista, samo tracak nade
ponesi taj osmijeh, to je sve sto zelim
dom cemo sagradit di dragi Bog nam dade
uz trn divlje ruze, cesminu i pelin
 
Ref. 
Ja znam da nije tisno u skromnom domu srca mog
jer nabesa su prepuna mista da nam ruku pruza Bog
budi uvik ista draga, nek' sve isto ostane
jer sirotinja je nebu draga, uvik viruj u mene

Ref.","https://tekstovi.net/2,726,48202.html",,,,,,,,,,,['Dalmatino'],https://diskografija.com/pjesma/viruj-u-mene-26595.htm,Viruj u mene,,,
43,hcEyZCpA_1_43,Dalmatino,Dalmatino,Vrata pakla,26774,"Pogledaj nebo, vidit ces plam
od moje ljubavi za tebe
i zar te nije nimalo sram
sto si ucinila od sebe

Kroz kolut dima ti tones u san
dok s krova tiho klizi tama
nije te briga sto odlazim sam
i gdje cu nocas spavati
 
Ref.
Ledja okrecem, ceka me put od stakla
vrata zatvaram, to su vrata pakla
i vec tada znam, mada si me takla
da cu na njih opet kucati

Ref. 4x","https://tekstovi.net/2,726,29117.html",,,,,,,,,,,,,,,,
44,hcEyZCpA_1_44,Dalmatino,Dalmatino,Zoven se jugo,31380,"Negdi izmedu neba i mora
di se kupa misec blid
ova beskrajna vodena pustos
me izbacila na hrid

Ispod zidina tvojega srca
me dovela noc
prid vrata na koja san kuca
nije lako doc
 
Ja san vitar i zoven se jugo
predajen ti se
udahni me nista ti drugo
ne preostaje

Ka dvi stine u moru samoce
smo pali do dna
al srica nas ovi put oce
a ti si mi sudbina

Ref.
Prican ti prican i
pazljivo biran rici
da pamet ne izgubin
a dusu ti dan na dar

Sve zlatne kadene
s neba ce past
da ti okitin ruke i vrat
ispod livoga ramena 
oganj od plamena cuvan
i ovi dan ti poklanjan

Ja san vitar i zoven se jugo
predajen ti se
udahni me nista ti drugo
ne preostaje

Ka dvi stine u moru samoce
smo pali do dna
al srica nas ovi put oce
a ti si mi sudbina

Ref.","https://tekstovi.net/2,726,43447.html",Ivo Jagnjić,Zoven se jugo,My Name Is Souther*,Moj dom,"Negdi između neba i mora
1
di se kupa misec blid
ova beskrajna vodena pustoš
me izbacila na hrid. Ispod zidina tvojega srca
me dovela noć
prid vrata na koja san kuca
nije lako doć'. Ja san vitar i zoven se jugo
predajen ti se
dahni me ništa ti drugo
ne preostaje. Ka dvi stine u moru samoće
smo pali do dna
al' srića nas ovi put 'oće
a ti si mi sudbina. Ref.
Pričan ti pričan i
pažljivo biran riči
da pamet ne izgubin
a dušu ti dan na dar. Sve zlatne kadene
s neba će past
da ti okitin ruke i vrat
ispod livoga ramena
oganj od plamena čuvan
i ovi dan ti poklanjan. Ja san vitar i zoven se jugo
predajen ti se
udahni me ništa ti drugo
ne preostaje. Ka dvi stine u moru samoće
smo pali do dna
al' srica nas ovi put 'oće
a ti si mi sudbina","Somewhere between the skies and the seas
Wher the pale moon takes a bath
This endless water wasteland
Threw me out on a rock.. Underneath the walls of your heart is
Where the night brought me.
In front of the door I knocked on,
It's not easy to come to.. I am a wind and my name is souther
I surrender myself to you
Breathe me in, nothing else is there for you
to do.. Like two rocks in the sea of solitude
We fell all the way to the bottom
But luck is on our side this time
And you are my destiny.. I talk to you, talk to you and
I choose words carefully
So I wouldn't lose my mind,
And I give you my soul as a present.. All the golden chain will
Fall down from the skies
So I could ornament your hands and your neck
Under my left shoulder
I guard the flame of fire
And I give this day to you. I am a wind and my name is souther
I surrender myself to you
Breathe me in, nothing else is there for you
to do.. Like two rocks in the sea of solitude
We fell all the way to the bottom
But luck is on our side this time
And you are my destiny.",https://lyricstranslate.com/en/zoven-se-yugo-my-name-souther.html,,,,['Dalmatino'],https://diskografija.com/pjesma/zoven-se-jugo-20047.htm,Zoven se jugo,,,
45,hcEyZCpA_1_45,Dalmatino,Dalmatino,Zvizda Danica,42127,"Mlad se misec ka 
i zibka ljulja sa neba
dotakne ga digod 
crikva s vr'kampanela
a dvije zvjezdice
dvoje smisne dicice
sile su na njega
 ka u krilo matere
 
Za te nocas livon 
rukon radin posteju
a desnon te teskon
 mukon zoven na zemju
tvrd je pelin i rogac
ali isto cu se snac
jerbo put do tvog srca
 u tom mraku moran nac

Ref.
Hej, moja zvizdo danice
moja ljuta ranice
dođi lezi kraj mene
hej, vilo sa Velebita
ja san tvoj covik sa mora
koji nista ne mora
moran samo stvari dvi
tebe ljubit i umrit

Da je Adam, Evu 
manje drza za ruku
sigurno mu ne bi 
dala gnjilu jabuku
lipa zena to je vrag
muskon srcu puno drag
a ja slipac i budala 
uvik slidin isti trag

Ref.","https://tekstovi.net/2,726,29175.html",Ivo Jagnjić,Zvizda Danica,,Cukar i sol,"Mlad se misec ka' i zikva ljulja sa neba,
dotakne ga digod crikva s vr' kampanela.
A dvije zvjezdice, dvoje smišne dičice,
sile su na njega ka' u krilo matere.. Za te noćas livon rukon radin posteju,
a desnon te teškon mukon zoven na zemju.
Tvrd je pelin i rogač, ali isto ću se snać',
jerbo put do tvog srca u tom mraku moran nać'.. Hej, moja zvizdo Danice,
moja ljuta ranice,
dođi, lezi kraj mene.
Hej, vilo sa Velebita,
ja san tvoj čovik sa mora,
koji ništa ne mora.
Moran samo stvari dvi,
tebe ljubit' i umrit'.. Da je Adam Evu manje drža' za ruku,
sigurno mu ne bi dala gnjilu jabuku.
Lipa žena to je vrag, muškon srcu puno drag,
a ja slipac i budala uvik slidin isti trag.. Hej, moja zvizdo Danice,
moja ljuta ranice,
dođi, lezi kraj mene.
Hej, vilo sa Velebita,
ja san tvoj čovik sa mora,
koji ništa ne mora.
Moran samo stvari dvi,
tebe ljubit' i umrit'",,https://lyricstranslate.com/en/Dalmatino-zvizda-danica-lyrics.html,['Ivo Jagnjić'],['Ivo Jagnjić'],,['Dalmatino'],https://diskografija.com/pjesma/zvizda-danica-291.htm,Zvizda Danica,2000 - Split 2000,"2002 - Cukar i sol
Aranžman: Remi Kazinoti",
