,Song_ID,Artist,Artist_diskografija,Song_tekstovinet,Views_tekstovinet,Lyrics_tekstovinet,Url_tekstovinet,Writer_lyricstranslate,Song_lyricstranslate,EngTitle_lyricstranslate,Album_lyricstranslate,Lyrics_lyricstranslate,EngLyrics_lyricstranslate,Url_lyricstranslate,Izvedba_diskografija,Url_diskografija,Song_diskografija
0,0iPNl+uu_1_0,Darko Rundek,Darko Rundek,12 ptica,8374,"Iznad nasih blijedih lica 
preletjelo 12 ptica 
jedna ptica drugu vodi 
preko vode mjesec hodi 

I svaki korak bude opjevan 
i svaki zamah krila dovoljan 
nigdje u nama nema pomaka 
ni jedna zelja nije promakla 
 
Nema tuge, nema bola 
pleme sjedi oko stola 
sa nebesa jece rijeci 
starac sjedi pored peci 

Hodali smo rubom predjela 
ta crna voda nas je prenjela 
niz tijelo teku strme bujice 
zatvori oci i probudi se 

Taj dan 
ima istu plavet 
kao lan","https://tekstovi.net/2,1623,32980.html",,,,,,,,"['Rundek Cargo Orkestar', 'Darko Rundek']",https://diskografija.com/pjesma/12-ptica-26271.htm,12 ptica
1,0iPNl+uu_1_1,Darko Rundek,Darko Rundek,Afrika,6544,"Jednog dana cu otici
daleko odavde
preseliti u neku zemlju daleku
gdje ne mozes mracan ulicom proci
jer veseli ljudi
te gledaju u oci
 
Nije to tak skupo
otici od kuce
jos dva - tri soma kuna
i bilo bi moguce
i zato sve cesce gledam avione
al' oni su sve vislje
il' ja sve dublje tonem

Sjednem na bicikl i idem u grad
vise nije mi guzica mlada
opet standardni ljudi
i standardno sve
makar standard nam uporno pada

Ne znam na koju foru
svi su bili na moru
kad tvornice 
vise ne rade
samo kuce su jos cijele
a ljudi se dijele
na one bez love
i onog koji krade

Ref. 2x
Nije Afrika
nije Afrika
vec je Hrvatska
zemlja daleka

Nije to tak skupo otici od kuce
jos dva - tri soma kuna
i bilo bi moguce
mali problem je u tome 
sto ne znam kamo ici
mozda trebam prvo ja ovamo stici

Reci evo mene
koga ovdje ima
jer ovo je prica 
o ljudima i psima
lopate u ruke
lopove u sume
zasto si se tako zagledala u me

Ref. 4x","https://tekstovi.net/2,1623,32981.html",,Afrika,Africa,"""U širokom svijetu"" iz 2000.","Jednog dana ću otići
daleko odavde
preseliti u neku zemlju daleku
gdje ne možeš mračan ulicom
proći
jer veseli ljudi
te gledaju u oči. Nije to tak skupo
otići od kuće
još dva tri soma kuna
i bilo bi moguće
i zato sve češće gledam avione
il oni su višlje
il ja sve dublje tonem. Sjednem na bicikl i idem u grad
više nije mi guzica mlada
opet standardni ljudi
i standardno sve
makar standard nam
uporno pada. Ne znam na koju foru
svi su bili na moru
kad tvornice
više ne rade
samo kuće su još cijele
a ljudi se dijele
na one bez love
i onog koji krade. Nije Afrika
nije Afrika
već je Hrvatska
zemlja daleka. Nije to tak skupo otići od kuće
još dvatri soma kuna
i bilo bi moguće. Mali problem je u tome
što ne znam kamo ići
možda prvo trebam ja ovamo stići. Reći evo mene!
koga ovdje ima!
(jer ovo je priča o ljudima
i psima)
lopate u ruke!
lopove u šume!
zašto si se tako
zagledala u me?. Nije Afrika
nije Afrika
već je Hrvatska
zemlja daleka","One day I'll leave
Far away from here
Move to some country far away
Where you can't pass
Dark through the street
Because happy people
Are looking you in the eye. That isn't so expensive
Leave the house
Just another two to three thousand kunas
And it would be possible
And that's why I watch airplanes more and more
Either they are up higher
Or I sink down deeper more and more. I sit on my bike and go to the city
My ass is not so young anymore
Again the standard people
And standard everything
Even though our standard
Persistently lowers. I don't know how
Everyone was on vacation
When factories
Don't work anymore
Only houses are still whole
But people are dividing
On the ones without the money
And the ones who steal. It's not Africa
It's not Africa
It's Croatia
Country far away. It's not so expensive to leave the house
Only two to three thousand more kunas
And it would be possible. Small problem is that
We don't know where to go
Maybe I need to go here first. Say ""Here I am!
Who's here!""
(because this is a story about the people
and the dogs)
Shovels in your hands!
Thieves into the forest!
Why did you
Stare at me like that?. It's not Africa
It's not Africa
It's Croatia
Country far away",https://lyricstranslate.com/en/afrika-africa.html-9,['Darko Rundek'],https://diskografija.com/pjesma/afrika-13166.htm,Afrika
2,0iPNl+uu_1_2,Darko Rundek,Darko Rundek,Apokalipso,80227,"Ti si premlada
a ja sam prestar za cekanje
miris u zraku mekan je 
od kada tvoje sreo sam oci 
san ove noci pocinje

Apokalipso sviraju
crni i znojni andjeli
s cvijetom u kosi, ritam te nosi
dobicu sve sto zazelim
 
Sad uzmi mi ruku i vodi me
pred nama nisu godine
al' mogu biti najdulji sati
rado te pratim, vodi me

Andjeli nek se odmore 
a u nebeske ponore
mi cemo skupa padati znati
otvori sirom prozore

Ti si ta koju sanjam
ja sam taj kojeg oduvijek znas
vise nemamo zelja
jer sad volimo do beskraja","https://tekstovi.net/2,1623,24081.html",,Apokalipso,Apocalypso,Apokalipso,"Ti si premlada
1
a ja sam prestar za čekanje
miris u zraku mekan je
od kada tvoje sreo sam oči
san ove noći počinje. Apokalipso sviraju
crni i znojni anđeli
s cvijetom u kosi, ritam te nosi
dobiću sve što zaželim. Sad uzmi mi ruku i vodi me
pred nama nisu godine
al' mogu biti najdulji sati
rado te pratim, vodi me. Anđeli nek se odmore
a u nebeske ponore
mi ćemo skupa padati znati
otvori širom prozore. Ti si ta koju sanjam
ja sam taj kojeg oduvijek znaš
više nemamo želja
jer sad volimo do beskraja","You are too young
And I'm too old to wait
Scent in the air is soft
Ever since I met your eyes
This night's dream had started.. Apocalypso is played
By black and sweaty angles
With a flower in your hair, rhythm carrise you
I'll get everything I wish for.. Now take my hand and lead me
We don't have years in front of us
But there could be the longest hours
I follow you gladly, lead me. May the angels rest
And into the heavenly abysses,
We'll fall together, we'll know
Open your windows wide. You're the one I'm dreaming of
I'm the one you've always known
We have n more wishes
Because now we love each other to endlessness",https://lyricstranslate.com/en/apokalipso-apocalypso.html,['Darko Rundek'],https://diskografija.com/pjesma/apokalipso-25058.htm,Apokalipso
3,0iPNl+uu_1_3,Darko Rundek,Darko Rundek,Ay Carmela,19146,"Mi smo protiv ugnjetaca
i njihovih pomagaca
legionara i fasista
ay Carmela, ay Carmela

Ref.
Zelja nam je samo jedna
da fasista vise nema
mi nemamo avione
tenkove i kamione
ay Carmela
 
Nestaje nam municije
hladan vjetar poljem brije
ay Carmela

Ne mogu nam bombe nista
ni oluja niti kisa
gdje se ova pjesma cuje
ay Carmela, ay Carmela 
tamo srce pobjedjuje
ay Carmela, ay Carmela

Ref.","https://tekstovi.net/2,1623,32965.html",Darko Rundek,Ay Carmela,Ay Carmela,U širokom svijetu (2007),"Mi smo protiv ugnjetača
1
I njihovih pomagača
Legionara i fašista
Ay Carmela
Ay Carmela
Legionara i fašista
Ay Carmela
Ay Carmela. Želja nam je samo jedna
Da fašista više nema
Mi nemamo avione
Tenkove ni kamione
Ay Carmela
Nestaje nam municije
Hladan vjetar poljem brije
Ay Carmela. Ne mogu nam bombe ništa
Ni oluja niti kiša
Gdje se ova pjesma čuje
Ay Carmela
Ay Carmela
Tamo srce pobjeđuje
Ay Carmela
Ay Carmela","We're against the oppressors
And their supporters
Legionnaires1 and fascists
Ay Carmela
Ay Carmela
Legionnaires1 and fascists
Ay Carmela
Ay Carmela. There's only one wish
That fascists no more exists
We don't have planes
Tanks nor trucks
Ay Carmela
We're running out of ammunition
A cold wind blows through the battlefield
Ay Carmela. They can't bomb us at all
There's no storm nor rain
Where this song is heard
Ay Carmela
Ay Carmela
There2, the heart wins
Ay Carmela
Ay Carmela",https://lyricstranslate.com/en/ay-carmela-ay-carmela.html-4,['Darko Rundek'],https://diskografija.com/pjesma/ay-carmela-13174.htm,Ay Carmela
4,0iPNl+uu_1_4,Darko Rundek,Darko Rundek,Barbara (feat. Ekipa),526,"Ostavljam casu i posljednji dim
mekana koraka ti prilazim
u tvojim ocima tajna je velika
a tvoje ime je ritam i rijec

Barbara, Barbara, Barbara
 
Ref.
Ja volim plesati sa tobom
volim plesati sa tobom
ja volim plesati sa tobom

Sta ce mi mora, planine i dom
kad sve sto zelim je
plesati s tobom

Jedan ples, sasvim miran i tih
za sve drugo je prekasno vec

Ref.

Barbara, tvoje ime me nervira
Barbara, s tobom sam sam usred svemira
pod nasim nogama spava Amerika
i samo jedno jos moram ti reci

Da volim plesati sa tobom
volim plesati sa tobom
volim plesati sa tobom
volim plesati sa tobom

Barbara, Barbara
ti znas, ti znas","https://tekstovi.net/2,1623,63069.html",,,,,,,,,,
5,0iPNl+uu_1_5,Darko Rundek,Darko Rundek,Clouds,3349,"Jednom, poslije hiljada i hiljada i hiljada ljeta
kad ovim svijetom bude hod'o
jedan sasvim novi
rosni ljudski rod, repat i zlatook

Otkrit' ce, pronaci dnima novih ogromnih oceana
na dnu medju algama betonska zdanja i zice 
i kraj njih zagrljene kosture u plesu s algama
a iznad njih (malo dalje), u elektricnim planktonima
cudne oblake u kojima su upisane rijeci, brojke, slike
 
Stored in the clouds, stolen in the clouds

Ref.
U njima svega ima, ljeto, jesen, zima
zlatnim oblacima, malo dalje
u tim se oblacima dimi Hirosima
sjajnim oblacima, malo dalje

U njima sve se nadje - kajanje, strah i nada
al' taj ko pozna znanje, taj zna da
u njima niceg nema, osim uspomena 

Dodji iz svijeta sjena i pogledaj me 
kao nikada, sada","https://tekstovi.net/2,1623,49719.html",,Clouds,Clouds,Mostovi,"Jednom, poslije hiljada i hiljada i hiljada ljeta
kad ovim svijetom bude hod'o
jedan sasvim novi
rosni ljudski rod, repat i zlatook. Otkrit' će, pronaći dnima novih ogromnih oceana
na dnu među algama betonska zdanja i žice
i kraj njih zagrljene kosture u plešu s algama
a iznad njih (malo dalje), u električnim planktonima
čudne oblake u kojima su upisane riječi, brojke, slike. Stored in the clouds, stolen in the clouds. REF.
U njima svega ima, ljeto, jesen, zima
zlatnim oblacima, malo dalje
u tim se oblacima dimi Hirosima
sjajnim oblacima, malo dalje. U njima sve se nađe - kajanje, strah i nada
al' taj ko pozna znanje, taj zna da
u njima ničeg nema, osim uspomena. Dođi iz svijeta sjena i pogledaj me
kao nikada, sada","One day, after thousands, and thousands, and thousands of summers
When there's a brand new, fresh, human kind
Walking on this earth
With their tails and their golden eyes. They will discover and they will find on the bottoms of the new vast oceans
On the bottoms, among seaweed, structures of concrete and wire
With skeletons beside them dancing with seaweed
And above (a little bit further), in electric planktons
Odd clouds with words, numbers, images. Stored in the clouds, stolen in the clouds. Chorus:
There's everything in them - summer, autumn, winter
In the golden clouds, a little bit further
In those clouds the smokes of Hiroshima
In the shiny clouds, a little bit further. They contain everything - regret, fear, and hope
But he who recognizes knowledge knows that
There is nothing in them, except for memories. Return from the world of shadows and look at me
Like never before",https://lyricstranslate.com/en/clouds-clouds.html-0,,,
6,0iPNl+uu_1_6,Darko Rundek,Darko Rundek,Crni dusi,11095,"Tri su duha da te vode
da te vode iz slobode

Prvi od njih da ti laska
da si veci nego drugi
na licu ti raste maska
dodiri postaju grubi
 
Drugi kaze da ti manjka
ono sto ti netko krade
porcija ti je pretanka
jer ti iza ledja rade

Ref. 2x
Crni dusi, crni dusi
nema te, a ipak tu si

Treci je iz carstva strasti
sto u tijelu zudnju pali
piti krvi, jesti mesa
ko da je od jesti jesam

Ref. 4x","https://tekstovi.net/2,1623,32982.html",,Crni dusi,Black Spirits,Apokalipso,"Tri su duha da te vode
1
da te vode iz slobode. Prvi od njih da ti laska
da si veći nego drugi
na licu ti raste maska
dodiri postaju grubi. Drugi kaže da ti manjka
ono što ti netko krade
porcija ti je pretanka
jer ti iza leđa rade. Crni dusi crni dusi
nema te a ipak tu si. Treći je iz carstva strasti
što u tijelu žudnju pali
piti krvi jesti mesa
ko da je od jesti jesam. Ko da je od jesti jesam. Crni dusi crni dusi
nema te a ipak tu si","There are three spirits to lead you
To lead you out of freedom. First one to flatter you
That you're grander than others
A mask grows on your face
Touches become harsh. Second one tells you you're missing some
What someone steals from you
Your portion is too small
Because they act behind your back. Black spirits, black spirits
You're gone, but still you're here. Third one is from the passion empire
Firing up longing in the body
To drink blood, to eat meat
Like I am becomes from I eat. Like I am becomes from I eat. Black spirits, black spirits
You're gone, but still you're here",https://lyricstranslate.com/en/crni-dusi-black-spirits.html,,,
7,0iPNl+uu_1_7,Darko Rundek,Darko Rundek,Don Juan,5149,"Ja nisam tu 
okreni se
tu nema nikoga
u ovoj sobi je samo tihi zrak
i nijema ikona

Tu bila je
tek blijeda sijen
iz fantazama
i nestala strmim stazama
crven trag je njen
 
Ref. 2x
A vjetar nosi
onaj svilen sal
u kome je sliven tvoga smijeha slap
i moje tuge val

Pa zapinje u krosnji
novih pitanja
odgovor ce doci
mozda ove noci
prije svitanja
izmedju zbilje i sna

Gdje te cekam ja","https://tekstovi.net/2,1623,48732.html",,Don Juan,Don Juan,Mostovi,"Ja nisam tu
okreni se
tu nema nikoga
u ovoj sobi je samo tihi zrak
i nijema ikona. Tu bila je
tek blijeda sijen
iz fantazama
i nestala strmim stazama
crven trag je njen. A vjetar nosi
onaj svilen šal
u kome je sliven tvoga smijeha slap
i moje tuge val
pa zapinje u krošnji
novih pitanja
odgovor će doći
možda ove noći
prije svitanja
između zbilje i sna. gdje te čekam ja","I'm not here
turn around
there's no one there
there's only quiet air in this room
and a silent icon. There was
only a faded shadow
from fantasies
and gone by the steep trails
the red mark is hers. And the wind is carrying
that silk scarf
in which your smile is etched
and a wave of my sadness
and so it gets stuck in the branches
of new questions
the answer will come
maybe this night
before sunrise
between reality and dreams. Where I'm waiting for you",https://lyricstranslate.com/en/don-juan-don-juan.html,,,
8,0iPNl+uu_1_8,Darko Rundek,Darko Rundek,Grane smo na vjetru,34113,"Ugasi svjetlo 
i pogledaj ulice, kako sjaje
jos jedna noc, jos jedan ton

Otvori prozor, siroko
i smjesti se, tu, kraj mene
ljetu je kraj, ruku mi daj

Zapamti prizor i nikad me ne pitaj
kamo dalje

Jer,u 
grane smo na vjetru
(2x)","https://tekstovi.net/2,1623,29189.html",,Grane smo na vjetru,We are Branches in the Wind,,"Otvori prozor i pogledaj ulice
1
Kako sjaje
Još jedna noć
Još jedan ton. Otvori prozor široko i smjesti se tu
Kraj mene. Ljetu je kraj
Ruku mi daj. Zapamti prizor i nikad me ne pitaj
Kamo dalje. Jer uuu. Grane smo na vjetru. Jer uuu. Grane smo na vjetru","Open the window
and see how the streets glow
Another night
Another tone. Open the window wide and sit there
right beside me. The summer is ending
Give me your hand. Memorize the sight
and never ask me where we go from here. Because, oooh....
We're branches in the wind. Because, oooh,
we're branches in the wind",https://lyricstranslate.com/en/grane-smo-na-vjetru-branches-wind.html,,,
9,0iPNl+uu_1_9,Darko Rundek,Darko Rundek,Hiawatha,4475,"U selu uz rijeku
nocas je fiesta
svjetla u vodi
svi su vec tu

Djevojke i momci stali su
na mjesta
samo Hiawatha jos je vezao
svoj kanu
 
Tko se tamo smije
nije ovo sala
njega nesto grije kada 
vidi nju

Dlanovi se znoje
jer on vjesto krije
da jos nikad nije
radio ono, sto

Od svih djecaka on u lovu 
uvijek je prvi
i za ribu uvijek nadje
gdje su najbolji crvi

Ref. 2x
Hiawatha hej
znas li da sada pada odluka
stati pored nje
il' vjecno ostati kraj potoka

On je prosao i gore
muljeve
i od vesla
vise nema zuljeve

Ref. 4x","https://tekstovi.net/2,1623,33004.html",,,,,,,,['Darko Rundek'],https://diskografija.com/pjesma/hiawatha-13164.htm,Hiawatha
10,0iPNl+uu_1_10,Darko Rundek,Darko Rundek,Highlander,5548,"Na sajmu
izmedju standova posranih golubova
stari gospodin je pronasao dijete
malo crno dijete

Koje je s golubovima 
letjelo iznad trga 
i sletjelo u njegov dzep
 

'Ko ce ponjeti ovo dijete ako necu ja
rekao je bogati starac
 i poneo ga sa sobom na svoje imanje 
na sjeveru Skotske

Ova ruka nije mirna
ova kosa nije svila
glava neprestano svira
jer joj majmun dirigira

Ref.
To sto zeli toga nema
vani nevrijeme se sprema
on bi urlao al suti
jer ga nitko nece cuti

On je stigao sa juga
u tim ocima je tuga
srce pale ceznje vruce
ali sve je nemoguce

Nema oca, nema majke
uvijek slomi sve sto takne
sve sto bilo mu je sveto
sad je baceno u geto

Istambul na Grenlandu
pingvini sa fotoaparatima
i grenlandski Turci
jasuci na svojim bijelim medvjedima
sa plamenim macevima u ruci

Grendlandski Turci
hladnih ruku
zaledjenih brkova
reglaju
reglaju

Ref.

Nema oca, nema majke
uvijek slomi sve sto takne
sve sto bilo mu je sveto
sad je baceno u geto

A onda se tu pojavi lazni sin
nezakoniti prestolonasljednik
ciganka, dimnjacar
i dvoje lukave djecice","https://tekstovi.net/2,1623,32362.html",,,,,,,,"['Rundek Cargo Orkestar', 'Darko Rundek']",https://diskografija.com/pjesma/highlander-26272.htm,Highlander
11,0iPNl+uu_1_11,Darko Rundek,Darko Rundek,Indijanska,8000,"Tvoje je lice kao tajna
svako je oko zvijezda sjajna
rumene usne kada zbore
tad se ljuljuska moje more

Od kada tvoje lice sanjam
nema ni znanja ni neznanja
suze mi teku kao rijeka
dok na tvoj tajni poziv cekam
 
A kad se digne taj uragan
nek opet u njem budem lagan
nek u njem budem kao stijena
ljubavnim valom umivena

Kada te nema sve je zima
price o davnim podvizima
i svi su puti duboko ispod snijega
kad rijeka suti muzika je nijema","https://tekstovi.net/2,1623,33874.html",,Indijanska,,,"Tvoje je lice kao tajna
svako je oko zvijezda sjajna
rumene usne kada zbore
tad se ljuljuška moje more. Od kada tvoje lice sanjam
nema ni znanja ni neznanja
suze mi teku kao rijeka
dok na tvoj tajni poziv čekam. A kad se digne taj uragan
nek opet u njem budem lagan
nek u njem budem kao stijena
ljubavnim valom umivena. Kada te nema sve je zima
priče o davnim podvizima
i svi su puti duboko ispod snijega
kad rijeka šuti muzika je nijema",,https://lyricstranslate.com/en/darko-rundek-indijanska-lyrics.html,['Darko Rundek'],https://diskografija.com/pjesma/indijanska-25057.htm,Indijanska
12,0iPNl+uu_1_12,Darko Rundek,Darko Rundek,Indijska,2967,"Ta vecer je bila hladna
al' odlucim da odem van
jer dusa mi je bila gladna
i tijelo zeljno dodira

Lutao san dugo gradom
al' sa sasvim malo nade
kad mi ispred neke zgrade
zamirise Indija
 
Pa krenuh za nosom
tu nadjoh otvorena vrata
i nasmijane ljude
sto primise me kao brata

Zrak od finog zlatnog dima 
obojenog svijecama 
i cilim s tajnim znakovima
na kom si bosa plesala

To se valjda tako desi
u bolivudskim filmovima
sva divna ti za mene jesi
i da za tebe jesam ja

Ne izdrzah vec i sam se izuh 
i krenuh u svijet cilima
jer htio sam ti biti blizu 
i zamahnuti krilima

I poletjeti s tobom skupa
preko straha, preko zime
pridji mi i zagrli me
ti si moja Indija

Probudila me hladna soba
i zvuk dalekih koraka
na satu neko gluho doba
i zavjesa se pomakla

Jablani su tako mirni
i noc je tako zvjezdana
na jastuku je jos tvoj miris 
bez kojeg mira nemam ja","https://tekstovi.net/2,1623,49889.html",,Indijska,Indian song,,"Ta večer je bila hladna
al' odlučim da odem van
jer duša mi je bila gladna
i tijelo željno dodira. Lutao san dugo gradom
al' sa sasvim malo nade
kad mi ispred neke zgrade
zamiriše Indija. Pa krenuh za nosom
tu nađoh otvorena vrata
i nasmijane ljude
što primiše me kao brata. Zrak od finog zlatnog dima
obojenog svijećama
i ćilim s tajnim znakovima
na kom si bosa plesala. To se valjda tako desi
u bolivudskim filmovima
sva divna ti za mene jesi
i da za tebe jesam ja. Ne izdržah već i sam se izuh
i krenuh u svijet ćilima
jer htio sam ti biti blizu
i zamahnuti krilima. I poletjeti s tobom skupa
preko straha, preko zime
priđi mi i zagrli me
ti si moja Indija. Probudila me hladna soba
i zvuk dalekih koraka
na satu neko gluho doba
i zavjesa se pomakla. Jablani su tako mirni
i noć je tako zvjezdana
na jastuku je još tvoj miris
bez kojeg mira nemam ja","That night was cold
But I decided to go out
'Cause my soul was hungry
And my body keenly for touches. I wandered around for long
and with a very little hope
when in front of a building
I scent India. So I went after my nose
I found an open door
And smiling people
Who took me as their brother. Fine golden air
Colored with candles
And a rug with secret symbols
On which you were dancing barefoot. I guess that happens
in Bollywood movies
all wonderful for me you are
and I'm for you. I couldn't resist so I took my shoes off
and went to the world of rugs
'cause I wanted to be close to you
and brandish my wings. And fly together with you
over the fear, over the winter
come closer and hug me
you are my India. Cold room woke me up
and sound of distant steps
it was late
and the curtain has moved. Lombardy poplars are so calm
and the night is so starry
There is still your scent on the pillow
without it I can't find my peace",https://lyricstranslate.com/en/indijska-indian-song.html,,,
13,0iPNl+uu_1_13,Darko Rundek,Darko Rundek,Ista slika (feat. Cargo Orkestar),9190,"Po tko zna koji put u zivotu 
u svojoj ludoj glavi gledas istu sliku 

Crni jahaci su stigli u selo 
crvene kapi su pale na bijelo 

Po tko zna koji put u zivotu 
u svojoj ludoj glavi on te opet gleda 
 
Po tko zna koji put u zivotu 
usred tvojih misli raste stup od leda 

Crvene kapi su pale na bijelo 
silazi vjetar i odnosi tijelo 

Umorno drustvo se srelo i sjelo 
ruze je donijela zena pod velom 

Vesele muhe su sjele na celo 
gorak za sjecanje 
sladak za jelo","https://tekstovi.net/2,1623,32385.html",Zoran Zajec,Ista Slika,The Same Picture,Ruke,"Po tko zna koji put u zivotu
1
u svojoj ludoj glavi gledas istu sliku. Crni jahaci su stigli u selo
crvene kapi su pale na bijelo. Po tko zna koji put u zivotu
u svojoj ludoj glavi on te opet gleda. Po tko zna koji put u zivotu
usred tvojih misli raste stup od leda. Crvene kapi su pale na bijelo
silazi vjetar i odnosi tijelo. Umorno drustvo se srelo i sjelo
ruze je donijela zena pod velom. Vesele muhe su sjele na celo
gorak za sjecanje
sladak za jelo","For I don't know what time in life
In your crazy head you're looking at the same picture. Black riders have arrived in the village
Red droplets have fallen on the white. For I don't know what time in life
In your crazy head he's again looking at you. For I don't know what time in life
In the midst of your thoughts there's an ice pole growing. Red droplets have fallen on the white
The wind is lowering and taking the body away. Tired society met up and sat down
The woman under the veil brought the roses. Happy flies have sat down on the forehead
Bitter for the memory
Sweet for the meal",https://lyricstranslate.com/en/ista-slika-same-picture.html,['Darko Rundek'],https://diskografija.com/pjesma/ista-slika-13179.htm,Ista slika
14,0iPNl+uu_1_14,Darko Rundek,Darko Rundek,Kolo,4508,"Ref. 2x
Magla je stala s druge strane rijeke 
druge ljude varala 
otad nam stizu samo vijesti rijetke 
od kojih boli glava 

ijo ijo ijo ijo ijo ijo ijo ijo... 
 
bum bum tres 
tako sviraju oni koji ne znaju
 za postovanje, za tradicije
 oni koji dovode u pitanje nase nacine

Ref. 2x

Stjecanja 
oni koji podvaljuju 

Mi drugovi, mi prijatelji, mi gospodo 
mi nismo ovdje da bi prodavali zjale 
mi smo ovdje da bi osigurali
 buducnost nasoj djeci 
njihov moralni i materijalni prosperitet 
da steknu znanja 
uz pomoc kojih mogu jednog dana zavladati vecim teritorijem 
da mogu sticati 
da mogu biti svoji na svome 
mi cemo drugovi 
mi cemo gospodo 
mi cemo braco 
uvijek znati kako 
kada i kome 
pokazati zube

Ijo, ijo....

Ref. 2x","https://tekstovi.net/2,1623,33005.html",,,,,,,,,,
15,0iPNl+uu_1_15,Darko Rundek,Darko Rundek,Makedo,40742,"Trazio sam na vrhu planine
andjele visine, da mi kazu ime
trazio sam u dubini mora
odavno zaboravljenu tajnu plime

A pogledaj sto sam nasao
prevrcuci raj i pakao
divlje kose, tamna oka dva
cvijet bez korijena, ples je sve sto zna
 
Ref. 2x
O-o-o-o, tko te k' meni poslao
da mi andjelima kvaris posao

Ref. 2x
E-e-e-e, dit moi qui t'ai envoyé pour
 empêcher les anges de travailler","https://tekstovi.net/2,1623,32087.html","Djani Pervan, Dusan Vranic, Darko Rundek, Blaise Catala",Makedo,Makedo,,"Tražio sam na vrhu planine
1
Anđele visine
Da mi kažu ime. Tražio sam u dubini mora
Odavno zaboravljenu tajnu plime. A pogledaj što sam našao
Prevrćući raj i pakao
Divlje kose, tamna oka dva
Cvijet bez korijena
Ples je sve što zna. o o o o
Tko te k meni poslao?
Da mi anđelima kvariš posao... (x2). e e e e
Dis-moi qui t'a envoyé
Pour empeche mes anges de travailer
e e e e
Dis-moi qui t'a envoyé
Pour empecher mes anges de travailler","I went looking at the top of the mountain
At the angels’ height
That they tell me the name.. I went looking into the depths of the sea
For the long-forgotten secret of the high tide.. And look at what I have found
Upsetting heaven and hell
Wild hair, two dark eyes,
a flower without roots,
dance is everything she knows. Oh Oh Oh Oh..
Who has sent you to me
To botch up my angels’ work. Ayy Ayy Ayyy Ayyy
Dis-moi qui t'a envoyé
Pour empêcher mes anges de travailler.. Tell me who sent you
To prevent my angels from doing their work.
[video:http://www.youtube.com/watch?v=7I3ucCchkLs]",https://lyricstranslate.com/en/makedo-makedo.html,['Darko Rundek'],https://diskografija.com/pjesma/makedo-13182.htm,Makedo
16,0iPNl+uu_1_16,Darko Rundek,Darko Rundek,Mila (feat. Ekipa),2828,"Hodaj iza nas polako, sama
mozda spazis nesto
sto promakne svima nama

Ako se predomislis
i nadjes neki svoj put, mila
podji njime
nitko nece biti ljut, mila
 
Ako te pozovu neki drugi ljudi
a tvoje srce poskoci i poludi
budi njezna, mila
budi njezna, mila

Neki drugi zivot treba
neki drugi plan
neki drugi covjek treba
neki drugi nacin da zapocne dan

Smjenjuju se godisnja doba u sekundi
jos jucer smo se setali
a sad se borimo za bundu, mila

Baj - baj, baj- baj - baj - baj
baj - baj, baj- baj - baj - baj
baj - baj, baj- bum - bum

Nazad u svoj nespokoj
samo za tvoje oci
plesati cu ove noci","https://tekstovi.net/2,1623,62436.html",,Mila,,Brisani prostor (2020),"Hodaj iza nas polako sama
Možda spaziš nešto što promakne
Svima nama. Ako se predomisliš i nađeš neki svoj put, mila
Pođi njime nitko neće biti ljut, mila. Ako te pozovu neki drugi ljudi
A tvoje srce poskoči i presudi
Budi nježna, mila
Budi nježna, mila. Neki drugi život treba neki drugi plan
Neki drugi čovjek treba neki drugi način da
Započne dan. Smjenjuju se godišnja doba u sekundu
Još jučer smo se šetali, a sad se
Borimo za bundu, mila. Baj - baj ...
Bum - bum
Baj - baj ...
Bum - bum. Baj - baj ...
Bum - bum. Hodaj iza nas polako sama
Možda spaziš nešto što promakne
Svima nama. Ako se predomisliš i nađeš neki svoj put, mila
Pođi njime nitko neće biti ljut, mila. Ako te pozovu neki drugi ljudi
A tvoje srce poskoči i presudi
Budi nježna, mila
Budi nježna, mila. Neki drugi život treba neki drugi plan
Neki drugi čovjek treba neki drugi način da
Započne dan. Smjenjuju se godišnja doba u sekundu
Još jučer smo se šetali, a sad se
Borimo za bundu, mila. Baj - baj ...
Bum - bum
Baj - baj ...
Bum – bum. Nazad u svoj nespokoj
Samo za tvoje oči plesati ću ove noći",,https://lyricstranslate.com/en/darko-rundek-mila-lyrics.html,,,
17,0iPNl+uu_1_17,Darko Rundek,Darko Rundek,Mlad,7256,"Ako hodas sam ispod
praznog neba
a ljubav ti treba
il' vise na tebi
a ti to ne bi
budi sretan jer si mlad
 
Na tebe vicu ili te mole
ili zadatak ti je pregolem
ako te guraju ili vuku
ili cak tuku
budi sretan jer si mlad

Ref. 2x
Samo reci da se sjecas
kad su stabla bila veca
kada sve je bilo more
onog casa kad si stvoren
kad je svijet jos bio mlad

Kad je svijet jos bio mlad","https://tekstovi.net/2,1623,33007.html",,,,,,,,['Darko Rundek'],https://diskografija.com/pjesma/mlad-13163.htm,Mlad
18,0iPNl+uu_1_18,Darko Rundek,Darko Rundek,"More, more",6653,"Otkada idemo na more svake godine
uvijek nove stvari su potrebne
al na kraju svasta fali
jer nas fico je premali

Popis smo pisali tjednima prije puta
a svako brisanje nanosi bol
svakoj stvari pravo mjesto naci
i ne prepustaj se svadji
 
I ne zaboravi
drveni ugljen, rostilj, tri ligestula
suncobran, peraje, maske
naocale za sunce, karte
tenisice, termosicu, Tarzana
Karl Maya, slauf
badmington, japanke, loptu, sunku, speka
foto aparat
i veliki karnister s vinom

Ref. 2x
More, more
ti si najljepsi za me kraj
ti si prirode divan dar
koji stalno me zove

Kad nad morem vidis dugu kreni za njom
i uzmi sve sto ti treba
jer nase ladje plove, slobodno Jadranom
pogledaj koliko vode

Tu sija sunce milionima koji rade
pa su dosli da im valovi speru znoj
to su oni sto su stupali sred parade
hrabri ljudi u domovini slobodnoj

Jer netko nam stalno prijeti
al' mi cemo radje 'mrijeti

Momak u bijelim hlacama pali radio
orkestar svira
plavojku ja sam Jasnu k sebi posadio
da joj ispricam film

Jer nocu su komarci
apasi i komaci

Al'/jer/netko nam stalno prijeti
al' mi cemo radje mrijeti","https://tekstovi.net/2,1623,33009.html",,,,,,,,,,
19,0iPNl+uu_1_19,Darko Rundek,Darko Rundek,Na nesto me sjeca taj grad (ft. R. Serbedzija i A. Dedic),23093,"Ref.
Na nesto me sjeca taj grad
tri kuce na trgu i zastave
zvuk neba je topal i jak
a ljudi su sjeli pod hrastove

Budi mi se stara ceznja
budi mi se stara ceznja
 
Tu je bio njen visoki prozor
da ga ne gledam, da ga ne gledam
svoj strmi hod kroz sjene
birao sam sam
a danas ugovor istice

Budi mi se stara ceznja
budi mi se stara ceznja

Ref.

Reci im barem da ostave vrata
dugo smo skupa i skoro smo braca
da vidim zeleno i da vidim plavo
dok nosi me djavo
oprosti, vrijeme je varavo

I budi mi se stara ceznja","https://tekstovi.net/2,1623,35288.html",,Na nešto me sjeća taj grad,This town reminds me of something,,"Na nešto me sjeća taj grad
Tri kuće na trgu i zastave
Zvuk neba je topal i jak
A ljudi su sjeli pod hrastove. Budi mi se stara čežnja...
Tu je bio njen visoki prozor
Da ga ne gledam
Da ga ne gledam
Svoj strmi hod kroz sjene
Birao sam sâm
A danas ugovor ističe. Budi mi se stara čežnja.... Reci im barem da ostave vrata
Dugo smo skupa i skoro smo braća
Da vidim zeleno i da vidim plavo
Dok nosi me đavo
Oprosti, vrijeme je varavo. I budi mi se stara čežnja...","This town reminds me of something
Three houses at a square and flags
The sound of the sky is warm and strong
And people have sat down under oak trees. The old longing is awakening in me.... Over there was her high window
For me not to look at it
For me not to look at it
My steep walk through shadows
I had chosen on my own
And today the contract expires. The old longing is awakening in me.... Tell them at least to leave the door
We’ve been together for a long time
And we’re almost brothers
Let me see the green and let me see the blue
While the devil is taking me away
Sorry, the weather is unsettled. And the old longing is awakening in me.... (translated by Gavrilo Došen)",https://lyricstranslate.com/en/na-ne%C5%A1to-me-sje%C4%87-taj-grad-town-reminds-me-something.html,,,
20,0iPNl+uu_1_20,Darko Rundek,Darko Rundek,Ne okreci se,19429,"Sve su moje bivse ljubavi tuzne 
zar je sve to bio san 
usred kafane i guzve 
opet sam ostao sam 
odsutne tvoje su oci 
usne ne pruzaju slast 
ne pitaj kada cu doci 
proslo je vrijeme za nas 
 
Ne okreci se 
zaboravi me 

Ref.
Zovimo cigane 
neka cijele noci svira gitara 
jer ako mira nema 
nek nas vode ravno do dna 

Zovimo cigane 
neka cijele noci svira gitara 
jer ako ljubavi nema 
nek nas vode ravno do dna 

Kada vidis prvi sjaj iznad grada 
ja cu vec s ciganima biti daleko 
ne zelim biti tvoje ljubavi gladan 
jer ovaj zivot prekratko traje 
radje nek se zaborave 
kad su nestati morale 
noci njezne i bezdane 
sto sam ih dijelio s tobom baby 

Ne okreci se 
zaboravi me

Ref.","https://tekstovi.net/2,1623,33010.html",,Ne okreći se,Don't turn around,,"Sve su moje bivše ljubavi tužne
Zar je sve to bio san
Usred kafane i gužve
Opet sam ostao sam
Odsutne tvoje su oči
Usne ne pružaju slast
Ne pitaj kada ću doći
Prošlo je vrijeme za nas. Ne okreći se
Zaboravi me. Zovimo cigane
Neka cijele noći svira gitara
Jer ako mira nema
Nek nas vode ravno do dna. Zovimo cigane
Neka cijele noći svira gitara
Jer ako ljubavi nema
Nek nas vode ravno do dna. Kada vidiš prvi sjaj iznad grada
Ja ću već s ciganima biti daleko
Ne želim biti tvoje ljubavi gladan
Jer ovaj život prekratko traje
Radije nek se zaborave
Kad su nestati morale
Noći nježne i bezdane
Što sam ih dijelio s tobom, baby. Ne okreći se
Zaboravi me","All my ex-loves are sad
Was all that just a dream?
In the middle of taverns and a crowd
I've been left alone again
Your eyes are absent
Your lips don't offer me relish
Don't ask me when am I going to come
Our time has passed. Dont turn around
Forget me. Let's call the gypsies
The guitar shall play all night long
Because if there's no peace
They shall take us straight to the bottom. Let's call the gypsies
The guitar shall play all night long
Because if there's no love
They shall take us straight to the bottom. When you see the first shine above the city,
I'll already be far away with the gypsies
I don't want to be hungry for your love
Because this life lasts too little
I'll rather forget them
If they had to disappear
Tender and infinite nights
Which I used to share with you, baby. Dont turn around
Forget me",https://lyricstranslate.com/en/ne-okreci-se-dont-turn-around.html-0,,,
21,0iPNl+uu_1_21,Darko Rundek,Darko Rundek,Ne zaboravi me,7129,"Ne zaboravi me, mada kasno je
ne zaboravi mene, ne, ne
jer bez tebe ja vise nemam sna
vise nemam sna, vise nemam sna

Nista vise nemamo
kamo dalje ne znamo
ali moje srce je
s tvojim cvrsto vezano
 
Tu su prazne ladice
tu je pec sto hladi se
al' su jake navike
i refleksi panike

Ne zaboravi me, mada kasno je
makar su prosle godine
ne, ne, makar ti godine
zaboravi me, zaboravi me, zaboravi me

Daleko sam od tebe
daleko sam od sebe
dok mjesec sija u noc me gleda

Ne zaboravi me, mada kasno je
ne zaboravi me, ne
jer bez tebe ja vise nemam sna
vise nemam sna","https://tekstovi.net/2,1623,49720.html",,Ne zaboravi me,,,"Ne zaboravi me
mada kasno je
ne zaboravi mene
ne ne
jer bez tebe ja
više nemam sna. Ništa više nemamo
kamo dalje ne znamo
moje srce s tvojim čvrsto vezano. Tu su prazne ladice
tu je peć što hladi se
al' su jake navike
i refleksi panike. Ne zaboravi me
mada kasno je
makar su prošle godine
makar ti godi ne
zaboravi me
zaboravi ne
zaboravi me. Daleko sam od tebe
daleko sam od sebe
dok mesec cijelu noć
me gleda. Ne zaboravi me
mada kasno je
ne zaboravi mene
jer bez tebe ja
više nemam sna
jer bez tebe ja
više nemam sna...",,https://lyricstranslate.com/en/darko-rundek-ne-zaboravi-me-lyrics.html,,,
22,0iPNl+uu_1_22,Darko Rundek,Darko Rundek,Old boy,5025,"Boze, kakav dan, moze

Crni andjeli su bili k' meni poslani
jos u davno doba kad sam bio pionir
sve su tajne moga srca oni ponjeli
sve su moje mlade nade oni pojeli
 

Sad je prekasno da trazim nove putove
sad je prekasno da stvaram nove nazore
na ramena su mi sjele brige preteske
cesto ispred svoga lica gledam resetke

Ref. 2x
Gledas si kroz prste stari moj
gledas si kroz prste

old boy","https://tekstovi.net/2,1623,32939.html",,,,,,,,,,
23,0iPNl+uu_1_23,Darko Rundek,Darko Rundek,Otok,15012,"Postoji otok osuncan
nekima od nas od davnina znan
o njem' od djetinjstva razmisljam
a sad je stigao i taj dan

Ref. 2x
Pa zbogom, sive luke i oblaci
dizem sidro i odlazim
i tuzan sam i nesretan
jer je rekla moja mala da cu ici sam

Ref. 5x","https://tekstovi.net/2,1623,33012.html",,,,,,,,['Darko Rundek'],https://diskografija.com/pjesma/otok-13170.htm,Otok
24,0iPNl+uu_1_24,Darko Rundek,Darko Rundek,Pjescane oluje (feat. Ekipa),390,"Ti dizes pjescane oluje golim tijelom
dok sa smjeskom da snijeg se cuje
tako vjesto da mislis, tu je predivna

A onda, kad je kasno
i kada vise nema nade
odjednom znas da svi to rade
pa zasto ne bi ti i ja

I svaki dodir, kad smo skupa
je cijelo tijelo dodira
to celo gori, to srce lupa
to se ljubav rodila","https://tekstovi.net/2,1623,63070.html",,,,,,,,,,
25,0iPNl+uu_1_25,Darko Rundek,Darko Rundek,Podne (feat. Cargo orkestar),5132,"Podne
u mojoj glavi
kuca sedam puta

Seljaci 
bruse kose
u hladu starih vrba
 
Oblacim crne hlace na crtu
i bijelu kosulju na znojni vrat

Tako sam danas mlad

Cure zanju o oceane
topole, u stroju
zdravo generale
iza brda cuci grad

Ja na asfalt idem djonom
pogled mi je crn k'o trn

Tu sam

Evo me","https://tekstovi.net/2,1623,33014.html",,,,,,,,,,
26,0iPNl+uu_1_26,Darko Rundek,Darko Rundek,Ponoc,6676,"Ponoc je pala, tiha
preko nasih bijelih njiva
pahuljama smjelim je zasula tihi dom

Sedmoro djece sniva
Bozica plamene svece
samo sestre Sonje glava
sniva vjecni san

Ref. 3x
I skakucu lavovi, srne
iskrama zasutih stepa
gdje Sonjina nozica lijepa
nece vise
nikada","https://tekstovi.net/2,1623,33015.html",,,,,,,,,,
27,0iPNl+uu_1_27,Darko Rundek,Darko Rundek,Put u sumrak,12490,"Poci cemo izvan grada 
krecemo na put, u sumrak 
zavjesa od kise pada 
drvoredi piju sumrak 

Biti daleko od tih divnih ljudi 
sto su zaboravili smijeh 
a nama, nek' se u odsustvu sudi 
jer mi smo posli zauvjek 
U sumrak 
 
Otisli smo iznenada 
ne znamo sto nosi sutra 
blijedo svjetlo Listopada 
zute pumpe, pored puta 

I svako novo jutro dok nas budi 
polako zamesti ce trag 
misli ne priznaju, al' srce sluti 
da ovaj dugi let je pad 
U sumrak","https://tekstovi.net/2,1623,32940.html",Darko Rundek & Cargo Orkestar,Put u sumrak,Road to dusk,,"Poći ćemo izvan grada
1
Krećemo na put u sumrak
Zavjesa od kiše pada
Drvoredi piju sumrak. Biti daleko od tih divnih ljudi
Što su zaboravili smijeh
A nama nek se u otsustvu sudi
Jer mi smo pošli zauvjek. U sumrak. Otišli smo iznenada
Ne znamo što nosi sutra
Blijedo svjetlo listopada
Žute pumpe pored puta. I svako novo jutro dok nas budi
Polako zamesti će trag
Misli ne priznaju al srce sluti
Da ovaj dugi let je pad. U sumrak","We will go far away from the town
We going on road to dusk
Curtain made of rain is falling
Alleys drink dusk. Being away from all of these wonderful people
Who are forgotten laugh
Let they complain us when we are not here
Because we are gone forever. To dusk. We are gone suddenly
We don't know what tomorrow will bring
Pale and bright October
Yellow pumps by road. And each new morning when it wake up us
It going slowly to conceal the trail
Thoughts not recognized but my heart suspects
That this flight is fall. To dusk",https://lyricstranslate.com/en/put-u-sumrak-road-dusk.html,,,
28,0iPNl+uu_1_28,Darko Rundek,Darko Rundek,Ruke,26699,"Ref.
Pusti da ti sviram
dusa gine, od tisine
i ne boj se buke
to sto svira, to su ruke

Jutros si zaboravio sve
sto te drzalo skupa
ovaj dan, sto na prozor lupa
nije tvoj, nije tvoj
 
Oko tebe, sute stvari
tvoj krevet i stol te nijemo gledaju
sa zidova vise trice
tek, da te grubo sjecaju

U sjenama tih, vremenama(vremenima),tih vremena
slutis, prevaru, izdaju, izdaju

Ref. 2x","https://tekstovi.net/2,1623,29188.html","Darko Rundek, Dusan Vranic, Blaise Catala, Djani Pervan",Ruke,Hands,Ruke (2002),"Pa pusti da ti sviram
1
Duša gine od tišne
I ne boj se buke
To što svira to su ruke. Jutros
Si zaboravio sve
Što te držalo skupa
Ovaj dan što na prozor lupa
Nije tvoj. Oko tebe šute stvari
Tvoj krevet i stol te nijemo
Gledaju
Sa zidova vise trice
Tek da te grubo
Sjećaju
U sjenama tih vremenama tih vremena
Slutiš prevaru
Izdaju u u u u. Pa pusti da ti sviram
Duša gine od tišne
I ne boj se buke
To što svira to su ruke","Oh, let me play for you
The soul is dying from silence
Don't be afraid of the noise
It's the hands that are playing. This morning
You forgot everything
That was holding you together
This day that is knocking on the window
Is not yours. Things are silent around you
Your bed and your table are silently
Watching you
Baubles hanging from the walls
Just so that they would roughly
Remind you
In the shadows of those times with those times
You are anticipating a fraud
A treason. Oh, let me play for you
The soul is dying from silence
Don't be afraid of the noise
It's the hands that are playing",https://lyricstranslate.com/en/ruke-hands.html-0,['Darko Rundek'],https://diskografija.com/pjesma/ruke-13183.htm,Ruke
29,0iPNl+uu_1_29,Darko Rundek,Darko Rundek,Sanjam,16863,"Sjedim sam u zagrljaju sile
a krila su mi spremna za let
sa druge strane
nikada i nigdje
jedno svjetlo poziva me

A zemlja je
ispod nogu tako njezna
gleda me
i ceka da se predam
 
Sto mi to ne da
sto mi to ne da
ne da mi da krenem na put

Sto mi to ne da
sto mi to ne da
i tjera me da ostanem tu

I opet sanjam
sanjam

Hajde sjeti se djecaka koji maglu pije
da se skrije od sebe jer nema sa kim
ne zna kako da gleda u ponor i vatru
i kako da slusa taj ogromni zvuk

Sto se valja
 i sve je tajna

I opet sanjam
sanjam","https://tekstovi.net/2,1623,33016.html","DARKO RUNDEK, DUSAN VRANIC, BLAISE CATALA, DJANI PERVAN",Sanjam,I'm dreaming,Ruke (2002),"Sjedim sam u zagrljaju Sile
1
A krila su mi spremna za let
Sa druge strane
Nikada i nigdje
Jedno svjetlo poziva me
A zemlja je
Ispod nogu tako nježna
Gleda me
I čeka da se predam. Što mi to ne da. Što mi to ne da
Ne da mi da krenem na put. Što mi to ne da
Što mi to ne da. I tjera me da ostanem tu. I opet sanjam
Sanjam. Hajde sjeti se dječaka koji maglu pije
Da se skrije od sebe jer nema sa kim
Ne zna kako da gleda u ponor i vatru
I kako da sluša taj ogromni zvuk
Što se valja
I nada sve je manja - i sve je tajna. I opet sanja
Sanja","I'm sitting alone in the embrace of the Force
And my wings are ready for flight
From the other side
Never and nowhere
One light is calling me
And land is
So gentle under my feet
It's looking at me
And waiting for me to surrender. What's that which doesn't let me. What's that which doesn't let me
Doesn't let me to go on a trip. What's that which doesn't let me
What's that which doesn't let me. And forces me to stay here. And I'm dreaming again
I'm dreaming. C'mon, remember the boy who drinks mist
So he can hide from himself because ha has no one
He doesn't know how to look in the abyss and fire
And how to listen that enormous sound
Which wallows
And hope is getting smaller and everything is secret. And he's dreaming again
He's dreaming",https://lyricstranslate.com/en/sanjam-im-dreaming.html-0,,,
30,0iPNl+uu_1_30,Darko Rundek,Darko Rundek,Senor,8013,"Vani je opet zima
i opet cure prate vlakove
u ovoj glavi ista bol
u tijelu stari smrad od rakije

Za sve je magla kriva
i ovaj grad me rijetko nasmije
ti samo stavi vrc na stol
nasa se radnja zbiva kasnije
 
No trouble at all

Uvijek si sa mnom

I kada ti se ne javljam danima
i kad vrijeme me mijenja
i kad postanem lijen ja
i kada ne znam za to (sto)

Ipak uvijek me zanima
da li jos si me zeljna
da l' u dnu tvoga tijela jos uvijek
ista je bol

Uvijek si sa mnom

Ti samo stavi vrc na stol
nasa se radnja zbiva kasnije

No trouble at all

If you call me senor","https://tekstovi.net/2,1623,32966.html",Darko Rundek,Señor,Señor,Apokalipso,"vani je opet zima
1
i opet cure prate vlakove. u ovoj glavi ista bol
u tijelu stari smrad od
rakije. za sve je magla kriva
i ovaj grad me rijetko nasmije. ti samo stavi vrč na stol
naša se radnja zbiva
kasnije. no trouble at all
no trouble at all. uvijek si sa mnom. i kada
ti se ne javljam danima
i kad vrijeme me mijenja
i kad postanem lijen ja
i kada
ne znam za to
(što?)
ipak uvijek me zanima
da li još si me željna
da l’ u dnu tvoga tijela
još uvijek
ista je bol. uvijek si sa mnom. if you call me señor","It's cold outside again
and the girls are following trains again. The same pain is in this head,
there's the old smell of brandy in the body. The fog is at fault for everything
and this city rarely makes me smile. Just put the jug on the table,
our plot is happening
later. No trouble at all
No trouble at all. You're always with me. And when
I don't respond for days
and when time changes me
and when i get lazy
and when
I don't know about it
(What?)
Still, I'm always curious
whether you still want me.
At the bottom of your body,
is there still
the same pain?. You're always with me. If you call me señor",https://lyricstranslate.com/en/se%C3%B1or-se%C3%B1or.html-2,['Darko Rundek'],https://diskografija.com/pjesma/slick-senorita-25055.htm,Slick senorita
31,0iPNl+uu_1_31,Darko Rundek,Darko Rundek,Sjaj sto izdaje,29231,"Al' jednog dana su tvoje oci same priznale
da htjela bi da sam s tobom
dok spava grad

I kako da sad nazovem taj sjaj sto izdaje
da poci cu s tobom sad
ili bilo kad

Dugo ti si to od mene krila
i nasla uvijek nove zaklone
al svake noci isti san si snila
da ti si meni mila
i da mi dajes sve","https://tekstovi.net/2,1623,33043.html",,Sjaj što izdaje,Shine that issues,Ruke (2002),"Al jednog dana su tvoje oči same priznale
1
da htjela bi da sam s tobom
dok spava grad. I kako da sad nazovem taj sjaj što izdaje
da poći cu s tobom sad
ili bilo kad. Dugo ti si to od mene krila
i našla uvijek nove zaklone
al svake noći isti san si snila
da ti si meni mila
i da mi daješ sve. Al jednog dana su tvoje oči same priznale
da htjela bi da sam s tobom
dok spava grad. I kako da sad nazovem taj sjaj što izdaje
da poći cu s tobom sad
ili bilo kad. Dugo ti si to od mene krila
i našla uvijek nove zaklone
al svake noći isti san si snila
da ti si meni mila
i da mi daješ sve","But one day your eyes admitted themselves
that you'd want me to be with you
while the city sleeps. And now how do I call that shine that issues
that I'll go with you now
or anytime. You kept that from me for a long time
and always found new shelters
but every night you've dreamed the same dream
that you're dear to me
and that you give me everything. But one day your eyes admitted themselves
that you'd want me to be with you
while the city sleeps. And now how do I call that shine that issues
that I'll go with you now
or anytime. You kept that from me for a long time
and always found new shelters
but every night you've dreamed the same dream
that you're dear to me
and that you give me everything",https://lyricstranslate.com/en/sjaj-%C5%A1to-izdaje-shine-issues.html,['Darko Rundek'],https://diskografija.com/pjesma/sjaj-sto-izdaje-13184.htm,Sjaj što izdaje
32,0iPNl+uu_1_32,Darko Rundek,Darko Rundek,Stojim i gledam se kako postojim,16193,"Jedno dijete zagrizlo jabuku
 izazovno gledajuci psa
 koji je s nerazumijevanjem okrenuo glavu
 i ne primjetivsi macku
 koja ga je vec neko vrijeme imala
na oku i sad mekim pokretom preko svinutog stabla presla u dvoriste
 
Stari covjek izvrce Slobodnu Dalmaciju nasavsi clanak
koji ga zanima i bolje namijesta naocale

Na prozoru prvo izljece plahta
 a za njom ruke
neke mozda mlade zene
 mozda mlade zene

U kaficu su pojacali muziku
ti imas bijelu bluzu i crnu suknju
 i kosa ti je uredna
mislio sam da je Borosana izumrla
zamisljena si

Mozda mislis na mene
mozda nismo dovoljno pazili
mozda si dobila

Sjecanje na dodir mijesa se sa ostrim prisustvom palminih grana 
i posebnom akustikom koju donosi
zuckast zrak toplog ranog sumraka
 i mirisom plastike od jeftinih
 igracki za plazu koje polagano pakiraju
dnevni prodavaci

 Mijesa se sa dodirom friske bijele
majice na slanoj kozi
 i naostrenim bradavicama
 sa mirisom davno otopljenog sladoleda
 iz nedojedenih korneta i papira iz kante pored sladoledarice u
gornjem dijelu badekostima

I sa upijenim suncem koje zraci iz zgoljavih tijela dva musava klinca koji se tu muvaju kao psi lutalice
u daljini prolazi brod cruiser 
na kojem kao da se priprema bal

A ja stojim i gledam se kako postojim

Ajmo veceras uzet barku od tvog starog 
 crna vesla, kad oni pripreme balnike
eno ti ona vesla
 kroz trag mjesecine prema brodu

Tiho se suljamo i dodjemo do onog strika
 koji, koji veze sidro za brod 
ti si vec u vecernjoj haljini
 ja vec u taksidu
ti si ponjela nakit od tvoje bake

Popnemo se po uzetu gore do palube
smrljivo negdje, negdje na krmi
i samo se uvucemo medju gomilu
na palubi se vec toci sampanjac
gore lampioni, a meksikanska kapela
na najvecoj palubi vec pocinje svirati 
onu staru meksikansku pjesmu
 na koju smo se zajedno jezili
 ti i ja, ti i ja draga
i ulazimo na podij, pjesma pocinje 
i frajer sa sombrerom pjeva

Cantando bajo la luna
Yo se que la vida es sueno
El sueno es querer
El sueno es morir
Por eso quiero saber
Por que me duele tanto
Que stastan lejos
Lejos de mi alma, de mi cuerpo
De mi corazon

Si estarias a mi lado
Navegariamos tratranquilos por los suenos
Mientras la luna en nuestra laguna
No para de reir

A ja stojim i gledam te kako postojis
i ti stojis i gledas me kako postojim
i ti stojis i gledas se kako postojis
a ja stojim i gledam te kako postojis

E stoi i me veo egzistir","https://tekstovi.net/2,1623,33042.html","Darko Rundek, Dusan Vranic, Blaise Catala, Djani Pervan",Stojim i gledam se kako postojim,I stand and watch myself exist,,"Jedno dijete je zagrizlo jabuku izazovno gledajući
1
Psa, koji je s nerazumijevanjem okrenuo glavu i ne
Primijetivši mačku, koja ga je već neko vrijeme imala
Na oku i sad mekim pokretom preko svinutog stabla
Prešla u dvorište. Stari čovjek izvrće Slobodnu Dalmaciju našavši članak
Koji ga zanima i bolje namješta naočale. Kroz prozor prvo izlijeće plahta, a za njom ruke
Neke možda mlade žene. Možda mlade žene. U kafiću su pojačali muziku. Ti imaš bijelu bluzu i crnu suknju i kosa ti je uredna
Mislio sam da je Borosana izumrla. Zamišljena si. Možda misliš na mene
Možda nismo dovoljno pazili
Možda si dobila. Sjećanje na dodir miješa se sa oštrim prisustvom
Palminih grana i posebnom akustikom koju donosi
Žućkast zrak toplog ranog sumraka i mirisom plastike
Od jeftinih igrački za plažu koje polagano pakiraju
Dnevni prodavači. Miješa se sa dodirom friške bijele
Majice na slanoj koži i naoštrenim bradavicama.
Sa mirisom davno otopljenog sladoleda iz nedojedenih
Korneta i papira iz kante pored sladoledarice u
Gornjem dijelu bade-kostima
I sa upijenim suncem koje zrači iz žgoljavih tijela
Dva musava klinca koji se tu muvaju kao psi lutalice
U daljini prolazi brod kruzer na kojem kao da se
Priprema bal. Na kojem kao da se priprema bal. A ja stojim i gledam se kako postojim. Ajmo večeras uzet barku od tvog starog i krenuti
Na vesla kroz trag mjesečine prema velikom brodu
Kruzeru
Ti već u večernjoj haljini ja već u taksidu
Ti si ponijela nakit od tvoje bake
Tiho se šuljamo i popnemo se po onom štriku koji
Veže sidro za brod i umješamo se u gomilu
Gore već gore lampioni, toči se šampanjac, a na
Najvećoj palubi meksikanska kapela svira onu staru
Pjesmu na koju smo se zajedno ježili ti i ja draga.
Draga? Aha.
Popnemo se na podij, pjesma počinje i frajer sa
sombrerom pjeva:. Cantando bajo la luna
Yo se que la vida es sueño
El sueno es querer
El sueno es morir. Por eso quiero saber
Porque me duelle tanto
Que stas tan lejos. Lejos de mi alma,
De mi cuerpo
De mi corazon. Si estarias a mi lado
Navegariamos tranquilos por los sueňos
Mientras la luna en nuestra laguna
No para de reir. A ja stojim i gledam te kako postojiš
I ti stojiš i gledaš me kako postojim. E stoi i me veo existir","A child took a bite of an apple with a provoking look on his face
A dog, turning his head unsympathetically all the while not noticing
the cat that had been staring at him all this time
and was now slowly crossing a bent table into the yard. An old man browsing through Slobodna Dalmacija (newspaper) finding the heading that
interests him and readjusting his glasses.. Through a window a sheet proceeds a what might be a young
woman's hand. perhaps a young woman's
I was under the impression Borosana was extinct. You are lost in thought. Perhaps you re thinking of me
Perhaps we weren't careful enough
Perhaps you got it. The memory of a touch is mixed with a sharp presence
of palm leafs and a particular accounstic brought by
the yellowish air of an early nightfall and the scent of plastic
cheap beachtoys that are slowly packed away by the daily
salespeople.
All of this and the touch of a fresh white shirt on
a salty skin and hard nipples
The scent of melted ice cream from long unfinished ice cream cones and paper
out of the ice cream place's bin.
The top of a bikini
and the rays coming of skinny sun absorbed bodies
two dirty faced kids hanging around here like stray dogs
IN the distance a cruiser ship sails by looking as if it were prepared for a ball. And I m just standing watching myself exist.. Let's take out your old man's boat tonight and go
paddling trough moonlight towards the big cruiser ship
You, dressed in your evening gown and I, already in my tuxido.
You brought your grandmother's jewellery
Slowly we'll creep up and climb up on that rope
that ties the anchor to the boat and we ll just mingle in the crowd
Upstairs the lanterns have already been lit and champagne is being poored and
on the biggest deck a Mexican band is playing that old
song that gave both of us goosebumps my darling
darling?? Yeah.. We ll get up on stage, the song begins and a guy
with a sombrero sings:. cantando bajo la luna
Yo se que la vida es sueño
El sueno es querer
El sueno es morir. por eso quiero saber
Porque me duelle tanto
Que stas tan lejos. Lejos de mi alma,
de mi cuerpo
De mi corazon. Si estarias a mi lado
Navegariamos tratranquilos por los sueňos
Mientras la luna en nuestra laguna
No para de reir. And I stand watching you exist
and u stand watching me exist. e stoi i me veo existir",https://lyricstranslate.com/en/stojim-i-gledam-se-kako-postojim-i-stand-and-watch-myself-exist.html,,,
33,0iPNl+uu_1_33,Darko Rundek,Darko Rundek,Strajk zeljeznicara,3464,"Bas sam gladan
bas sam ljut
noc je hladna
dugi je put
jos daleko od grada
jos daleko sam ja
jos na granici sanjanja
 
Kroz tunele
kroz kanjone
sprijeda para
straga tone
ne znam cemu se nadam
mozda skretnicar zna
raste tlak u masinama

Nisu suze od brzoga zraka
nit' je stenjanje od ugljena
nek se podigne stisnuta saka
nek nas povede u bolje dane

Ej, sve mehana zna
da nisam sluga ja
snaga ukradena
necu na koljena

Nikad od sada","https://tekstovi.net/2,1623,33040.html",,,,,,,,,,
34,0iPNl+uu_1_34,Darko Rundek,Darko Rundek,Suvar i varivo,4115,"(Prekopavam po tavanu
po starim stvarima
tu je strgana stolica
tu su stari casopisi
 fotelja i ormar
iza ormara su pale
stare kozne sandale)
 
U svojim starim koznim sandalama
nikad nisam bio nesretan
zaplesale bi uvijek kad bih je sreo
u njima nikad nisam bio sam
jer imao sam drustvo cijeli dan
u mome rodnom gradu plesala se 
samba, rumba, ca-ca-ca

Kakve su to samo bile godine
nikad nisam htio ostaviti sve
prepune su tajni bile noci
nikad nisi znao sto ce doci
makar se je jelo samo jedno jelo

A danas imamo juhu i suvar i varivo
juhuuuu","https://tekstovi.net/2,1623,33039.html",,,,,,,,,,
35,0iPNl+uu_1_35,Darko Rundek,Darko Rundek,Svitanje (feat. Cargo Orkestar),8101,"Kada proguta zapad 
obje nebeske lade 
i kada zavlada tmina 
mracna i nevina 

Tada se ruke i oci 
duse i tijela traze 
jer je izgubljen put 
u procjepu vremena 
 
I sva ta pitanja 
vode do svitanja 

Ti sto su odgovor znali 
tamo su ostalli
a ti srecu suzama zalij 
uzmi a ostavi","https://tekstovi.net/2,1623,33038.html",,,,,,,,,,
36,0iPNl+uu_1_36,Darko Rundek,Darko Rundek,Tamni jorgovan (feat. Ekipa),1331,"Novo proljece je otpocelo s cudima
kada sam se spustio u grad
i odmah se susreo sa ljudima
koje nisam videl tristo godina

Iznenada nesto nas obuzima
kao da nije nikada dosad
razlila se toplina po grudima
dusa beznadna, a srce nema dna
 
Ref.
I andjeli su rasirili krila
i cure su se obukle za bal
i moja nikad nije ljepsa bila
a na reveru tamni jorgovan

Ref.","https://tekstovi.net/2,1623,63068.html",,Tigidigi rege,,Ruke (2002),"Novo proljeće je otpočelo s čudima.
Kada sam se spustio u grad
i odmah se susreo sa ljudima,
koje nisam videl 300 godina.. I iznenada nešto nas obuzima
ko da nije nikada do sad.
Razlila se toplina po grudima,
a preko Save plovi mjesec mlad
(duša beznadna a srce nema dna).. I anđeli su raširili krila
i cure su se obukle za bal
i moja nikad nije ljepša bila,
a na reveru Tamni jorgovan.. Jam diri diri diri, jam diridiridiriri
Jam daj dam...
Diridiridiri jam diri.... I da li me to vara osjećaj
Ili si me zaboravila.
Pusti nek te nosi (zaborav),
ali znaj
da je sad već prekasno za kraj.",,https://lyricstranslate.com/en/darko-rundek-tigidigi-rege-lyrics.html,['Darko Rundek'],https://diskografija.com/pjesma/tigidigi-rege-13186.htm,Tigidigi rege
37,0iPNl+uu_1_37,Darko Rundek,Darko Rundek,Theme 58,4204,"Kad se zatvore zadnje birtije
i kad gradom opet ides sam
i ko da nikad prije nije
svice dan
cak i za budale ko ti

Tada nema nikog iza ledja
ispred tebe samo tihi zrak
jedan poljubac jos obraz grije
i sve znas
sad si free
 
Ref.
Ova pjesma nema kraj
ova pjesma ima rimu
ona ima toplu klimu
i u oku ima sjaj
ajajaj

Ova pjesma pjeva dur
ova pjesma je polako
al da ne shvatis olako
izraz nece biti stur
niti kratak

Znas da umjetnost je svaki korak
znas da promasaj je svaki cilj
samo ako nadjes pravi ritam
to si ti
si, si, si

Ref.","https://tekstovi.net/2,1623,33037.html",,,,,,,,,,
38,0iPNl+uu_1_38,Darko Rundek,Darko Rundek,Ti i ja,14778,"Sami setamo
pustim ulicama grada
duboka je noc
i kisa tiho pada
gledam ti u uho
i gledam ti nos
stvarno vec dugo
nismo bili tako blizu
 
Ref. 4x
Ti i ja

Goli lebdimo
nad mokrim krovovima grada
ugodna je noc
i tjela su nam mlada
mekane slike nas vuku u san
jutarnje buke
mi ostavljamo javi

Ref. 4x
ti si ja

Stihija","https://tekstovi.net/2,1623,33036.html",,,,,,,,,,
39,0iPNl+uu_1_39,Darko Rundek,Darko Rundek,Tko su svi ti ljudi (feat. Ekipa),779,"Ptice su promijenile cvrkut
ceste su promijenile smjer
sunce je promijenilo oblik
tvoj se promijenio lik

Ref.
Svako malo si na tren netko drugi
svako malo netko drugi je ti
tko, tko, tko, tko su
tko su svi ti ljudi
koji ne znaju sutjeti
 
Vijci su zapeli u stroju
ceste su promijenile smjer
brojke su nestale u zbroju
moja rijec vise znaci 
uz tvoju rijec

Cini ti se da se nesto lijepo pokrece
cini ti se da iz rana raste cvijece
cini se da se neke stvari zalijece
cini ti se da se one vratiti nikad nece

Ref.

Zelim ti ugodan i obican
dan na povrsini    

Ne negdje duboko u snu
nego sad i tu","https://tekstovi.net/2,1623,63066.html",,,,,,,,,,
40,0iPNl+uu_1_40,Darko Rundek,Darko Rundek,Tranzit,5429,"Ko mnogo puta do sada
ti si cula moj glas
kisa uporno pada
sad je vrijeme za nas

Ti si navukla zavjese
al' je ostao sum
tvoje njezno i spremno tijelo kaze
on je sad tu
a vrijeme ide i ide
i ide
 
Ko mnogo puta do sada
ja sam ponovo tu
ova noc je jos mlada
stvari ne idu po zlu

Noc je podigla zavjese
tako kratak je put
nisam znao da cu tako brzo opet
biti u Zagrebu

Jer vrijeme ide i ide
i ide","https://tekstovi.net/2,1623,33035.html",,,,,,,,,,
41,0iPNl+uu_1_41,Darko Rundek,Darko Rundek,U sirokom svijetu,7192,"Kad jutro u dvoristu 
osvane s mirisom dima
i sivi su oblaci izmedju nas
i visina

U doba kad zima je odavno
mahnula ljetu
znas li kako je mucno i tuzno
u sirokom svijetu
 
Kad gore u granama ostanu
crna i zuta
i kad u hodniku osjetis
miris kaputa

U doba kad kise po poljima
potoke pletu
znas li kako je mucno i tuzno
u sirokom svijetu","https://tekstovi.net/2,1623,33034.html",,,,,,,,['Darko Rundek'],https://diskografija.com/pjesma/u-sirokom-svijetu-13176.htm,U širokom svijetu
42,0iPNl+uu_1_42,Darko Rundek,Darko Rundek,Uajdalalaj,4571,"Svoje misli mi naturaju
da mi lakse prate tragove
ti smrdljivci sa ekrana, kina
i iz novina

Nedam poreze ni namete
necu zajmove ni kamate
pijem pivu, vani sunce sija
zivjela anarhija
 
Ref. 2x
Uajdalalaj
uajdalalajlaj
uajdalalajlaj
uajdalajlaj

Ova kuca vise ne lici na dom
punim pluca, idem zivjeti sa njom
moji ljudi nikom na se ne daju
al' se vinu ipak rado predaju

Ref. 2x

Kad krenes niz duge ulice
uz nekoj zemlji mira
sam i bez papira
samo uci i ne cudi se
kad iz neke krcme zasvira

Ref. 4x

San, san, san ostaje

Ajde ne seri braco
ti ko da nemas muda
udruzi se sa cacom
taj stari radi cuda

Ajde ne seri miki
nisi u Costariki
nisi u Casablanci
ovdje se jedu zganci","https://tekstovi.net/2,1623,33033.html",,,,,,,,,,
43,0iPNl+uu_1_43,Darko Rundek,Darko Rundek,Unutarnji glas (feat. Ekipa),402,"Vani je mrkla noc
padaju zvijezde
i mobiteli zvone

Kad me nitko ne treba
nitko me ni ne zove
 
Slusam kako pjeva
unutarnji glas
slusam kako pjeva
kako zove nas

A ja znam 
samo tvoj broj
i nikad ga ne nazovem

Pa ni noci ove","https://tekstovi.net/2,1623,63067.html",,,,,,,,,,
44,0iPNl+uu_1_44,Darko Rundek,Darko Rundek,Uspomena,8793,"Pogledaj, gasi se ljeto
rose su bose
u travi

Vidim da zaboravljas sve to
zriju ti dunje
u glavi
 
Ides niz strme ulice
mame te pune trznice
oko tebe se roje pcele
slatka kao med

Prolazis ti
i dugo slusas u se

A ja sam sada samo uspomena

Hej!","https://tekstovi.net/2,1623,32988.html",,Uspomene,Memories,,"Pogledaj, gasi se ljeto
Rose su bose
U travi. Vidim da zaboravljaš sve to
Zriju ti dunje
U glavi. Ideš niz strme ulice
Mame te pune tržnice
Oko tebe se roje pčele
Slatka kao med. Prolaziš ti
I dugo slušaš u se. A ja sam sada samo uspomena. Hej!","Look, the summer is wearing off
The drops of dew are barefoot
In the grass. I see you're forgetting all that
The quince are ripenning
In your head. You're walking down a steep street
Lured by crowded malls
Swarming bees around you
And you're as sweet as honey. You're passing by
For a long while listening inside. And I am now only a memory. Hey!",https://lyricstranslate.com/en/uspomene-memories.html-0,,,
45,0iPNl+uu_1_45,Darko Rundek,Darko Rundek,Uzalud pitas,17180,"Kol'ko si puta gledala kad se vracahu mladi momci s' megdana
svaki htio poljupcem da se umije

Prvi bi bio previse grub
na drugom bi bilo previse rana
ni jedan tvome oholom srcu drag nije
 
Svijetlo na tvome prozoru cesto blijedi pred prvim zrakama dana
kad vani nema nikoga da zaviruje

Krevet je tvrd i duga je noc
'ajde pogledaj kakvo vrijeme se sprema
a doma nema goluba da te miluje

Teske se kise spremaju
kroz tvoj se prozor samo jablani vide
nad gradom munje sijevaju
uzalud pitas ko ide

Budaline u planine
pustahije kroz kapije

Stari strazari zijevaju
kroz tvoj se prozor samo jablani vide
daleki momci pjevaju
uzalud pitas ko ide

Budaline u planine
pustahije kroz kapije 

Pogasi sve i budi vesela
jer ljubav je za nas tek pocela","https://tekstovi.net/2,1623,33216.html",,Uzalud pitaš - koncertna,You are asking in vain - concert version,,"kolko si puta gledala kad se
1
vraćahu mladi momci s megdana
i svaki je htio poljupcem
da se umije?. prvi bi bio previše grub
a na drugom bi bilo previše rana
ni jedan tvome oholom srcu
drag nije. svijetlo na tvome prozoru često
blijedi pred prvim zrakama dana
kad vani nema nikoga da zaviruje
krevet je tvrd i duga je noć
ajde pogledaj kakvo vrijeme se sprema
a doma nema goluba da te miluje. teške se kiše spremaju
kroz tvoj se prozor
samo jablani vide
nad gradom munje sijevaju. uzalud pitaš ko ide.... budaline u planine
pustahije kroz kapije. Šejn. svijetlo na tvome prozoru često
blijedi pred prvim zrakama dana
kad vani nema nikoga da zaviruje
krevet je tvrd i duga je noć
ajde pogledaj kakvo vrijeme se sprema
a doma nema goluba da te miluje. stari stražari zijevaju
kroz tvoj se prozor
samo jablani vide
daleki momci pjevaju. uzalud pitaš ko ide.... budaline u planine
pustahije kroz kapije. ugasi sve
i budi vesela
jer ljubav je
za nas tek počela!","How many times did you watch when
young men returned from the duel
and each wanted a kiss
to wash his face?. the first one would be too rough
and the other would have too many wounds
neither to your arrogant heart
dear is not. the light on your window often
fades before the first rays of the day
when there is no one out there to peek
The bed is hard and the night is long
look at what weather is coming
and at home there is no pigeon to caress you. heavy rains are coming
through your window
only poplars are visible
over the city lightning strikes. you are asking in vain, who is coming.... fools in the mountains
brigands through the gates. the light on your window often
fades before the first rays of the day
when there is no one out there to peek
the bed is hard and the night is long
look at what weather is coming
and at home there is no pigeon to caress you. old guards are yawning
through your window
only poplars are visible
distant men are singing. you are asking in vain, who is coming. fools in the mountains
brigands through the gates. turn off everything
and be happy
as love has
just begun for us!",https://lyricstranslate.com/en/uzalud-pita%C5%A1-koncertna-you-are-asking-vain-concert-version.html,,,
46,0iPNl+uu_1_46,Darko Rundek,Darko Rundek,Voljeti stvarno (feat. Ekipa),2870,"Sjeti se prve noci
koju smo proveli zajedno
i onog naivnog obecanja
da cemo zauvijek dijeliti sve

A, sad je bajka stigla do kraja
blizi je pakao, nego raj
sad znas ono sto tad nisi znala
sad znas da ja nisam samo taj
 
Ref.
Da li ces me voljeti stvarno
imas li snage za to

Kad ti postane tijesno
nakon godina sto
i kad prestane pjesma
i otvori se dno

Da li ce ti biti svejedno
gdje i kako sam ja
ne govori, jer tajnu
samo srce zna

Ref. 2x

Da li ce ti biti svejedno
kad zamirise maj
je li ovo pocetak
ili je ovo kraj

Ref. 2x

Imas li snage za to","https://tekstovi.net/2,1623,63065.html",,Voljeti stvarno,To Love Truly,Brisani prostor,"Sjeti se prve noći
Koju smo proveli zajedno
I onog naivnog obećanja
Da ćemo zauvijek dijeliti sve. Al' sad je bajka stigla do kraja
Bliži je pakao nego raj
Sad znaš ono što tad nisi znala
Sad znaš da ja nisam uvijek taj. Dal' ćeš me voljeti stvarnog?
Imaš li snage za to?. Kad ti postane tijesno
Nakon godina sto
I kad prestane pjesma
I otvori se dno
Dal' će ti biti svejedno
Gdje i kako sam ja?
Ne govori jer tajnu
Samo srce zna. Dal' ćeš me voljeti stvarno?
Imaš li snage za to?. Kad ti postane tijesno
Nakon godina sto
I kad prestane pjesma
I otvori se dno
Dal' će ti biti svejedno
Kad zamiriše maj
Je li ovo početak
Il' je ovo kraj?. Dal' ćeš me voljeti stvarno?
Imaš li snage za to?. Imaš li snage za to?","Remember the first night
We spent together
And that naive promise
That we will forever share everything. But now the fairytale came to its end
Hell is closer than heaven
Now you know what you didn't know then
Now you know I am not always the one. Will you love the true me?
Do you have the strength to do that?. When you become cramped
After hundred years
And when the song stops
And bottom opens up
Will it be all the same to you
Where and how I am?
Don't say it because the secret is
Known only to the heart. Will you love me truly?
Do you have the strength for that?. When you become cramped
After hundred years
And when the song stops
And bottom opens up
Will it be all the same to you
When the fragrances of May appear
Is this the beginning
Or is this the end?. Will you love me truly?
Do you have the strength for that?. Do you have the strength for that?",https://lyricstranslate.com/en/voljeti-stvarno-love-truly.html,,,
47,0iPNl+uu_1_47,Darko Rundek,Darko Rundek,Vuk,8013,"Idem polako, sluzav mi je trag
pipnem si ledja, koji mi je vrag

Isklesano lice
pleca od papira
a ispod sesira
mrak
 
Vlaznu vecer gazim sam
bledi mjesec pozdravljam
ide zima laju psi
u magli smo zgubleni

Sve se posle zbira
tu ispod sesira

Grad mi ne da mira
dim iz birtija
i neon i on

Jos mi srce dira
laki korak cura
i parfem, pardon

Prvih pet - sest casa
jos se ruka moja trese
a kad desetu prinese
srce igra, oci krijese
vuk, postajem vuk

Od plavih nakaza iz mraka
ja se bogme vec ne bojim
ostrim okom ovce brojim
pod sesirom zvijezde rojim

Vuk, jednom rijecju vuk

Kako preti kuca, klopka
i prokleti trezni sati
'ko ce meni nade dati
put, da nadjem put

Pod sesirom zadnje zvijezde gasnu","https://tekstovi.net/2,1623,33025.html",,,,,,,,['Darko Rundek'],https://diskografija.com/pjesma/vuk-13167.htm,Vuk
48,0iPNl+uu_1_48,Darko Rundek,Darko Rundek,Za nas,4821,"Ona ustaje u pet
tocno sekundu prije sata
skida si viklere 
i pali radio

Onda prije nego ode budi sekicu i brata
kaze, vodit ce vas tata
ako nadje put do vrata
ako bude srdit, suti
 on je cijele noci radio za vas
 
Za vas

Na dnu sobe lezim budan
slusam otkucaje sata
sve mi je prisjelo
 i sve se zgadilo

Njen dragi tata 
nosi lanac oko vrata
a njen je dida ovu zemlju
 gradio za nas

Za nas

Oni niceg se ne srame
skacu s ramena na rame
sapcu one proste rijeci
o bogatstvu i o sreci

I o kulama od dima
sto vec vijekovima cekaju na nas
more se talasa
kraj njeg sjedi gol do pasa dasa

On bi kule na nebu gradio
al odavno nema s kim
zato uvijek se rado svadi on
ne govori man it s a dream","https://tekstovi.net/2,1623,49315.html",,,,,,,,,,
49,0iPNl+uu_1_49,Darko Rundek,Darko Rundek,Zagrebacka magla,6224,"Ne nije nista bilo
ne nema razloga
to nisu bile rijeci
to nije sudbina

Pobjeglo nam je stado
oko nas bijelo je
s tobom bih tako rado
dijelio cjelove
(to tajna ide gradom
i spusta velove)
 
K tebi me nagla
ova zagrebacka magla
k tebi me nagla
ova zagrebacka magla","https://tekstovi.net/2,1623,33024.html",,,,,,,,['Darko Rundek'],https://diskografija.com/pjesma/zagrebacka-magla-13169.htm,Zagrebačka magla
50,0iPNl+uu_1_50,Darko Rundek,Darko Rundek,Znak,12388,"Mi smo rodjeni u znaku
skriveni u podznaku
oznaku, pisi po oblaku
jesmo li upali u zamku
ili smo u koraku

Od prvog dana kada svijetom 
poteklo je mlijeko majcino
mi nesto znacimo
znamo mi koju stazu biramo
kad zakoracimo
 
Ref. 2x
Jedni polete visoko 
preko one crvene planine
u modre daljine
od krvi, suza i od znoja
bijele im se haljine

Drugi lutaju po mraku
traze tajne prolaze, odlaze
pa opet dolaze
i bez kraja svaki zbraja 
pobjede i poraze","https://tekstovi.net/2,1623,33810.html",,Znak,The Sign,,"MI SMO ROĐENI U ZNAKU
SKRIVENI U PODZNAKU
OZNAKU
PIŠI PO OBLAKU
JESMO LI UPALI U ZAMKU
ILI SMO U KORAKU. OD PRVOG ČASA KADA SVIJETOM
POTEKLO JE MLIJEKO MAJČINO
MI NEŠTO ZNAČIMO
ZNAMO LI KOJU STAZU BIRAMO
KAD ZAKORAČIMO. JEDNI POLETE VISOKO
PREKO ONE CRVENE PLANINE
U MODRE DALJINE
OD KRVI SUZA I OD ZNOJA
BIJELE IM SE HALJINE. DRUGI LUTAJU PO MRAKU
TRAŽE TAJNE PROLAZE
ODLAZE
PA OPET DOLAZE
I BEZ KRAJA SVAKI ZBRAJA
POBJEDE I PORAZE","We were born in a Sign
Hidden in an Ascendent
The Mark
Write it on a cloud
Have we fallen in a trap
Or are we on the right track. From the first moment
Mother's milk started flowing through the world
We have a meaning
Do we know which path we're choosing
When we take a step forward. Some fly high
Over that red mountain
In the blue distance
From blood, tears and sweat
Their gowns are white. Others wander in the dark
Seeking for hidden passages
They're leaving
And then coming back again
And without an end each of them counting
Their rises and falls",https://lyricstranslate.com/en/znak-sign.html-0,['Darko Rundek'],https://diskografija.com/pjesma/znak-25069.htm,Znak
51,0iPNl+uu_1_51,Darko Rundek,Darko Rundek,Zumbul,6738,"Sadila sam
sadila sam
bijelog zumbula
bijelog zumbula
a izrasla
a izrasla
cijela livada
cijela livada
 
Sijao sam
sijao sam
prah od pepela
zar od pepela
al' me prva
al' me prva
iskra prepala
iskra prepala

Ej ljubav jedina
jedina hej","https://tekstovi.net/2,1623,33017.html",,,,,,,,['Darko Rundek'],https://diskografija.com/pjesma/zumbul-13175.htm,Zumbul
52,0iPNl+uu_1_52,Darko Rundek,Darko Rundek,Zvuk oluje,7840,"Zagreb sniva miran san 
daleko je Amsterdam 
daleko su Capri, Pajo, Mirna 
Jinx i Jasmina 

Tihe su oranice 
s druge strane granice 
ali zvuk oluje cujes samo ti 
 
Nitko nema nikada 
sto bi da mu pripada 
nema kruha nema vina 
nema godina 

Ljuljaju se zavjese 
da nam kisu navjeste 
ali zvuk oluje cujes samo ti","https://tekstovi.net/2,1623,32989.html",,Zvuk Oluje,,,"Zagreb sniva miran san
Daleko je Amsterdam
Daleko su Capri, Pajo, Mirna
Jinx i Jasmina. Tihe su oranice
S druge strane granice
Ali zvuk oluje čuješ samo ti
Ali zvuk oluje čuješ samo ti. Nitko nema nikada
Što bi da mu pripada
Nema kruha, nema vina
Nema godina. Ljuljaju se zavjese
Da nam kišu navijeste
Ali zvuk oluje čuješ samo ti
Ali zvuk oluje čuješ samo ti",,https://lyricstranslate.com/en/darko-rundek-zvuk-oluje-lyrics.html,"['Rundek Cargo Orkestar', 'Darko Rundek']",https://diskografija.com/pjesma/zvuk-oluje-26273.htm,Zvuk oluje
