Unnamed: 0,Song_ID,Artist,Artist_diskografija,Song_tekstovinet,Views_tekstovinet,Lyrics_tekstovinet,Url_tekstovinet,Writer_lyricstranslate,Song_lyricstranslate,EngTitle_lyricstranslate,Album_lyricstranslate,Lyrics_lyricstranslate,EngLyrics_lyricstranslate,Url_lyricstranslate,Skladba_diskografija,Stihovi_diskografija,Aranžman_diskografija,Izvedba_diskografija,Url_diskografija,Song_diskografija,Album_1_diskografija,Album_2_diskografija,Album_3_diskografija,Lyrics_cuspajz,Song_cuspajz,Url_cuspajz,Artist_discogs,Song_discogs,Song_duration_discogs,Album_title_discogs,Album_year_discogs,Lyrics By_discogs,All_albums_discogs
0,vOntpwRZ_1_0,Gazde,Gazde,A ti se neces vratiti,1513,"Od Banata prema Srijemu nisko oblaci 
noc se spustila pa se ne vidi 
samo moje misli po ravnici putuju 
ja ih posaljem al' se vracaju 

A ti, ti se neces vratiti 
a ti, ti se neces vratiti 
 
To je bilo davno, pa se nitko ne sjeca 
rode nestale jednog proljeca 
vratit ce se, kazu ljudi, ove godine
ove godine il' dogodine 

A ti, ti se neces vratiti 
a ti, ti se neces vratiti 

Ref. 
Ravno, nigdje brda, sve je ravno 
ravno mi je sve
jer u tvome srcu vec odavno 
drugi stanuje 

Ej, kad bi (samo) znala ti
koliko trebas mi 

Hajde noci tiho, tise sitni tonovi 
da se nikome to ne ponovi 
bruje zice, srce trne, grom te pogodi 
to se dogodi il' ne dogodi 

A ti na bijelom perju zaspi mi
a ti na bijelom perju zaspi mi

Ref. 2x","https://tekstovi.net/2,962,56203.html",,A ti se neces vratiti,And You're not Coming Back,,"Od Banata prema Sremu nisko oblaci,
noc se spustila,pa se ne vidi...
samo moje misli po ravnici putuju-
ja ih posaljem al se vracaju...
A ti,a ti se neces vratiti....
To je bilo davno,pa se niko ne seca-
rode nestale jednog proleca...
vratice se,kazu ljudi,ove godine...
ove godine il dogodine...
A ti,a ti se neces vratiti..... REF:
Ravno,nigde brda,sve je ravno-
ravno mi je sve,
jer u tvome srcu vec odavno
drugi stanuje...
Ej,kad bi znala ti...
(kad bi samo znala ti)
koliko trebas mi!. Hajde noci tiho,tise,sitni tonovi,
da se nikome to ne ponovi...
bruje zice,srce trne,grom te pogodi-
to se dogodi il ne dogodi....
A ti na belom perju zaspi.... REF:
Ravno,nigde brda,sve je ravno-
ravno mi je sve,
jer u tvome srcu vec odavno
drugi stanuje...
Ej,kad bi znala ti...
(kad bi samo znala ti)
koliko trebas mi!","From Banat towards Syrmia low clouds
Night fell, so it's impossible to see
Only my thoughts travel across the plains
I send them out but they come back
And you, and you're not coming back
That was long ago, so no one remembers
Storks disappeared one spring
They'll be back, people say, this year
This year or next year
And you, and you're not coming back. REF:
Flat, nowhere hills, everything's flat
Everything's flat for me,
Because in your heart since long ago
Someone else resides
Hey, if you knew
(If you only knew)
How much I need you. Come on, at night quiet, quieter, minor tones
So that it doesn't happen to anyone again
Buzzing wires, heart numbs, lightning hits you
That happens or doesn't happen
And you go to sleep on white feathers. REF:
Flat, nowhere hills, everything's flat
Everything's flat for me,
Because in your heart since long ago
Someone else resides
Hey, if you knew
(If you only knew)
How much I need you",https://lyricstranslate.com/en/ti-se-neces-vratiti-and-youre-not-coming-back.html,,,,,,,,,,,,,Gazde,A Ti Se Nećeš Vratiti,,Milijun Poljubaca,2010.0,,2010.0-Milijun Poljubaca
1,vOntpwRZ_1_1,Gazde,Gazde,"Ajmo tugo, ajmo tamburasi",11170,"Volio sam jednu zenu
jednu zenu kose plave
s njom sam htio cekat' stotu
u malenoj kucici kraj Save

Volio sam jednu zenu
jednu zenu oka plava
s njom sam htio cekat' stotu
al' sad spava, sakrila je trava
 
Ref.
Ajmo tugo, ajmo tamburasu
zapjevajmo onoj koja spava
bila mi je jedina na svijetu
bila mi je ljubav prava

Ajmo tugo, ajmo tamburasi
neka zice njeno ime zovu
jer ja vise nikad necu naci
mjesto njene ljubav novu

Volio sam jednu zenu
jednu zenu kose plave
s njom sam htio cekat' stotu
u malenoj kucici kraj Save

Volio sam jednu zenu
jednu zenu oka plava
s njom sam htio cekat' stotu
al' sad spava, sakrila je trava

Ref. 2x","https://tekstovi.net/2,962,19531.html",,,,,,,https://lyricstranslate.com/en/language/english-artists,"['Rajko Dujmić', 'Nenad Ninčević']","['Rajko Dujmić', 'Nenad Ninčević']",['Zdravko Šljivac'],['Gazde'],https://diskografija.com/pjesma/ajmo-tugo-ajmo-tamburasi-7709.htm,"Ajmo tugo, ajmo tamburaši",,,,"Volio sam jednu zenu
Jednu zenu kose plave
S njom sam htio cekat' stotu
U malenoj kucici kraj Save

Volio sam jednu zenu
Jednu zenu oka plava
S njom sam htio cekat' stotu
Al' sad spava, sakrila je trava

Ajmo tugo, ajmo tamburasu
Zapjevajmo onoj koja spava
Bila mi je jedina na svijetu
Bila mi je ljubav prava

Ajmo tugo, ajmo tamburasi
Neka zice njeno ime zovu
Jer ja vise nikad necu naci
Mjesto njene ljubav novu

Volio sam jednu zenu
Jednu zenu kose plave
S njom sam htio cekat' stotu
U malenoj kucici kraj Save

Volio sam jednu zenu
Jednu zenu oka plava
S njom sam htio cekat' stotu
Al' sad spava, sakrila je trava","Ajmo tugo, ajmo tamburaši",https://cuspajz.com//tekstovi-pjesama/pjesma/gazde/ajmo-tugo-ajmo-tamburasi.html,Gazde,"Ajmo Tugo, Ajmo Tamburaši",3:48,Na Dnu Duše Moje,1999.0,Rajko Dujmić,1999.0-Na Dnu Duše Moje
2,vOntpwRZ_1_2,Gazde,Gazde,Andjeli,8914,"Nocas me nesto probudilo
kroz prozor nebo pogledam
a gore dva su andjela
koja sam sanjao

Jedan na zlatnoj liri svira
njezne tonove i srce dira
drugi pjesmom me doziva
da nocas krenem stazom djedova
 
Al' ja jos nisam svoje sve zavrsio
mnogo toga jos je ovdje ostalo
al' mislit cu na nas, jer pjesma ta me opija

Ref.
I kad Bog mi oprosti sve grijehe sto sam cinio
u snu mi dodjite da sviramo zajedno
i kad Bog mi oprosti sve grijehe sto sam cinio
u snu mi dodjite da zapjevamo zajedno

Ako te nocu probude 
andjeli sto nas odvode
ja cu se svega sjetiti 
i ljubavi koja ce za me moliti

Al' ja jos nisam svoje sve zavrsio
mnogo toga jos je ovdje ostalo
al' mislit cu na nas, jer pjesma ta me opija

Ref. 3x
","https://tekstovi.net/2,962,19479.html",,,,,,,https://lyricstranslate.com/en/language/english-artists,,,,,,,,,,"Noćas me nešto probudilo
Kroz prozor nešto pogledam
a gore dva su anđela
koje sam sanjao
Jedan na zlatnoj liri svira
njezne tonove i srce dira
Drugi s pjesmom me doziva
Da noćas krene stazom djedova

Al' ja još nisam svoje sve završio
mnogo toga je ovdje ostalo
al' mislit ću na vas
jer pjesma ta me opija

I kad Bog mi oprosti
Sve grijehe što sam činio
U snu mi dođite
da zapjevamo zajedno

Ako te noću probude
anđeli što nas odvode
ja ću se svega sjetiti
i ljubav koja će za me moliti",Anđeli,https://cuspajz.com//tekstovi-pjesama/pjesma/gazde/andjeli.html,Gazde,Anđeli,2:58,Bit Će Bolje,,,nan-Bit Će Bolje
3,vOntpwRZ_1_3,Gazde,Gazde,Bagremi su procvjetali,7541,"Tamburasi, Ocenasi
ispovijedam nevjeru
nevjeran sam njoj i casi
pjesmi, Bogu, bagremu

Ej, birtasu, sklanjaj casu
sve sam lazi ispio
noc mi krade moju dragu
tko nam ljubav prokleo
 
Ref. 2x
Bagremi su procvjetali
opijali rosu
na gozbu su drugog zvali
da joj mrsi kosu

Tamburasu, ne za banku
vec iz duse zasviraj
onu nasu o rastanku
s tom cu pjesmom poc u raj

Zorom cut ces rajsku pticu
pjesma joj je ranjena
razbij casu nevjernicu
zalij vinom cvijet bagrema

Ref. 2x

Nevjeran sam njoj i casi
pjesmi, Bogu, baremu
","https://tekstovi.net/2,962,19942.html",,,,,,,https://lyricstranslate.com/en/language/english-artists,['Marijan Jergović'],['Rajko Stilinović'],['Damir Mihovec'],['Gazde'],https://diskografija.com/pjesma/bagremi-su-procvjetali-7681.htm,Bagremi su procvjetali,,,,"Tamburasi, Ocenasi
Ispovijedam nevjeru
Nevjeran sam njoj i casi
Pjesmi, Bogu, bagremu

Ej, birtasu, sklanjaj casu
Sve sam lazi ispio
Noc mi krade moju dragu
Tko nam ljubav prokleo

Bagremi su procvjetali
Opijali rosu
Na gozbu su drugog zvali
Da joj mrsi kosu

Tamburasu, ne za banku
Vec iz duse zasviraj
Onu nasu o rastanku
S tom cu pjesmom poc u raj

Zorom cut ces rajsku pticu
Pjesma joj je ranjena
Razbij casu nevjernicu
Zalij vinom cvijet bagrema

Nevjeran sam njoj i casi
Pjesmi, Bogu, baremu",Bagremi su procvjetali,https://cuspajz.com//tekstovi-pjesama/pjesma/gazde/bagremi-su-procvjetali.html,Gazde,Bagremi Su Procvjetali,3:10,Zbog Tebe Sam To Što Jesam,,,nan-Zbog Tebe Sam To Što Jesam
4,vOntpwRZ_1_4,Gazde,Gazde,"Becar, to je zvanje",6968,"Nikad kuci ja ne zurim
makar zora svice
nikad ne znam, pa i necu
popit' zadnje pice

Ref.
Svi mi kazu, nemoj tako
a ja odgovaram
pravih lola sve je manje
becar, to je zvanje
 
Prijatelji piju s nogu
i zena se boje
a ja sjedim u birtiji
pijem pice svoje

Ref.

Da se rodim jos jedanput
kamo vece srece
pa da opet u birtiji 
pijem svako vece

Ref.","https://tekstovi.net/2,962,12243.html",,,,,,,https://lyricstranslate.com/en/language/english-artists,['Darko Dervišević'],['Darko Dervišević'],['Damir Mihovec'],['Gazde'],https://diskografija.com/pjesma/becar-to-je-zvanje-7680.htm,"Bećar, to je zvanje",,,,,,,Gazde,"Bećar, To Je Zvanje",3:08,Zbog Tebe Sam To Što Jesam,,,nan-Zbog Tebe Sam To Što Jesam
5,vOntpwRZ_1_5,Gazde,Gazde,Bit ce bolje,11533,"Jos jedan dan u Zagrebu 
vozim se u tramvaju
ide masa praznih dzepova
na ovom svijetu nikoga 
pogled ravno nevjera
nema kune za prosjaka
 
I dok tako sanjarim
shvatih, ovdje silazim
guram se do izlaza
al' tu je hrpa likova
vozac vrata zatvara
jos jedan krug u tramvaju

Ref.
Eto vidis, to je moja sudbina
uvijek isto, bezbroj praznih krugova
Bozja volja, kriza mladih umova
bit ce bolje, moram prezivjet' do sutra

Jos jedan dan u Zagrebu
magla je na Sljemenu
pljusti kisa jesenja
brdo tmurnih oblaka, odurna vodurina
more je pod nogama

Stojim sam na krizanju
opet znam, zakasnit cu
vidim, gori crveno
cekam tako strpljivo, prodje taxi prebrzo
i cijeloga me zasprica

Ref.","https://tekstovi.net/2,962,12242.html",,,,,,,,['Vjekoslav Dimter'],['Vjekoslav Dimter'],['Zdravko Šljivac'],['Gazde'],https://diskografija.com/pjesma/bit-ce-bolje-7693.htm,Bit će bolje,1997 - Bit će bolje,2005 - Zlatna kolekcija,,"Još jedan dan u Zagrebu vozim se u tramvaju,
Ide masa praznih džepova
Na ovom svijetu nikoga pogled ravno, nevjera
Nema kune za prosjaka
I dok tako sanjarim, shvatih, ovdje silazim
Guram se do izlaza, al tuje hrpa likova,
Vozać vrata zatvara,
Još jedan krug u tramvaju...

Eto vidiš, to je moja sudbina,
Uvijek isto, bezbroj praznih krugova,
Božja volja, kriza mladih umova,
Bit će bolje, moram preživjet do sutra

Još jedan dan u Zagrebu, magla je na Sljemenu,
Pljušti kiša jesenja
Brdo tmurnih oblaka, odurna vodurina,
More je pod nogama
Stojim sam na križanju, opet znam, zakasnit ću,
Vidim, gori crveno
Čekam tako strpljivo, prođe taxi prebrzo
I cjeloga me zašprica...",Bit će bolje,https://cuspajz.com//tekstovi-pjesama/pjesma/gazde/bit-ce-bolje.html,Gazde,Bit Će Bolje,3:13,Bit Će Bolje,,,nan-Bit Će Bolje
6,vOntpwRZ_1_6,Gazde,Gazde,Da smo prije znali,12598,"Jedan zivot jos i sad samo tebi pripada
bez tebe ja nisam to sto sam bio nekada
sve mi se pomijesalo, sve mi se okrenulo
i u vjetar hladni rasulo

Ne bih tvojom ulicom, al' me srce odvlaci
znas li da si nekom sve tko ti nista ne znaci
kad sam zlatnu jabuku ja za sebe ubrao
drugi mi je s dlana ukrao
 
Ref.
Da smo prije znali, da smo prije smjeli
sve bi dobro bilo da smo ranije se sreli
kasno je ovako za nas srece nema
bolje je da ne vidis u oku sto se sprema
samo da smo ranije se sreli

Daj mi krila goluba da ti na tren odletim
da ti tijelo milujem, da ti usne osjetim
milijuni puteva, al' ni jedan do tebe
tko te cuva samo za sebe

Ref. 2x

Samo da smo ranije se sreli
","https://tekstovi.net/2,962,19859.html",,,,,,,https://lyricstranslate.com/en/language/english-artists,,,,,,,,,,"Jedan život još i sad
Samo tebi pripada
bez tebe ja nisam to
što sam bio nekada
Sve mi se pomiješalo
sve mi se okrenulo
i u vjetar hladni rasulo

Ne bih tvojom ulicom
al' me srce odvlaći
Znaš li da si nekom sve
tko ti ništa ne znaći
Kad sam zlatnu jabuku
ja za sebe ubrao
drugi mi je s dlana ukrao

Da smo prije znali da smo prije smijeli
sve bi dobro bilo da smo ranije se sreli
kasno je ovako za nas sreće nema
bolje je da ne vidiš u oku što se sprema
Samo da smo ranije se sreli

Daj mi krila goluba
Da ti na tren odletim
Da ti tjelo milujem
da ti usne osjetim
Milijuni puteva
al' ni jedan do tebe
Tko te čuva samo za sebe",Da smo prije znali,https://cuspajz.com//tekstovi-pjesama/pjesma/gazde/da-smo-prije-znali.html,Gazde,Da Smo Ranije Znali,3:07,Bit Će Bolje,,,nan-Bit Će Bolje
7,vOntpwRZ_1_7,Gazde,Gazde,Da smo ranije se sreli,271,"Jedan zivot jos i sad
samo tebi pripada
bez tebe ja nisam to
sto sam bio nekada

Sve mi se pomijesalo
sve mi se okrenulo
i u vjetar hladni rasulo
 
Ne bih tvojom ulicom
ali me srce odvlaci
znas li da si nekom sve
tko ti nista ne znaci

Kad sam zlatnu jabuku
ja za sebe ubrao
drugi mi je, s dlana, ukrao

Ref.
Da smo prije znali
da smo prije smjeli
sve bi dobro bilo
da smo ranije se sreli

Kasno je, ovako
za nas srece nema
bolje je, da ne vidis
u oku sto se sprema
samo da smo ranije se sreli

Daj mi krila goluba
da ti na tren odletim
da ti tijelo milujem
da ti usne osjetim

Milijuni puteva
al´ nijedan do tebe
tko te cuva samo za sebe

Ref. 2x

Samo da smo ranije se sreli","https://tekstovi.net/2,962,63701.html",,,,,,,,,,,,,,,,,,,,,,,,,,
8,vOntpwRZ_1_8,Gazde,Gazde,Dan po dan,7921,"Otkud sada, otkud ti
tu, pred mojim vratima
kao sjena, kao duh
nakon svih tih godina

Otkud sada, otkud ti
tko li mi te poslao
zar ces sada uzeti
i to sto je ostalo
 
Ref. 2x
Dan po dan zivot trosim, dan po dan
kad si sam sporo ide, kad si sam
al' se niceg' ja ne bojim jer ja vise ne postojim
nestajem dan po dan, dan po dan

Otkud sada, otkud ti
tu, pred mojim vratima
kao sjena, kao duh
nakon svih tih godina

Otkud sada, otkud ti
tko li mi te poslao
zar ces sada uzeti
i to sto je ostalo

Ref. 3x
","https://tekstovi.net/2,962,19944.html",,,,,,,https://lyricstranslate.com/en/language/english-artists,"['Rajko Dujmić', 'Nenad Ninčević']","['Rajko Dujmić', 'Nenad Ninčević']","['Marko Bujanović', 'Zdravko Šljivac']",['Gazde'],https://diskografija.com/pjesma/dan-po-dan-7706.htm,Dan po dan,,,,"Otkud sada, otkud ti
Tu, pred mojim vratima
Kao sjena, kao duh
Nakon svih tih godina

Otkud sada, otkud ti
Tko li mi te poslao
Zar ces sada uzeti
I to sto je ostalo

Dan po dan zivot trosim, dan po dan
Kad si sam sporo ide, kad si sam
Al' se niceg' ja ne bojim jer ja vise ne postojim
Nestajem dan po dan, dan po dan

Otkud sada, otkud ti
Tu, pred mojim vratima
Kao sjena, kao duh
Nakon svih tih godina

Otkud sada, otkud ti
Tko li mi te poslao
Zar ces sada uzeti
I to sto je ostalo",Dan po dan,https://cuspajz.com//tekstovi-pjesama/pjesma/gazde/dan-po-dan.html,Gazde,Dan Po Dan,3:55,Na Dnu Duše Moje,1999.0,Rajko Dujmić,1999.0-Na Dnu Duše Moje
9,vOntpwRZ_1_9,Gazde,Gazde,Dat ce Bog i bolje dane (& Vedrana Vukojevic),11665,"Zapjevat cu jos veceras
onu koju volis najvise
 ali nema nista od nas
i na tugu pjesma mirise  

A da mogu vratit vrijeme
sve bi ja promjenio
 uvenule usne moje
jer ih nisi ljubio  
 
Ref.
Dat ce Bog i bolje dane
bolje dane nekada
nek' te, duso, pjesma ova
na me uvijek podseca

Zivotari, zivotari
sve si mi oprastala
 meni dane krao si  
sve i nista dao ti
 ali, duso, sa mnom znao si  

A ima li, reci meni
poslje svega, put do srca tvog
za tebe su zameteli
svi putevi, nema ni jednog

Ref.

Dat ce Bog i bolje dane
bolje dane nekada
[kur ]jos me samo ova pjesma
na te uvjek podseca ","https://tekstovi.net/2,962,39716.html",,,,,,,,,,,"['Gazde', 'Vedrana Vukojević']",https://diskografija.com/pjesma/dat-ce-bog-i-bolje-dane-20328.htm,Dat će Bog i bolje dane,,,,"Zapjevat ću još večeras onu
Koju voliš najviše
Ali nema ništa od nas
I na tugu pjesma miriše.

A da mogu vratit vrijeme
Sve bi ja promijenio
Uvenule usne moje
Jer ih nisi ljubio.

Dat će Bog i bolje dane
Bolje dane nekada, nek te dušo
Pjesma ova na me uvijek podsjeća
Životari, životari
Sve si mi opraštala
Meni dane krao si
Sve i ništa dao ti,
Ali, dušo, sa mnom znao si.

A ima li, reci meni poslije svega 
Put do srca tvog
Za tebe su zameteni svi
Putevi nema nijednog

Pa da mogu vratit vrijeme
Sve bi' ja promijenio
Uvenule usne moje jer ih nisi ljubio.

Dat će Bog i bolje dane
Bolje dane nekada, nek' te dušo
Pjesma ova na me uvijek podsjeća

Dat će Bog i bolje dane, bolje dane nekada
Još me samo ova pjesma na te uvijek podsjeća
Sad životari, životari, sve si mi opraštala

Meni dane krao si, sve i ništa dao ti
Ali, dušo, sa mnom znao si.

Meni dane krao si sve i ništa dao ti
Ti, dušo, sa mnom znala si. ",Dat će Bog i bolje dane (duet Vedrana Vukojević),https://cuspajz.com//tekstovi-pjesama/pjesma/gazde/dat-ce-bog-i-bolje-dane-duet-vedrana-vukojevic.html,,,,,,,
10,vOntpwRZ_1_10,Gazde,Gazde,Did Luka,12971,"Kad je bio mlad
 moj did Luka
trazio je hlad
 pokraj poljskog puta

Ref.
Snasa kao snasa
 rumeno joj lice
vragolasti osmijeh
 oci zavodnice
 
Taj moj did Luka
 volio je zene
po tom mu ja slicim
 a i on na mene

Ref.

Danas moj did Luka
 rakijicu pije
i sa sjetom kaze
 da mi je ko prije

Ref.","https://tekstovi.net/2,962,12244.html",,,,,,,https://lyricstranslate.com/en/language/english-artists,['Veljko Valentin Škorvaga'],"['Veljko Valentin Škorvaga', 'Evica Kraljić']",['Veljko Valentin Škorvaga'],['Gazde'],https://diskografija.com/pjesma/did-luka-7675.htm,Did Luka,1994 - Zbog tebe sam to što jesam,2005 - Zlatna kolekcija,,"Kad je bio mlad moj did Luka
Tražio je hlad pokraj poljskog puta

Snaša kao snaša rumeno je lice
Vragolasti osmijeh oči zavodnice

Taj moj did Luka volio je žene
Po tom mu ja sličim a i on na mene

Danas moj did Luka rakijicu pije
I sa sjetom kaže, ""da mi je k'o prije""",Did Luka,https://cuspajz.com//tekstovi-pjesama/pjesma/gazde/did-luka.html,Gazde,Did Luka,2:49,Zbog Tebe Sam To Što Jesam,,,"nan-Zbog Tebe Sam To Što Jesam/nan-Gazde Zagrebu, Koncert Iz Doma Športova"
11,vOntpwRZ_1_11,Gazde,Gazde,Djevojka iz Valpova,10379,"Ljeto se prosulo mojim gradom
cure su cvale ko tresnje rane
ja sam se budio s velikom nadom
osvojit cu svijet u te dane

Nju sam sreo pred katedralom
velike oci, prepune strahova
u njima cuvala je nebo u malom
i rekla tiho, ja sam iz Valpova
 
Ref. 2x
Grad je mirisao na nju
na travu tek pokosenu
a ljubila je neponovljivo
i zato volim Valpovo

Na svakom dlanu cipku je krila
na usnama okus marmelade
pod svojom kosom njezno me skrila
breza na rubu promenade

Ref. 2x

Subotnje jutro, zvizduk s perona
kratko je mahnula s vrata vagona
sad hvatam vjetar rukom lopova
mozda nosi miris Valpova

Ref.","https://tekstovi.net/2,962,23389.html",,,,,,,,['Vladimir Kočiš Zec'],['Leonardo Baksa Čeči'],['Marko Bujanović'],['Gazde'],https://diskografija.com/pjesma/djevojka-iz-valpova-3178.htm,Djevojka iz Valpova,,,,"Ljeto se prosulo mojim gradom
Cure su cvale ko tresnje rane
Ja sam se budio s velikom nadom
Osvojit cu svijet u te dane

Nju sam sreo pred katedralom
Velike oci, prepune strahova
U njima cuvala je nebo i malo
I rekla tiho, ja sam iz Valpova

Grad je mirisao na nju
Na travu tek pokosenu
A ljubila je neponovljivo
I zato volim Valpovo

Na svakom dlanu cipku je krila
Na usnama okus marmelade
Pod svojom kosom njezno me skrila
Veza na rubu promenade

Subotnje jutro, zvizduk s perona
Kratko je mahnula s vrata vagona
Sad hvatam vjetar rukom lopova
Mozda nosi miris Valpova",Djevojka iz Valpova,https://cuspajz.com//tekstovi-pjesama/pjesma/gazde/djevojka-iz-valpova.html,Gazde,Djevojka Iz Valpova,,Zbogom Za Zbogom,,,nan-Zbogom Za Zbogom
12,vOntpwRZ_1_12,Gazde,Gazde,Do dna duse,14010,"Prijatelji moji otisli
odveli ih bijeli svatovi
a kad tebe budu udali
zadnju pjesmu ce mi pjevati

Ref. 2x
Do dna duse sam te ljubio
devet tuga vec prebolio
ne bojim se nikom priznati 
da te opet mogu voljeti
 
Jesen ista ko sve jeseni
e da ti je jednom k'o meni
da ti pjesmu nocu pjevaju
da ti dusu pjesmom umiju
da ti nocu pjesmu pjevaju
da ti dusu pjesmom umiju

Ref. 4x

Da te opet mogu voljeti","https://tekstovi.net/2,962,12265.html",,,,,,,https://lyricstranslate.com/en/language/english-artists,['Zdravko Šljivac'],['Željko Krznarić'],"['Zdravko Šljivac', 'Damir Mihovec']",['Gazde'],https://diskografija.com/pjesma/do-dna-duse-7674.htm,Do dna duše,1994 - Zbog tebe sam to što jesam,2005 - Zlatna kolekcija,,"Prijatelji moji otisli
Odveli ih bijeli svatovi
A kad tebe budu udali
Zadnju pjesmu ce mi pjevati

Do dna duse sam te ljubio
Devet tuga vec prebolio
Ne bojim se nikom priznati
Da te opet mogu voljeti

Jesen ista ko sve jeseni
E da ti je jednom k'o meni
Da ti pjesmu nocu pjevaju
Da ti dusu pjesmom umiju
Da ti nocu pjesmu pjevaju
Da ti dusu pjesmom umiju

Da te opet mogu voljeti",Do dna duše,https://cuspajz.com//tekstovi-pjesama/pjesma/gazde/do-dna-duse.html,Gazde,Do Dna Duše,3:02,Zbog Tebe Sam To Što Jesam,,,"nan-Zbog Tebe Sam To Što Jesam/nan-Gazde Zagrebu, Koncert Iz Doma Športova/nan-Gazde Zagrebu, Koncert Iz Doma Športova/2000.0-12 Hitova/2005.0-Zlatna Kolekcija"
13,vOntpwRZ_1_13,Gazde,Gazde,Dok je ljubav,1591,"Ako zelis, ubit ces me lako
samo dusu moju pogledaj
nikog nisam volio jos tako
za moj zivot ljubavi mi daj

Ref.
Dok je ljubav svijetom sama hodala
ti si mene svome srcu dodala
dok je tebe, ja za sebe ne brinem
jer kroz tvoje oci sretan putujem
 
Nema jutra, ako nema tebe
nemam kome radovat se ja
i da samo jedan dan jos imam
s tobom bi ga popio do dna

Ref. 2x","https://tekstovi.net/2,962,49954.html",,,,,,,https://lyricstranslate.com/en/language/english-artists,['Željko Krušlin'],['Željko Krznarić'],['Marko Bujanović'],['Gazde'],https://diskografija.com/pjesma/dok-je-ljubav-3184.htm,Dok je ljubav,,,,,,,Gazde,Dok Je Ljubav,,Zbogom Za Zbogom,,,nan-Zbogom Za Zbogom
14,vOntpwRZ_1_14,Gazde,Gazde,"Ej, kavane",13327,"Place zica, violine, da me zaboli
kad me ona koju volim, vise ne voli
cini mi se da je bilo, davno nekada
al' je tuga vrag, sto svuda nos svoj zabada

Ref.
Ej kavane, jedva u vas stane
moja tuga
samo jos ovdje mogu naci nekog starog druga
ej kavane, gdje bi suze pale, da vas nema
samo zora sa stolova moju tugu sprema
 
Sve je nocas protiv mene, pa mi muti vid
kao da se medju nama dize neki zid
to je tako kad pred zoru ptice polete 
pa se probudim, a kraj mene nema te

Ref.

To je tako kad se ljubav rusi
 a jos hoda ti po dusi

Ref.","https://tekstovi.net/2,962,34262.html",,,,,,,,,,,,,,,,,,,,Gazde,"Ej, Kavane",,Milijun Poljubaca,2010.0,,2010.0-Milijun Poljubaca
15,vOntpwRZ_1_15,Gazde,Gazde,Ivana,11840,"Otvaram oci, kraj mene nisi
tvoje mjesto prazno je
kuda cu poci kad ne znam s kim si
i gdje da trazim te

Mirise kava, sve tvoje stvari
jos su uvijek tu
sigurno negdje sad mirno spava
na tudjem uzglavlju

Ref.
Ivana, ljubavi, dodji i ostani
jer volim te ja i volis me ti
Ivana, ostani ","https://tekstovi.net/2,962,24938.html",,,,,,,,"['Rajko Dujmić', 'Nenad Ninčević']","['Rajko Dujmić', 'Nenad Ninčević']",['Zdravko Šljivac'],['Gazde'],https://diskografija.com/pjesma/ivana-7707.htm,Ivana,,,,"Otvaram oci, kraj mene nisi
Tvoje mjesto prazno je
Kuda cu poci kad ne znam s kim si
I gdje da trazim te

Mirise kava, sve tvoje stvari
Jos su uvijek tu
Sigurno negdje sad mirno spava
Na tudjem uzglavlju

Ivana, ljubavi, dodji i ostani
Jer volim te ja i volis me ti
Ivana, ostani ",Ivana,https://cuspajz.com//tekstovi-pjesama/pjesma/gazde/ivana.html,Gazde,Ivana,3:07,Na Dnu Duše Moje,1999.0,Rajko Dujmić,1999.0-Na Dnu Duše Moje
16,vOntpwRZ_1_16,Gazde,Gazde,Ja pijem da zaboravim,64988,"Od tebe sam, mala, bjezao 
bez tebe sam budan lezao
zbog tebe sam sto zivota tudjih slomio
al' od sebe nisam pobjeg'o

Tvoje srce cisto, nevino 
priznajem da nisam shvatio
ja sam htio puno vise, ruzu ubrati
ti me nisi mogla pratiti
 
Ref. 2x
Ja pijem da zaboravim
ja kockam da se umorim
moj je broj odavno pao 
kad sam tebe upoznao
al' to tada nisam shvatio

Ne gledaj me da ne poludim 
jos bi mog'o sve da pokvarim
sad si ista kao i ja, idu godine
budi s drugim, budi bez mene

Ref.","https://tekstovi.net/2,962,15626.html",,Ja pijem da zaboravim,I drink to forget,,"Od tebe sam mala bježao
1
bez tebe sam budan ležao
zbog tebe sam sto života tuđih slomio
al' od sebe nisam pobjego.
Tvoje srce čisto nevino
priznajem da nisam shvatio
ja sam htio puno više dušu ubrati
ti me nisi mogla pratiti. Ja pijem da zaboravim
ja kockam da se umorim
moj je broj od davno pao
kad sam tebe upoznao
al' to tada nisam shvatio. Ja pijem da zaboravim
ja kockam da se umorim
moj je broj od davno pao
kad sam tebe upoznao
al' to tada nisam shvatio. Ne gledaj me da ne poludim
još bi mog'o sve da pokvarim
sad si ista kao i ja, idu godine
budi s drugim, budi bez mene. Ja pijem da zaboravim
ja kockam da se umorim
moj je broj od davno pao
kad sam tebe upoznao
al' to tada nisam shvatio. Ja pijem da zaboravim
ja kockam da se umorim
moj je broj od davno pao
kad sam tebe upoznao
al' to tada nisam shvatio. Ja pijem da zaboravim!","I was running away from you
I was lying down, awake, without you
I ruined someone else's life because of you
but I haven't ran away from myself.
I admit that I didn't recognise your pure innocent heart
I wanted much more, to pick a soul
you couldn't follow me. I drink to forget
I gamble to rest
my number has fallen since long ago
when I met you
but until then I didn't understand. I drink to forget
I gamble to rest
my number has fallen since long ago
when I met you
but until then I didn't understand. Don't look at me so that I won't go crazy
I can still ruin everything
now you're the same as me, the days are going by
be with another, be without me. I drink to forget
I gamble to rest
my number has fallen since long ago
when I met you
but until then I didn't understand. I drink to forget
I gamble to rest
my number has fallen since long ago
when I met you
but until then I didn't understand. I drink to forget",https://lyricstranslate.com/en/ja-pijem-da-zaboravim-i-drink-forget.html,['Miroslav Drljača Rus'],['Miroslav Drljača Rus'],['Branimir Bogunović Pif'],['Gazde'],https://diskografija.com/pjesma/ja-pijem-da-zaboravim-7684.htm,Ja pijem da zaboravim,1995 - Za ljubav tvoju,2005 - Zlatna kolekcija,,"Od tebe sam, mala, bježao, bez tebe sam budan ležao
Zbog tebe sam sto života tuđih slomio, al od sebe nisam pobjego
Tvoje srce - čisto, nevino, priznajem da nisam shvatio
Ja sam htio puno više, ružu ubrati, ti me nisi mogla pratiti

Ja pijem da zaboravim, ja kockam da se umorim
Moj je broj odavno pao, kad sam tebe upoznao
Al' to tada nisam shvatio

Ne gledaj me da ne poludim, još bi mogo sve da pokvarim
Sad si ista kao i ja, idu godine, budi s drugim, budi bez mene",Ja pijem da zaboravim,https://cuspajz.com//tekstovi-pjesama/pjesma/gazde/ja-pijem-da-zaboravim.html,Gazde,Ja Pijem Da Zaboravim,,Za Ljubav Tvoju,,Miroslav Drljača Rus,nan-Za Ljubav Tvoju/2000.0-12 Hitova/2005.0-Zlatna Kolekcija
17,vOntpwRZ_1_17,Gazde,Gazde,Ja te volim najvise,15039,"Nije tuga odavde
kada ne zna za druge
mozda iz moga kraja je
pa je sa mnom najlakse

Zato nemoj reci rijec
koja budi oblake
koja tvoje korake
nocas nosi od mene
 
Ref.
Ako ces poci iz moje duse
to ucini sto mozes tise
jer ja te volim najvise

Ako ces srce lomit na dvoje
lomi do kraja da nema me vise
jer ja te volim najvise

Znaj, bez suza ne ide
i kad se ne vide
pamet nista ne moze
ma nista tu ne pomaze

Zato nemoj reci rijec
koja budi oblake
koja tvoje korake
nocas nosi od mene

Ref. 2x
","https://tekstovi.net/2,962,19603.html",,,,,,,,,,,['Gazde'],https://diskografija.com/pjesma/ja-te-volim-najvise-390.htm,Ja te volim najviše,,,,"Nije tuga odavde
Kada ne zna za druge
Možda iz moga kraja je
Pa joj sa mnom najlakše

Zato nemoj reći riječ
Koja budi oblake
Koja tvoje korake
Noćas nosi od mene

Ako ćeš poći iz moje duše
To učini što možeš tiše
Jer ja te volim najviše

Ako ćeš srce lomit na dvoje
Lomi do kraja da nema me više
Jer ja te volim najviše",Ja te volim najviše,https://cuspajz.com//tekstovi-pjesama/pjesma/gazde/ja-te-volim-najvise.html,Gazde,Ja Te Volim Najviše,03:23,Nije Meni Žao,,,nan-Nije Meni Žao
18,vOntpwRZ_1_18,Gazde,Gazde,Jos i danas zamirise tresnja,40883,"Jos i danas zamirise tresnja
u proljece kao davno prije
jedna tresnja danima daleko
tamo gdje me vec odavno nije

Rekao sam kad poci sam mor'o
spalite mi i kucu i njivu
samo tresnju ostavite staru
kad navratim da je vidim zivu
 
Ref. 2x
Sto to ima u ljudima tuzno
da ulaze u tudje zivote
tko to zivi u proslosti mojoj
a jos nije umro od sramote

Rekao sam u vjetar sam pric'o
nikog nije bilo da me cuje
lijepu pjesmu ne voli bas svatko
neko baca kamen na slavuje

Ref. 2x","https://tekstovi.net/2,962,12270.html",,Još i danas zamiriše trešnja,Still today the cherry tree scents,,"Još i danas zamiriše trešnja
1
U proljeće kao davno prije
Jedna trešnja danima daleka
Tamo gdje me već odavno nije. Rekao sam kad poći sam morao
Spalite mi i kuću i njivu
Samo trešnju ostavite staru
Kad navratim da je vidim živu. Što to ima u ljudima tužno
Da ulaze u tuđe živote
Tko to živi u prošlosti mojoj
A još nije umro od sramote. Rekao sam u vjetar sam pričao
Nikog nije bilo da me čuje
Lijepu pjesmu ne voli baš svako
Neko baca kamen na slavuje","Still today the cherry tree scents
In Spring, like ages ago
A cherry tree days away
There where I'm not for so long. I said it then, when I had to go
Burn down my house and my fields
But leave the old cherry tree
When I stop by that I can see it alive. What is there in people so sad
That they enter others' lives
Who is that, that lives in my past
And had still not died of shame. I said it, and I spoke into the wind
There was no one that would hear me
A beautiful song is not admired by all
Some would cast a stone at nightingales",https://lyricstranslate.com/en/jos-i-danas-zamirise-tresnja-still-today-cherry-tree-sce.html,,,,,,,,,,"Još i danas zamiriše trešnja
U proljeće kao davno prije
Jedna trešnja danima daleka
Tamo gdje me već odavno nije

Rekao sam kad poći sam morao
Spalite mi i kuću i njivu
Samo trešnju ostavite staru
Kad navratim da je vidim živu

Što to ima u ljudima tužno
Da ulaze u tuđe živote
Tko to živi u prošlosti mojoj
A još nije umro od sramote

Rekao sam u vjetar sam pričao
Nikog nije bilo da me čuje
Lijepu pjesmu ne voli baš svako
Neko baca kamen na slavuje",Još i danas zamiriše trešnja,https://cuspajz.com//tekstovi-pjesama/pjesma/gazde/jos-i-danas-zamirise-tresnja.html,Gazde,Još I Danas Zamiriši Tresnja,,Za Ljubav Tvoju,,Miroslav Drljača Rus,nan-Za Ljubav Tvoju
19,vOntpwRZ_1_19,Gazde,Gazde,Jos se nadam bit' ce bolje,8253,"Sto godina jos da zivim
i to bi mi bilo malo
patila bi ova dusa
kada bi se rastajalo

Od zivota sto ostaje
kad sve prodje, kad izblijedi
zasto tako kratko traje
sve sto valja i sto vrijedi
 
Ref.
Sve sam svoje drugom dao
k'o da dajem samom sebi
da mi pjesmo tebe nije
vjeruj, nista im'o ne bi'

Sve sam svoje drugom dao
k'o da dajem samo tebi
da mi pjesmo tebe nije
vjeruj, nista im'o ne bi'

Ne, ne treba meni mjesto
koje nudi samo srecu
ja oduvijek vise volim
kada ne znam, ne znam gdje cu

Mene drugi vjetar nosi
drukcije su moje zore
stize zima Bozic tu je
jos se nadam bit' ce bolje

Ref.
","https://tekstovi.net/2,962,19605.html",,,,,,,https://lyricstranslate.com/en/language/english-artists,['Zdravko Šljivac'],['Duško Gruborović'],['Zdravko Šljivac'],['Gazde'],https://diskografija.com/pjesma/jos-se-nadam-bit-ce-bolje-7698.htm,"Još se nadam, bit će bolje",,,,"Sto godina još da živim
i to bi mi bilo malo
Patila bi ova duša
Kada bi se rastajalo
Od života što ostaje
kad sve prođe kad izblijedi
Zašto tako kratko traje
sve što valja i što vrijedi

Sve sam svoje drugom dao
K'o da dajem samom sebi
Da mi pjesmo tebe nije
vjeruj ništa im'o ne bi'

Ne, ne treba meni mjesto
koje nudi samo sreću
Ja oduvijek više volim
kada ne znam, ne znam gdje ću
mene drugi vjetar nosi
drukčije su moje zore
stiže zima Božić tu je
još se nadam bit' će bolje",Još se nadam bit' će bolje,https://cuspajz.com//tekstovi-pjesama/pjesma/gazde/jos-se-nadam-bit-ce-bolje.html,Gazde,"Jos Se Nadam, Bit Će Bolje ",3:20,Bit Će Bolje,,,nan-Bit Će Bolje
20,vOntpwRZ_1_20,Gazde,Gazde,Kad zasuti moja tambura,6812,"Kad zasuti moja tambura
i kad zadnju pjesmu otpjeva
znajte ljudi, otis'o sam ja
neko drugi neka zasvira

Ref.
Ne morate za mnom zaliti
samo draga nek' me isprati
cini mi se lakse ce mi bit'
ako njeno oko zasuzi
 
Kada prodju duge godine
moje ime kad se spomene
nek' se ova pjesma zapjeva
i tambura neka zasvira

Ref.
","https://tekstovi.net/2,962,12266.html",,,,,,,,['Miroslav Škoro'],['Miroslav Škoro'],['Damir Mihovec'],['Gazde'],https://diskografija.com/pjesma/kad-zasuti-moja-tambura-7677.htm,Kad zašuti moja tambura,,,,"Kad zasuti moja tambura
I kad zadnju pjesmu otpjeva
Znajte ljudi, otis'o sam ja
Neko drugi neka zasvira

Ne morate za mnom zaliti
Samo draga nek' me isprati
Cini mi se lakse ce mi bit'
Ako njeno oko zasuzi

Kada prodju duge godine
Moje ime kad se spomene
Nek' se ova pjesma zapjeva
I tambura neka zasvira",Kad zašuti moja tambura,https://cuspajz.com//tekstovi-pjesama/pjesma/gazde/kad-zasuti-moja-tambura.html,Gazde,Kad Zašuti Moja Tambura,2:27,Zbog Tebe Sam To Što Jesam,,,nan-Zbog Tebe Sam To Što Jesam
21,vOntpwRZ_1_21,Gazde,Gazde,Kako ljubav vratiti,8395,"Otkad si slobodna ne zelis cut moju rijec
otkad si slobodna prosla je godina vec
gubi se osjecaj za nasa budjenja
da l' to je istina il' nasa sudbina

Nisam ni sanjao da moze puknuti sve
da kad te izgubim druge necu zeljeti, ne
al' eto dogodi se i tko bi rekao
da sam bas kod tebe skoz pogrijesio
 
Ref. 2x
Udara, jos me udara gorka rijeka sjecanja
ostani, otkrij tajnu mi kako ljubav vratiti

O tebi doznajem po neku povrsnu rijec
da sad si drukcija, da se cinis sretnija
da l' da im vjerujem il' rukom odmahnem
jer ipak voljela si, ja te poznajem

Ono sto pamtis ti bila je prevara
rekla si, odlazim, ljubav je umrla
sto je bilo bilo je, al' ja sam drukciji
odavno nestali su lanjski snjegovi

Ref. 2x","https://tekstovi.net/2,962,20855.html",,,,,,,,['Marko Bujanović'],['Marko Bujanović'],['Zdravko Šljivac'],['Gazde'],https://diskografija.com/pjesma/kako-ljubav-vratiti-7716.htm,Kako ljubav vratiti,,,,"Otkad si slobodna ne zelis cut moju rijec
Otkad si slobodna prosla je godina vec
Gubi se osjecaj za nasa budjenja
Da l' to je istina il' nasa sudbina

Nisam ni sanjao da moze puknuti sve
Da kad te izgubim druge necu zeljeti, ne
Al' eto dogodi se i tko bi rekao
Da sam bas kod tebe skoz pogrijesio

Udara, jos me udara gorka rijeka sjecanja
Ostani, otkrij tajnu mi kako ljubav vratiti

O tebi doznajem po neku povrsnu rijec
Da sad si drukcija, da se cinis sretnija
Da l' da im vjerujem il' rukom odmahnem
Jer ipak voljela si, ja te poznajem

Ono sto pamtis ti bila je prevara
Rekla si, odlazim, ljubav je umrla
Sto je bilo bilo je, al' ja sam drukciji
Odavno nestali su lanjski snjegovi",Kako ljubav vratiti,https://cuspajz.com//tekstovi-pjesama/pjesma/gazde/kako-ljubav-vratiti.html,,,,,,,
22,vOntpwRZ_1_22,Gazde,Gazde,Kisa pada,13760,"Kisa pada, kisa pada 
svud okolo voda
utopih se nocas i ja
ode mi sloboda

Kisa pada, kisa pada
i pjevaju svati
nece vise drustvo staro
u ponoc me zvati
 
Ref. 2x
Zbogom seke ljepotice
zbogom noci nesanice
evo mene pred oltarom
pokraj moje golubice

Kisa pada, kisa pada
i sarovi laju
al' mi gace ne paraju
jer mi korak znaju

Kisa pada, kisa pada
na novu frizuru
'ajmo kume, stari svate
isprositi curu

Ref. 3x

Evo mene pred oltarom
pokraj moje golubice
","https://tekstovi.net/2,962,19581.html",,,,,,,,['Nenad Ninčević'],['Nenad Ninčević'],['Zdravko Šljivac'],['Gazde'],https://diskografija.com/pjesma/kisa-pada-7710.htm,Kiša pada,1999 - Na dnu duše moje,2005 - Zlatna kolekcija,,"Kiša pada kiša pada svud okolo voda
Utopih se noćas i ja ode mi sloboda
Kiša pada, kiša pada i pjevaju svati
Neće više društvo staro u ponoć me zvati

Zbogom seke ljepotice
Zbogom noći nesanice
Evo mene pred oltarom
Pokraj moje golubice

Kiša pada kiša pada i šarovi laju
Al' mi gaće ne paraju jer mi korak znaju
Kiša pada kiša pada na novu frizuru
Ajmo kume stari svate isprositi curu",Kiša pada,https://cuspajz.com//tekstovi-pjesama/pjesma/gazde/kisa-pada.html,Gazde,Kiša Pada,3:07,Na Dnu Duše Moje,1999.0,Nenad Ninčević,1999.0-Na Dnu Duše Moje/2005.0-Zlatna Kolekcija
23,vOntpwRZ_1_23,Gazde,Gazde,"Laze selo, lazu ljudi",11261,"Ne vjeruj kad pricaju
u birtiji da sam plakao
sto mi nekom tuznom pjesmom
stari cigan dusu takao

Ref. 2x
Laze selo, lazu ljudi
da te nisam prebolio
laze cigan, laze pjesma
ja sam sve zaboravio
 
Ne vjeruj kad ti kazu
da se necu ozeniti
da ne mogu prezaliti
ne, ne vjeruj, sve ti lazu

Ref.

Nek mi pjesma dusu dira
nek mi ona zivot znaci
sve cu dati samo sviraj
sviraj, sviraj, nemoj stati
","https://tekstovi.net/2,962,19530.html",,,,,,,,,,,,,,,,,"Ne vjeruj kad pričaju
U birtiji da sam plakao
Što mi nekom tužnom pjesmom
Stari cigan dušu takao

Laže selo, lažu ljudi
Da te nisam prebolio
Laže Cigan, laže pjesma
Ja sam sve zaboravio

Ne vjeruj kad ti kažu
Da se neću oženiti
Da ne mogu prežaliti
Ne, ne vjeruj, sve ti lažu

Nek mi pjesma dušu dira
Nek mi ona život znači
Sve ću dati samo sviraj
Sviraj, sviraj, nemoj stati","Laže selo, lažu ljudi",https://cuspajz.com//tekstovi-pjesama/pjesma/gazde/laze-selo-lazu-ljudi.html,Gazde,"Laže Selo, Lažu Ljudi",,"Gazde Zagrebu, Koncert Iz Doma Športova",,,"nan-Gazde Zagrebu, Koncert Iz Doma Športova"
24,vOntpwRZ_1_24,Gazde,Gazde,Ljubav i grijeh,9251,"Iz kojeg filma
iz koje divne price ti mi dolazis
cijelu sam vjecnost
cekao samo tebe da me probudis
daj mi ruku i ostani
jer ja tonem u more ljubavi
 
Ref.
Ljubav i grijeh, suze i smijeh
bas sve ja ti nudim na dar
vatru i led, pelin i med
i bol ako prestane car

Ti mi ostavljas trag
jos osjecam dah i miris njeznosti
i vrti se svijet u ritmu ljubavi

Ja nisam vise covjek za avanture
to sam prosao
al' tvoje usne, malene, tresnje zrele 
bas bih probao
daj mi ruku i ostani
jer ja tonem u more ljubavi

Ref.
","https://tekstovi.net/2,962,19860.html",,,,,,,https://lyricstranslate.com/en/translator/zhabba-page-2&sort=asc&order=Translation,['Vedran Ostojić'],['Neven Korda'],['Zdravko Šljivac'],['Gazde'],https://diskografija.com/pjesma/ljubav-i-grijeh-7695.htm,Ljubav i grijeh,,,,"Iz kojeg filma
Iz koje divne priče ti mi dolaziš
Cijelu sam vječnost
Čekao samo tebe da me probudiš
Daj mi ruku i ostani
Jer ja tonem u more ljubavi

Ljubav i grijeh
suze i smijeh
bas sve ja ti nudim na dar
Vatru i led
pelin i med
i bol ako prestane čar
Ti mi ostavljaš trag
još osjećam dah i miris nježnosti
I vrti se svijet
U ritmu ljubavi

Ja nisam više
čovjek za avanture, to sam prošao
al' tvoje usne
malene, trešnje zrele, baš bih probao
Daj mi ruku i ostani
Jer ja tonem u more ljubavi",Ljubav i grijeh,https://cuspajz.com//tekstovi-pjesama/pjesma/gazde/ljubav-i-grijeh.html,Gazde,Ljubav I Grijeh,3:06,Bit Će Bolje,,,nan-Bit Će Bolje
25,vOntpwRZ_1_25,Gazde,Gazde,Ljubavi,20645,"Kad se jutro protegne pored moje postelje
sunce me k'o lopova uvijek zatekne gdje mislim na tebe 
i nade punih dzepova tad se ustanem
a nov list okrenem

Medju nama receno, ni meni nije svejedno
al' skrivam, ne pokazujem kol'ko stalo je jos mi do tebe
i placem kad me ne vide
no prije bih umrla nego priznala
 
Ref. 2x
Ljubavi sve na tebe jos mi mirise
na tvoje usne i na zrele jabuke
i jos mi dodje kao ranije
da staro vino s tobom popijem
od cistog ludila nemam mira ja
cim oci zatvorim na te pomislim

Medju nama receno, ni meni nije svejedno
al' skrivam, ne pokazujem kol'ko stalo je jos mi do tebe
i placem kad me ne vide
no prije bih umrla nego priznala

Ref. 2x
","https://tekstovi.net/2,962,19945.html",,,,,,,,['R. Samarđiev'],['Miroslav Škoro'],"['Hrvoje Grčević', 'Marko Bujanović']",['Gazde'],https://diskografija.com/pjesma/ljubavi-3182.htm,Ljubavi,,,,"Kad se jutro protegne pored moje postelje
Sunce me k'o lopova uvijek zatekne gdje mislim na tebe
I nade punih dzepova tad se ustanem
A nov list okrenem

Medju nama receno, ni meni nije svejedno
Al' skrivam, ne pokazujem kol'ko stalo je jos mi do tebe
I placem kad me ne vide
No prije bih umrla nego priznala

Ljubavi sve na tebe jos mi mirise
Na tvoje usne i na zrele jabuke
I jos mi dodje kao ranije
Da staro vino s tobom popijem
Od cistog ludila nemam mira ja
Cim oci zatvorim na te pomislim

Medju nama receno, ni meni nije svejedno
Al' skrivam, ne pokazujem kol'ko stalo je jos mi do tebe
I placem kad me ne vide
No prije bih umrla nego priznala",Ljubavi,https://cuspajz.com//tekstovi-pjesama/pjesma/gazde/ljubavi.html,Gazde,Ljubavi,,Zbogom Za Zbogom,,,nan-Zbogom Za Zbogom
26,vOntpwRZ_1_26,Gazde,Gazde,Lutalica,10992,"Otkad znam za sebe nigdje mira nemam
samo sto sam stig'o vec se na put spremam
ja sam takav rodjen, lutam zivot cijeli
ne mijenjaj mi zivot, srecu mi pozeli

Ref.
Sto ce tebi netko k'o ja u zivotu
ne znam ni za ljubav, niti za sramotu
sto ce tebi covjek sa stotinu lica
ne trebam ja nikog, ja sam lutalica
 
U meni je nesto sto me tjera dalje
neka tuga sto me svud po svijetu salje
ja sam takav rodjen sa mnom nema srece
ne mijenjaj me, zeno, uspjeti ti nece

Ref. 2x
","https://tekstovi.net/2,962,19532.html",,,,,,,,['Denis Dumančić'],['Faruk Buljubašić Fayo'],"['Hrvoje Grčević', 'Marko Bujanović']",['Gazde'],https://diskografija.com/pjesma/lutalica-3180.htm,Lutalica,,,,"Otkad znam za sebe nigdje mira nemam
Samo što sam stigo već se na put spremam
Ja sam takav rođen, lutam život cijeli
Ne mijenjaj mi život, sreću mi poželi

Što će tebi netko ko ja u životu
Ne znam ni za ljubav, niti za sramotu
Što će tebi čovjek sa stotinu lica
Ne trebam ja nikog, ja sam lutalica

U meni je nešto što me tjera dalje
Neka tuga što me svud po svijetu šalje
Ja sam takav rođen sa mnom nema sreće
Ne mijenjaj me, ženo, uspjeti ti neće",Lutalica,https://cuspajz.com//tekstovi-pjesama/pjesma/gazde/lutalica.html,Gazde,Lutalica,,Zbogom Za Zbogom,,,nan-Zbogom Za Zbogom
27,vOntpwRZ_1_27,Gazde,Gazde,Mirta,3774,"Otkad Mirta place
ulicom mi tuga prolazi
voljela je mnogo
nije mogla zaboraviti

Jednu noc u narucju
jednu ljubav slucajnu
pustila se lijepoj rijeci
nekom mangupu
(2x)
 
Prva kisa pala
cijelim gradom pronio se glas
zasto Mirta place
zar su suze jace i od nas

Al' ona zna da u njoj spi
jedno malo srce zri
pustila se nek je vrijeme
mladu umori
(2x)

Otkad Mirta place
svi su moji snovi nestali
ej, sto ti je zivot
kad te mladog sreca napusti

Ja sam Mirtu volio
njenu ruku prosio
al' je zivot tako htio
pa mi Mirtu ukrao
(2x)

Otkad Mirta place","https://tekstovi.net/2,962,32149.html",,,,,,,,['Zoran Mišologin'],['Zoran Mišologin'],['Zdravko Šljivac'],['Gazde'],https://diskografija.com/pjesma/od-kad-mirta-place-7699.htm,Od kad Mirta plače,,,,"Od kad Mirta plače
ulicom mi tuga prolazi
Voljela je mnogo
nije mogla zaboraviti
Jednu noć u naručju
jednu ljubav slućajnu
Pustila se lijepoj riječi
nekom mangupu

Prva kiša pala
cijelim gradom pronio se glas
Zašto Mirta plače
zar su suze jače i od nas
Al' ona zna da u njoj spi
jedno malo srce zri
Pustila se nek je vrijeme
mladu umori

Od kad Mirta plače
svi su moji snovi nestali
Ej, što ti je zivot
kad te mladog sreća napusti
Ja sam Mirtu volio
njenu ruku prosio
Al' je život tako htio
Pa mi Mirtu ukrao",Mirta,https://cuspajz.com//tekstovi-pjesama/pjesma/gazde/mirta.html,Gazde,Mirta,2:56,Bit Će Bolje,,,nan-Bit Će Bolje
28,vOntpwRZ_1_28,Gazde,Gazde,Moja luda glava,9961,"Ref.
Hej prije ce te izravnati Savu
nego dozvat' pameti moju ludu glavu

Jos je mlada, jos je rosna
i zelena trava 
jos je mlada i zelena
moja luda glava
(2x)
 
Ref. 2x

Ja po noci cure ganjam
i tamburu sviram
a po danu samo spavam
i svoje zivciram
(2x)

Ref. 2x

Ne valja ti, kazu, pos'o
ajd' malo se smiri
bi' ja ljudi, al' ne mogu
vrag iz mene viri

Ref. 2x

Nego dozvat pameti moju ludu glavu
","https://tekstovi.net/2,962,19591.html",,,,,,,,,,,['Gazde'],https://diskografija.com/pjesma/moja-luda-glava-393.htm,Moja luda glava,,,,,,,Gazde,Moja Luda Glava,02:28,Nije Meni Žao,,,nan-Nije Meni Žao
29,vOntpwRZ_1_29,Gazde,Gazde,Nabujale strasti,1522,"Zaigrano sunce miluje ti lice
vjetar dodiruje ti grudi
mirisi u zraku, nepoznate slutnje
kao da proljece se budi

Ref. 2x
Nabujale strasti 
govore u tebi
sve ono sto 
ti rekla ne bi
 
Dizu se leptiri, razmice se cvijece
livadom rosnom trcis bosa
kao zlatni barjak za tobom viori
tvoja plava raspletena kosa

Ref. 4x","https://tekstovi.net/2,962,49955.html",,,,,,,https://lyricstranslate.com/en/translations,,,,,,,,,,,,,Gazde,Nabujale Strasti,,Zbogom Za Zbogom,,,nan-Zbogom Za Zbogom
30,vOntpwRZ_1_30,Gazde,Gazde,Najdraza moja,9770,"Najdraza moja ja odlazim
zauvijek beskrajno sam
kroz polja tudjih ljubavi
kao da nesto znam

I ne placi, ne vrijedi to
suze su samo bol
veceras ja cu besramno
sjesti za tudji stol
 
Ref. 2x
Jer ja sam duso tako slab
kad cujem njezin glas
a sutra bit' ce prekasno
kad pomislim na nas

Najdraza moja ja odlazim
zauvijek beskrajno sam
kroz polja tudjih ljubavi
kao da nesto znam

I ne placi, ne vrijedi to
suze su samo bol
veceras ja cu besramno
sjesti za tudji stol

Ref. 2x

Ref.
","https://tekstovi.net/2,962,19598.html",,,,,,,,,,,['Gazde'],https://diskografija.com/pjesma/najdraza-moja-394.htm,Najdraža moja,,,,"Najdraža moja odlazim
zauvijek beskrajno sam
kroz polja tuđih ljubavi
kao da nešto znam

I ne plači ne vrijedi to
suze su samo bol
večeras ja ću besramno
sjesti za tuđi stol

Jer ja sam dušo tako slab
kad čujem njezin glas
a sutra bit' će prekasno
kad pomislim na nas",Najdraža moja,https://cuspajz.com//tekstovi-pjesama/pjesma/gazde/najdraza-moja.html,Gazde,Najdraža Moja,03:38,Nije Meni Žao,,,nan-Nije Meni Žao
31,vOntpwRZ_1_31,Gazde,Gazde,Ne daj da nam prodje vrijeme,7494,"Prije nego udas se
bolje dva put' razmisli
kakvo ce ti biti sutra
pored njega, zamisli

Ref.
Ne daj da nam prodje vrijeme
odvest ce me druge zene
ne moze ti nitko dati
sto si imala uz mene
 
Ne daj da nam prodje vrijeme
odvest ce me druge zene
jednom davno si mi rekla
prava ljubav nema cijene

I tu bijelu haljinu
spremala si za mene
kako da me tudje usne
pred oltarom zamijene

Ref.
","https://tekstovi.net/2,962,19947.html",,,,,,,,,,,,,,,,,"Prije nego udas se
Bolje dva put' razmisli
Kakvo ce ti biti sutra
Pored njega, zamisli

Ne daj da nam prodje vrijeme
Odvest ce me druge zene
Ne moze ti nitko dati
Sto si imala uz mene

Ne daj da nam prodje vrijeme
Odvest ce me druge zene
Jednom davno si mi rekla
Prava ljubav nema cijene

I tu bijelu haljinu
Spremala si za mene
Kako da me tudje usne
Pred oltarom zamijene",Ne daj da nam prođe vrijeme,https://cuspajz.com//tekstovi-pjesama/pjesma/gazde/ne-daj-da-nam-prodje-vrijeme.html,Gazde,Ne Daj Da Nam Prođe Vrijeme,,Milijun Poljubaca,2010.0,,2010.0-Milijun Poljubaca
32,vOntpwRZ_1_32,Gazde,Gazde,Ne luduj,5633,"Pogledi me tvoji prate
odlutaju pa se vrate
ludovanje samo krije
k'o da nista bilo nije

Ref. 2x
Ne luduj kad za tebe sviram
i najljepse pjesme biram
ne luduj kad za tebe sviram
i zicama dusu diram
 
Promatram te dok se njises
dok usnama ime pises
zavodis me pa se smijes
a sa drugim vino pijes

Ref. 2x
","https://tekstovi.net/2,962,20234.html",,,,,,,,['Veljko Valentin Škorvaga'],['Veljko Valentin Škorvaga'],['Damir Mihovec'],['Gazde'],https://diskografija.com/pjesma/ne-luduj-7679.htm,Ne luduj,1994 - Zbog tebe sam to što jesam,2005 - Zlatna kolekcija,,"Pogledi me tvoji prate
Odlutaju pa se vrate
Ludovanje samo krije
K'o da nista bilo nije

Ne luduj kad za tebe sviram
I najljepse pjesme biram
Ne luduj kad za tebe sviram
I zicama dusu diram

Promatram te dok se njises
Dok usnama ime pises
Zavodis me pa se smijes
A sa drugim vino pijes",Ne luduj,https://cuspajz.com//tekstovi-pjesama/pjesma/gazde/ne-luduj.html,Gazde,Ne Luduj,1:55,Zbog Tebe Sam To Što Jesam,,,"nan-Zbog Tebe Sam To Što Jesam/nan-Gazde Zagrebu, Koncert Iz Doma Športova/2005.0-Zlatna Kolekcija"
33,vOntpwRZ_1_33,Gazde,Gazde,Ne mogu ti reci zbogom,15776,"Sitna kisa rastjerala ptice malene
koje su nam draga moja svu noc pjevale

Ref. 2x
A meni se, duso, s tobom jos ne rastaje
ne mogu ti reci zbogom, moje najdraze
 
Staro drvo vjetar njise pa ga povija
zuto lisce tuzno susti, pada po nama

Ref. 2x

Vele ljudi, a i stara pjesma govori
dodje vrijeme da svak svojim putem odlazi

Ref. 2x
","https://tekstovi.net/2,962,19594.html",,Ne mogu ti reci zbogom,Nie mogę Ci powiedzieć żegnaj,,"Gazde - Ne mogu ti reci zbogom. Sitna kisa rastjerala ptice malene
koje su nam draga moja svu noc pjevale. Ref. 2x
A meni se, duso, s tobom jos ne rastaje
ne mogu ti reci zbogom, moje najdraze. Staro drvo vjetar njise pa ga povija
zuto lisce tuzno susti, pada po nama. Ref. 2x. Vele ljudi, a i stara pjesma govori
dodje vrijeme da svak svojim putem odlazi. Ref. 2x","Gazde – Nie mogę Ci powiedzieć żegnaj. Drobny deszcz rozpędził małe ptaki
Które nam moja droga całą noc śpiewały. Ref. 2x
A ja, kochanie nadal jeszcze się z Tobą nie rozstaję (rozwodzę)
Nie mogę Ci powiedzieć żegnaj, moja najdroższa. Stare drzewo wiatr kołysze plącze
Żółte liście smutno gonią, spadają na nas. Ref. 2x. Wielu ludzi, ale i stare pieśni mówią
Przyjdzie czas że każdy swoją drogą odchodzi. Ref. 2x",https://lyricstranslate.com/en/ne-mogu-ti-reci-zbogom-nie-mog%C4%99-ci-powiedzie%C4%87-%C5%BCegnaj.html,,,,,,,,,,"Sitna kiša rastjerala ptice malene
koje su nam draga moja svu noć pjevale

A meni se dušo s tobom još ne rastaje
Ne mogu ti reći zbogom moje najdraže

Staro drvo vjetar njiše pa ga povija
žuto lišće tužno šušti pada po nama

Vele ljudi a i stara pjesma govori
dođe vrijeme da svak svojim putem odlazi",Ne mogu ti reći zbogom,https://cuspajz.com//tekstovi-pjesama/pjesma/gazde/ne-mogu-ti-reci-zbogom.html,Gazde,Ne Mogu Ti Reći Zbogom,03:34,Nije Meni Žao,,,nan-Nije Meni Žao/2005.0-Zlatna Kolekcija
34,vOntpwRZ_1_34,Gazde,Gazde,Nek pjesma ostane,5463,"Sve ove godine su prosle k'o za cas
tolike svirke ostale su iza nas
a dani stalno bjeze malo pomalo
i sto nam je jos ostalo

Previse pravih cura pristalo na brak
sve manje odlazimo pijani u mrak
i sve se manje cini da je zivot lak
snovi k'o dim sad odlaze u zrak
 
Ref. 2x
I/Al/ zato smijem se i bas briga me za sve
al' jos pamtim sve te noci pijane
jer njih previse je bilo tko zna sto je bilo sve
i kad prodje sve nek pjesma ostane

Sve ove godine su prosle nema ih
al' ja se i sad rado sjecam svirki svih
i nek' ih samo bude jos toliko 
na to sam se vec navik'o

Previse pravih cura pristalo na brak
sve rjedje odlazimo pijani u mrak
i sve se manje cini da je zivot lak
snovi k'o dim vec odlaze u zrak

Ref. 2x","https://tekstovi.net/2,962,32146.html",,,,,,,,['Marko Bujanović'],['Marko Bujanović'],"['Marko Bujanović', 'Zdravko Šljivac']",['Gazde'],https://diskografija.com/pjesma/nek-pjesma-ostane-7701.htm,Nek' pjesma ostane,1997 - Bit će bolje,2005 - Zlatna kolekcija,,"Sve ove godine su prošle k'o za čas
tolike svirke ostale su iza nas
a dani stalno bježe malo po malo
i što nam je još ostalo

Previše pravih cura pristalo na brak
sve manje odlazimo pijani u mrak
i sve se manje čini da je život lak
Snovi k'o dim sad odlaze u zrak

I zato smijem se i baš briga me za sve
Al' još pamtim sve te noći pijane
jer njih previše je bilo
tko zna što li se pilo
I kad prođe sve
nek pjesma ostane

Sve ove godine su prošle nema ih
al' ja se i sad rado sjećam svirki svih
i nek ih samo bude bar još toliko
na to sam se već navik'o

Previše pravih cura pristalo na brak
sve manje odlazimo pijani u mrak
i sve se manje čini da je život lak
Snovi k'o dim sad odlaze u zrak",Nek pjesma ostane,https://cuspajz.com//tekstovi-pjesama/pjesma/gazde/nek-pjesma-ostane.html,Gazde,Nek Pjesma Ostane,02:56,12 Hitova,2000.0,,2000.0-12 Hitova
35,vOntpwRZ_1_35,Gazde,Gazde,Nek' se znade ko je pravi gazda,3093,"Svako vece u birtiji sjedim
nemam kuda kradem Bogu dane
svako vece moje drustvo pije
vino tece, rakija se lije

Ref. 2x
Placat cemo do jutra za pjesme
da se dusa odmori od tuge
nek se znade tko je pravi gazda
sviraj za me ne mari za druge
 
Zvece case a tambure jeci
bas me briga sto ce drugi reci
zvone case to mi uhu godi
svakom godi tko se becar rodi

Ref. 2x

Udri baja u tamburu brze
nek ti zice bruje od miline
udri baja nek se pjesma ori
pjesma starih lola i becara

Ref. 2x","https://tekstovi.net/2,962,32147.html",,,,,,,,['Veljko Valentin Škorvaga'],['Veljko Valentin Škorvaga'],['Damir Mihovec'],['Gazde'],https://diskografija.com/pjesma/nek-se-znade-ko-je-pravi-gazda-7682.htm,Nek' se znade ko je pravi gazda,1994 - Zbog tebe sam to što jesam,2005 - Zlatna kolekcija,,"Svako veče u birtiji sjedim,
Nemam kuda kradem Bogu dane.
Svako veče moje drustvo pije,
Vino teče, rakija se lije.

Plačat ćemo do jutra za pjesme,
Da se duša odmori od tuge.
Nek se znade tko je pravi gazda,
Sviraj za me ne mari za druge.

Zveće čaše a tambura jeći,
Baš me briga što će drugi reći.
Zvone čaše to mi uhu godi,
Svakom godi tko se bećar rodi.

Udri baja u tamburu brže,
Nek ti žice bruje od miline.
Udri baja nek se pjesma ori,
Pjesma starih lola i bećara.",Nek se znade tko je pravi gazda,https://cuspajz.com//tekstovi-pjesama/pjesma/gazde/nek-se-znade-tko-je-pravi-gazda.html,Gazde,Nek' Se Znade Ko Je Pravi Gazda,3:22,Zbog Tebe Sam To Što Jesam,,,nan-Zbog Tebe Sam To Što Jesam/2005.0-Zlatna Kolekcija
36,vOntpwRZ_1_36,Gazde,Gazde,Neka me boli,6960,"S drugog kraja svijeta stize trideseta
a meni se nocas ne stari
pusti me zivote, sve mi drago ote
ona za me vise ne mari

S drugog kraja svijeta stize trideseta
a meni se samom ne stari
vjerov'o sam samo, samo srcu njenom
al' me srce njeno prevari
 
Ref. 2x
Neka me boli i bolje je tako
nek' mi je srce sad' prokleto
kriv sam sto nisam cuvat' je znao
pola je mene sa njom nestalo

Ne vidim ja druge, ne mogu od tuge
sve mi tuga uvijek pokvari
ne daj, Boze, nikom ovo sto si meni
srce mi i vatru uzari

S drugog kraja svijeta idu nova ljeta
a meni se samom ne stari
vjerov'o sam samo, samo srcu njenom
al' me srce njeno prevari

Ref. 2x
","https://tekstovi.net/2,962,19580.html",,,,,,,,['Marin Bukmir'],['Faruk Buljubašić Fayo'],['Zdravko Šljivac'],['Gazde'],https://diskografija.com/pjesma/neka-me-boli-7689.htm,Neka me boli,1995 - Za ljubav tvoju,2005 - Zlatna kolekcija,,"S drugog kraja svijeta stiže trideseta, a meni se noćas ne stari
Pusti me živote, sve mi drago ote, ona za me više ne mari
S drugog kraja svijeta stiže trideseta, a meni se samom ne stari
Vjerov'o sam samo, samo srcu njenom, al' me srce njeno prevari

Neka me boli i bolje tako, nek' mi je srce sad prokleto
Kriv sam što nisam čuvat' je znao
Pola je mene s njom nestalo
nek' mi je srce sad prokleto-ooo

Ne vidim ja druge, ne mogu od tuge, sve mi tuga uvijek pokvari
Ne daj, Bože, nikom, ovo što si meni, srce mi i vatru užari
S drugog kraja svijeta idu nova ljeta, a meni se samom ne stari
Vjerov'o sam samo, samo srcu njenom, al' me srce njeno prevari",Neka me boli,https://cuspajz.com//tekstovi-pjesama/pjesma/gazde/neka-me-boli.html,Gazde,Neka Me Boli,,Za Ljubav Tvoju,,Fayo,nan-Za Ljubav Tvoju/2005.0-Zlatna Kolekcija
37,vOntpwRZ_1_37,Gazde,Gazde,Nemoj u moj san,6029,"Jos me na te sve podsjeca
gluha noc, mi pod zvjezdama
jos u dusi glas tvoj odzvanja
jos sve moje tebi pripada

Ref. 2x
Nemoj opet, nemoj u moj san
lijepo je, al' svice novi dan
nemoj opet, jutro kisu donosi
sve mi lijepo zora pokvari
 
Nemam vise sto izgubiti
samo bol u suzu pretvoriti
sreca me je opet izdala
sad mi tuga krasi sjecanja

Ref. 
","https://tekstovi.net/2,962,19542.html",,,,,,,,['Marko Bujanović'],['Marko Bujanović'],"['Marko Bujanović', 'Zdravko Šljivac']",['Gazde'],https://diskografija.com/pjesma/nemoj-u-moj-san-7700.htm,Nemoj u moj san,,,,"Još me na te sve podsjeća,
Gluha noć mi pod zvijezdama
Još u duši glas tvoj odzvanja,
Još sve moje tebi pripada

Nemoj opet, nemoj u moj san
Lijepo je, al' sviće novi dan
Nemoj opet, jutro kišu donosi
Sve mi lijepo zoru pokvari

Nemam više što izgubiti,
Samo bol u suzu pretvoriti
Sreća me je opet izdala,
Sad mi tuga krasi sjećanja

Nemoj opet, nemoj u moj san
Lijepo je, al' sviće novi dan
Nemoj opet, jutro kišu donosi
Sve mi lijepo zoru pokvari",Nemoj u moj san,https://cuspajz.com//tekstovi-pjesama/pjesma/gazde/nemoj-u-moj-san.html,Gazde,Nemoj U Moj San,2:54,Bit Će Bolje,,,nan-Bit Će Bolje
38,vOntpwRZ_1_38,Gazde,Gazde,Nije jutro krivo,7616,"Opet nocas nisam oka sklopio
slus'o sam te kako dises
i za nas molio

Ne ide nas ljubav kao nekada
i ne vrijedi suze kriti 
ispod jastuka
 
Ref. 2x
Nije jutro, nije krivo
a jos manje noc
sto svak' na svom boku spava
i sto ce ljubav proc

Dogode se rijeci
al' odmah nestaju
kad nam tijela i budu skupa
duse nam samuju

Ne ide nas ljubav kao nekada
i ne vrijedi suze kriti 
ispod jastuka

Ref. 2x

Ref. 2x","https://tekstovi.net/2,962,19894.html",,,,,,,,,,,['Gazde'],https://diskografija.com/pjesma/nije-jutro-krivo-388.htm,Nije jutro krivo,2001 - Nije meni žao,2005 - Zlatna kolekcija,,"Opet noćas nisam oka sklopio
sluš'o sam te kako dišeš
I za nas molio
Ne ide naša ljubav kao nekada
I ne vrijedi suze kriti
ispod jastuka

Nije jutro nije krivo
A još manje noć
Što svak na svom boku spava
I što će ljubav proć

Dogode se riječi
al odmah nestaju
Kad nam tijela i budu skupa
duše nam samuju",Nije jutro krivo,https://cuspajz.com//tekstovi-pjesama/pjesma/gazde/nije-jutro-krivo.html,Gazde,Nije Jutro Krivo,03:16,Nije Meni Žao,,,nan-Nije Meni Žao/2005.0-Zlatna Kolekcija
39,vOntpwRZ_1_39,Gazde,Gazde,Nije meni zao,9475,"Otkako te znam za mene sve je stalo
svaki dan sam sam
a trazim tako malo
samo malo ljubavi

Dvije godine te, dvije moje tuge
ti si zivjela za neke ljude druge
ja sam tebe cekao
 
Ref.
Nije meni zao sto te vise nema
zao mi je samo nekih dragih uspomena
nista vise nece biti kao prije
cak ni kad se s drustvom napijem

Otkako te znam za mene sve je stalo
svaki dan sam sam
a trazim tako malo
samo malo ljubavi

Dvije godine te, dvije moje tuge
ti si zivjela za neke ljude druge
ja sam tebe cekao

Ref.","https://tekstovi.net/2,962,15720.html",,,,,,,,,,,['Gazde'],https://diskografija.com/pjesma/nije-meni-zao-386.htm,Nije meni žao,2001 - Nije meni žao,2005 - Zlatna kolekcija,,"Otkako te znam za mene sve je stalo
Svaki dan sam sam a tražim tako malo
Samo malo ljubavi

Dvije godine te dvije moje tuge
ti si živjela za neke ljude druge
Ja sam tebe čekao

Nije meni žao što te više nema
žao mi je samo nekih dragih uspomena
ništa više neće biti kao prije
čak ni kad se s društvom napijem",Nije meni žao,https://cuspajz.com//tekstovi-pjesama/pjesma/gazde/nije-meni-zao.html,Gazde,Nije Meni Žao,03:20,Zlatna Kolekcija,2005.0,,2005.0-Zlatna Kolekcija
40,vOntpwRZ_1_40,Gazde,Gazde,Nije nam od Boga dano,7252,"Pusti rijeci, sve se dobro zna
ljubav lijeci, ljubav ubija
ova nasa kao kazna
srce prazno, dusa prazna
tuga nas u crno zavija

Idi kad nam nista ne ide
idi da te oci ne vide
idi, samo idi drugom
ja cu sam sa svojom tugom
nek' ti drugi da sto nisam ja
 
Ref. 2x
Nisi kriva ni ti, ni ja
necu piti, to mi ne treba
tugo moja, moja rano
nije nam od Boga dano
nije nama dano od Neba

Bolje pusti, ne treba ti to
priznajem da nisam andjeo
al' bez grijeha nisi ni ti
ljubavi smo ove siti
krivim sam te putem poveo

Ref. 2x
","https://tekstovi.net/2,962,19946.html",,,,,,,,,,,,,,,,,"Pusti rijeci, sve se dobro zna
Ljubav lijeci, ljubav ubija
Ova nasa kao kazna
Srce prazno, dusa prazna
Tuga nas u crno zavija

Idi kad nam nista ne ide
Idi da te oci ne vide
Idi, samo idi drugom
Ja cu sam sa svojom tugom
Nek' ti drugi da sto nisam ja

Nisi kriva ni ti, ni ja
Necu piti, to mi ne treba
Tugo moja, moja rano
Nije nam od Boga dano
Nije nama dano od Neba

Bolje pusti, ne treba ti to
Priznajem da nisam andjeo
Al' bez grijeha nisi ni ti
Ljubavi smo ove siti
Krivim sam te putem poveo",Nije nam od Boga dano,https://cuspajz.com//tekstovi-pjesama/pjesma/gazde/nije-nam-od-boga-dano.html,Gazde,Nije Nam Od Boga Dano,3:22,Na Dnu Duše Moje,1999.0,Fayo,1999.0-Na Dnu Duše Moje
41,vOntpwRZ_1_41,Gazde,Gazde,Nocas,13702,"Pukle su od tuge zice
pokrile joj magle lice
al' jos cuvam njenu sliku
cuvam sliku jos je vidim tu

Ref. 2x
Nocas tuga kao njena kosa mirise
nocas je u svakoj pjesmi ima previse
nocas se u oku njisu tresnje daleke
k'o da su me njene usne opet ljubile
 
Necu ovu pjesmu vise
da mi uspomene brise
necu vise, Bog mi jednom
Bog mi jednom mozda vrati nju

Ref. 2x

K'o da su me njene usne opet ljubile
k'o da su me opet ljubile","https://tekstovi.net/2,962,12267.html",,Noćas,Tonight,,"Pukle su od tuge žice
pokrile joj magle lice
al' još čuvam njenu sliku,
čuvam sliku još je vidim tu
al' još čuvam njenu sliku,
čuvam sliku još je vidim tu. Refren 2x :. Noćas tuga kao njena kosa miriše
noćas je u svakoj pjesmi ima previše
noćas se u oku njišu trešnje daleke
k'o da su me njene usne opet ljubile. Neću ovu pjesmu više
da mi uspomene briše
neću više, Bog mi jednom
Bog mi jednom možda vrati nju
neću više, Bog mi jednom
Bog mi jednom možda vrati nju. Refren 2x:. Noćas tuga kao njena kosa miriše
noćas je u svakoj pjesmi ima previše
noćas se u oku njišu trešnje daleke
k'o da su me njene usne opet ljubile","Because of sadness strings cracked
fogs covered her face
but I still keep her picture
keep picture and I still see her here
but I still keep her picture
keep picture and I still see her here. Refrain 2x :. Tonight, sadness has smell of her hair
tonight, she is overmuch in every song
tonight, distant cherries are swinging in my eye
as if her lips kissed me again. I don't want this song anymore
to erase my memories
I don't want anymore, God once
Maybe, God once gives me her back
I don't want anymore, God once
Maybe, God once returns her back to me. Refrain 2x :. Tonight, sadness has smile of her hair
tonight, she is overmuch in every song
tonight, distant cherries are swinging in my eye
as if her lips kissed me again",https://lyricstranslate.com/en/no%C4%87-tonight.html,['Zdravko Šljivac'],['Željko Krznarić'],['Zdravko Šljivac'],['Gazde'],https://diskografija.com/pjesma/nocas-7683.htm,Noćas,1995 - Za ljubav tvoju,2005 - Zlatna kolekcija,,"Pukle su od tuge žice,
pokrile joj magle lice.
Al' još čuvam njenu slike,
čuvam sliku još je vidim tu.

Noćas tuga kao njena kosa miriše,
noćas je u svakoj pjesmi ima previše.
Noćas se u oku njišu trešnje daleke,
K'o da su me njene usne opet ljubile.

Neću ovu pjesmu više,
da mi uspomene briše.
Neću više Bog ni jednu.
Bog mi jednom možda vrati nju.",Noćas,https://cuspajz.com//tekstovi-pjesama/pjesma/gazde/nocas.html,Gazde,Noćas,,Za Ljubav Tvoju,,Željko Krznarić,nan-Za Ljubav Tvoju/2005.0-Zlatna Kolekcija
42,vOntpwRZ_1_42,Gazde,Gazde,Ostale i vece ljubavi bez srece,5117,"Ja ne znam kud ces ti
i ne znam kud cu ja
al' eto oboje smo
ostali bez sna

U tvome srcu sad
zaledio se led
u mome samo bol
mi cekamo na red
 
Ref. 2x
Ostale i vece ljubavi bez srece
ljubavi bez sjecanja
otisle i druge ljubavi bez tuge
pa zasto ne bi ti i ja

U tvome srcu sad
zaledio se led
u mome samo bol
mi cekamo na red

Ref. 2x
","https://tekstovi.net/2,962,19889.html",,,,,,,,,,,['Gazde'],https://diskografija.com/pjesma/ostale-i-vece-ljubavi-bez-srece-395.htm,Ostale i veće ljubavi bez sreće,,,,"Ja ne znam kud ćeš ti i ne znam kud ću ja
al' eto oboje smo ostali bez sna

U tvome srcu sad zaledio se led
u mome srcu bol mi čekamo na red

Ostale i veće ljubavi bez sreće
ljubavi bez sjećanja
otišle i druge ljubavi bez tuge
pa zašto ne bi ti i ja",Ostale i veće ljubavi bez sreće,https://cuspajz.com//tekstovi-pjesama/pjesma/gazde/ostale-i-vece-ljubavi-bez-srece.html,Gazde,Ostala I Veće Ljubavi Bez Sreće,02:25,Nije Meni Žao,,,nan-Nije Meni Žao
43,vOntpwRZ_1_43,Gazde,Gazde,"Ostarit cu ja, ostarit ces ti",13572,"Ref.
Ostarit cu ja, ostarit ces ti
ostarit cemo, al' bez ljubavi
zaplakat cu ja, zapalakt ces ti
kad se sjetis dana kad smo zoru budili

Sto ce meni oci nevjerne
sto ce meni usne lazljive
sto ce meni oko tvoje 
kada znam da nije moje
sto ce meni oci nevjerne
 
Ref.

Da su meni kcer i sinovi
ja ih necu s tobom imati
sto ce meni krov nad glavom
kad cu doci zorom plavom
al' nece me nitko cekati

Ref. 2x
","https://tekstovi.net/2,962,19892.html",,"Ostarit ću ja, Ostarit ćeš ti","I'll Grow Old, You'll Grow Old",,"Ostarit cu ja, ostarit ces ti
1
ostarit cemo, al' bez ljubavi
zaplakat cu ja, zapalakt ces ti
kad se sjetis dana kad smo zoru budili. Sto ce meni oci nevjerne
sto ce meni usne lazljive
sto ce meni oko tvoje
kada znam da nije moje
sto ce meni oci nevjerne. Da su meni kcer i sinovi
ja ih necu s tobom imati
sto ce meni krov nad glavom
kad cu doci zorom plavom
al' nece me nitko cekati","I'll grow old, you'll grow old
We'll grow old, but without love
I'll burst to tears, you'll burst to tears
When you remember the day when we woke the dawn. What do I need unfaithful eyes for?
What do I need lying lips for?
What do I need you eye for
When I know it is not mine?
What do I need unfaithful eyes for?. If I could have a daughter and sons
I will not have them with you
What do I need a roof over my head
When I'll come with the blue dawn
But there'll be no one waiting for me.",https://lyricstranslate.com/en/ostarit-%C4%87u-ja-ostarit-%C4%87e%C5%A1-ti-ill-grow-old-youll-grow-old.html,"['Rajko Dujmić', 'Nenad Ninčević']","['Rajko Dujmić', 'Nenad Ninčević']",['Zdravko Šljivac'],['Gazde'],https://diskografija.com/pjesma/ostarit-cu-ja-ostarit-ces-ti-7704.htm,"Ostarit ću ja, ostarit ćeš ti",1999 - Na dnu duše moje,2005 - Zlatna kolekcija,,"Ostarit ću ja, ostarit ćeš ti
Ostarit ćemo, al' bez ljubavi
Zaplakat ću ja, zaplakat ćeš ti
Kad se sjetiš dana kad smo zoru budili.

Što će meni oči nevjerne
Što će meni usne lazljive
Što će meni oko tvoje
Kada znam da nije moje
Što će meni oči nevjerne.

Da su meni kćeri sinovi
Ja ih neću s tobom imati
Što će meni krov nad glavom
Kad ću doći zorom plavom
Al' neće me nitko čekati.","Ostarit ću ja, ostarit ćeš ti",https://cuspajz.com//tekstovi-pjesama/pjesma/gazde/ostarit-cu-ja-ostarit-ces-ti.html,Gazde,"Ostarit Ću Ja, Ostarit Ćeš Ti",2:59,Na Dnu Duše Moje,1999.0,Rajko Dujmić,1999.0-Na Dnu Duše Moje
44,vOntpwRZ_1_44,Gazde,Gazde,Pazi duso,7797,"Danas sviram pjesmu ovu 
makar mi je tmuran dan
imam jedan dobar razlog
danas joj je rodjendan

Ne znam kako cu joj reci
neke lijepe, slatke rijeci
samo da joj zelim srecu
od svih drugih vecu
 
Ali ona sretna kaze
hvala, nije trebalo
shvatio sam netko drugi
srce joj osvojio

Ref.
Pazi, pazi, pazi duso
godinu si starija
taj ti mangup sada prica
isto sto sam pric'o ja

Pazi, pazi, pazi duso
ozbiljno ti kazem ja
lazes da si ljubav htjela 
sve si samo glumila

Pale su i lijepe rijeci
gdje si, sto si, kako si
probaj bar bez toga sad
jer mog'o bih ti pricati

Znao sam da to ce proci
i gledao je bas u oci
pogledom je sve mi rekla
i noc nas je zatekla

Opa, rekoh, stara prica
mala se promijenila
nabrzinu svoju plocu
opet si okrenula

Ref. 2x","https://tekstovi.net/2,962,20856.html",,,,,,,,['Marko Bujanović'],['Marko Bujanović'],['Zdravko Šljivac'],['Gazde'],https://diskografija.com/pjesma/pazi-duso-pahuljice-7691.htm,Pazi dušo (pahuljice),1995 - Za ljubav tvoju,2005 - Zlatna kolekcija,,"Danas sviram pjesmu ovu
Makar mi je tmuran dan
Imam jedan dobar razlog
Danas joj je rodjendan

Ne znam kako cu joj reci
Neke lijepe, slatke rijeci
Samo da joj zelim srecu
Od svih drugih vecu

Ali ona sretna kaze
Hvala, nije trebalo
Shvatio sam netko drugi
Srce joj osvojio

Pazi, pazi, pazi duso
Godinu si starija
Taj ti mangup sada prica
Isto sto sam pric'o ja

Pazi, pazi, pazi duso
Ozbiljno ti kazem ja
Lazes da si ljubav htjela
Sve si samo glumila

Pale su i lijepe rijeci
Gdje si, sto si, kako si
Probaj bar bez toga sad
Jer mog'o bih ti pricati

Znao sam da to ce proci
I gledao je bas u oci
Pogledom je sve mi rekla
I noc nas je zatekla

Opa, rekoh, stara prica
Mala se promijenila
Nabrzinu svoju plocu
Opet si okrenula","Pazi, dušo",https://cuspajz.com//tekstovi-pjesama/pjesma/gazde/pazi-duso.html,Gazde,Pazi Dušo,,Za Ljubav Tvoju,,Marko Bujanović,nan-Za Ljubav Tvoju/2005.0-Zlatna Kolekcija
45,vOntpwRZ_1_45,Gazde,Gazde,Poslije kise sunce dolazi,6932,"Kad bih mog'o skinuo bih 
zvijezde s neba za tebe
da ti svijetle dok me nema
kada noci zabole

Govore ti zlobni ljudi
da sam s drugom bio ja
ne vjeruj im, pusti price
ti si moja sudbina
 
Ref. 2x
Nema druge, jedina si ti
poslije kise sunce dolazi
ne slusaj ih, ljud lazu sve
nema meni druge do tebe

Da jos jedan zivot imam
malo bi nam bilo sve
za svu srecu ovog svijeta
nikom ne bih dao te

Govore ti zlobni ljudi
da sam s drugom bio ja
ne vjeruj im, pusti price
ti si moja sudbina

Ref. 2x
","https://tekstovi.net/2,962,19890.html",,,,,,,,,,,,,,,,,"Kad bih mogo,
Skinuo bih zvijezde s neba za tebe
Da ti svijetle dok me nema
Kada noći zabole
Govore ti zlobni ljudi
Da sam s drugom bio ja
Ne vjeruj im, pusti priče
Ti si moja sudbina, naj naj naj naj

Nema druge jedina si ti
Poslije kiše sunce dolazi
Ne slušaj, ljudi lažu sve
Nema meni druge do tebe.

Da još jedan život imam
Malo bi nam bilo sve
Za svu sreću ovog svjeta
Nitkom nebi dao te.
Govore ti zlobni ljudi
Da sam s drugom bio ja
Ne vjeruj im, pusti priče
Ti si moja sudbina, naj naj naj naj",Poslije kiše sunce dolazi,https://cuspajz.com//tekstovi-pjesama/pjesma/gazde/poslije-kise-sunce-dolazi.html,Gazde,Poslije Kiše Sunce Dolazi,3:36,Na Dnu Duše Moje,1999.0,Goran Orešković,1999.0-Na Dnu Duše Moje
46,vOntpwRZ_1_46,Gazde,Gazde,"Prerano, prerano",5769,"Nema srebra, nema zlata
da otvore rajska vrata
da jos jednom vidim lice
za kojim cu venuti

Nema noci, nema dana
ne prestaje boljet' rana
dusa sto ce od jutra
zaliti do vijeka
 
Ref. 2x
Prerano, prerano
Bog mi tebe uzeo
od mene, od mene
od mene premladu te k nebu poveo

Za tebe zvona nocas tuguju
a ja bih suzom platio 
kad bi te samo 
na trenutak vratio

Ref. 2x
","https://tekstovi.net/2,962,19543.html",,,,,,,,['Dražen Pavin'],['Dražen Pavin'],['Zdravko Šljivac'],['Gazde'],https://diskografija.com/pjesma/prerano-prerano-7702.htm,"Prerano, prerano",,,,"Nema srebra, nema zlata
da otvore rajska vrata
da još jednom vidim lice
za kojim ću venuti

Nema noći, nema dana
ne prestaje boljet rana
duše što će od jutra
žaliti do vijeka

Prerano prerano
Bog mi tebe uzeo
od mene od mene
od mene premladu te k nebu poveo

Za tebe noćas zvona tuguju
a ja bih suzom platio
kad bi te samo
na trenutak vratio","Prerano, prerano",https://cuspajz.com//tekstovi-pjesama/pjesma/gazde/prerano-prerano.html,Gazde,"Prerano, Prerano",3:11,Bit Će Bolje,,,nan-Bit Će Bolje
47,vOntpwRZ_1_47,Gazde,Gazde,Previse je bola na dnu duse moje,6854,"Nema tebe da se opet  oci raduju
jos te samo, jos te samo suze cekaju
nikog nema s kim ce dusa bol podijeliti
pa i ovo malo srece su mi odnijeli

Ref. 2x
Previse je bola na dnu duse moje
mnogo gorkih suza sakrivam
bit' ce srece za nas dvoje
nije nama samo tuga sudjena
 
Cujes li me sudbo sada dodji po mene
nek' se sklope oci ove, nek' me ne bude
nikog nema s kim ce dusa bol podijeliti
pa i ovo malo srece su mi odnijeli

Ref. 2x","https://tekstovi.net/2,962,20857.html",,,,,,,,['Zdravko Šljivac'],['Goran Orešković'],['Zdravko Šljivac'],['Gazde'],https://diskografija.com/pjesma/previse-je-bola-na-dnu-duse-moje-7705.htm,Previše je bola na dnu duše moje,1999 - Na dnu duše moje,2005 - Zlatna kolekcija,,"Nema tebe da se opet oci raduju
Jos te samo, jos te samo suze cekaju
Nikog nema s kim ce dusa bol podijeliti
Pa i ovo malo srece su mi odnijeli

Previse je bola na dnu duse moje
Mnogo gorkih suza sakrivam
Bit' ce srece za nas dvoje
Nije nama samo tuga sudjena

Cujes li me sudbo sada dodji po mene
Nek' se sklope oci ove, nek' me ne bude
Nikog nema s kim ce dusa bol podijeliti
Pa i ovo malo srece su mi odnijeli",Previše je bola na dnu duše moje,https://cuspajz.com//tekstovi-pjesama/pjesma/gazde/previse-je-bola-na-dnu-duse-moje.html,Gazde,Previše Je Bola Na Dnu Duše Moje,2:55,Na Dnu Duše Moje,1999.0,Goran Orešković,1999.0-Na Dnu Duše Moje/2005.0-Zlatna Kolekcija
48,vOntpwRZ_1_48,Gazde,Gazde,Prorekli te,3576,"Zora dise, slatke usne ljube
otimaju se zivotu sati
u tebi je nesto meni slicno
ti si nesto sto se jos isplati

Dolazis na prstima polako
vidim boju sasvim nepoznatu
imas hrabrost, imas nesto moje
nesto sto je skovano u zlatu
 
Ref.
Prorekli te cigani pred zoru
kao zivu sliku na prozoru
prorekli mi boju oka tvoga
prorekli te kao dar od Boga

Mirise ti kosulja na cvijece
prstima mi crtas put do srece
prorekli te cigani pred zoru
kao zivu sliku na prozoru

Ref. 2x","https://tekstovi.net/2,962,41447.html",,,,,,,https://lyricstranslate.com/en/translations,,,,,,,,,,,,,,,,,,,
49,vOntpwRZ_1_49,Gazde,Gazde,Sacuvaj mene za sebe,16365,"Meni je s tobom lijepo
mene se ne ticu price
i to sto sad volim tebe
sto se to koga tice

Uvijek je tako bilo
kad neko s nekim krene
muski su bili losi
a lake su bile zene
 
Ref.
Sacuvaj mene za sebe
nek' prica tko sto hoce
bez tebe k'o da me nema
umro bih od samoce

Sacuvaj mene za sebe
i uvijek moja budi
i ti sto glume svece
i oni su samo ljudi

Meni je s tobom lijepo
ja ne slusam price sa strane
hvala ti za moju srecu
za ove nase dane

Ref.

Ref.
","https://tekstovi.net/2,962,19888.html",,,,,,,,,,,['Gazde'],https://diskografija.com/pjesma/sacuvaj-mene-za-sebe-387.htm,Sačuvaj mene za sebe,2001 - Nije meni žao,2005 - Zlatna kolekcija,,"Meni je s tobom lijepo
Mene se ne tiču priče
I to što sad volim tebe
Što se to koga tiče

Uvijek je tako bilo
Kad netko s nekim krene
Muški su bili loši
A lake su bile žene

Sačuvaj mene za sebe
Nek priča tko što hoće
Bez tebe ko da me nema
Umro bih od samoće

Sačuvaj mene za sebe
I uvijek moja budi
I ti što glume svece
I oni su samo ljudi

Meni je s tobom lijepo
Ja ne slušam priče sa strane
Hvala ti za moju sreću
Za ove naše dane",Sačuvaj mene za sebe,https://cuspajz.com//tekstovi-pjesama/pjesma/gazde/sacuvaj-mene-za-sebe.html,Gazde,Sačuvaj Mene Za Sebe,04:04,Zlatna Kolekcija,2005.0,,2005.0-Zlatna Kolekcija
50,vOntpwRZ_1_50,Gazde,Gazde,"Samujem, tugujem",5645,"Mirisu livade, lipe vec su procvale
zlatno klasje njise se, tebe nema kraj mene
oci tvoje zelene ugasle su za mene
usne sto su ljubile dusu su mi ubile

Ref. 2x
Samujem, tugujem
bez tebe bolujem
tugujem, samujem
bez tebe ludujem
 
Kisne kapi romore
kao da mi govore
tambure sto sviraju
ime tvoje diraju

Bijele ptice, letite
pozdrav joj odnesite
zvijezde sjajne, putujte
natrag mi je vratite

Ref. 2x

Bez tebe ja umirem","https://tekstovi.net/2,962,20235.html",,,,,,,,['Zdravko Šljivac'],['Mihaela Botko'],['Zdravko Šljivac'],['Gazde'],https://diskografija.com/pjesma/samujem-tugujem-7687.htm,"Samujem, tugujem",1995 - Za ljubav tvoju,"1998 - Za dušu - Vesna Pezo
Aranžman: Goran Mačužić",2005 - Zlatna kolekcija,"Mirisu livade, lipe vec su procvale
Zlatno klasje njise se, tebe nema kraj mene
Oci tvoje zelene ugasle su za mene
Usne sto su ljubile dusu su mi ubile

Samujem, tugujem
Bez tebe bolujem
Tugujem, samujem
Bez tebe ludujem

Kisne kapi romore
Kao da mi govore
Tambure sto sviraju
Ime tvoje diraju

Bijele ptice, letite
Pozdrav joj odnesite
Zvijezde sjajne, putujte
Natrag mi je vratite

Bez tebe ja umirem","Samujem, tugujem",https://cuspajz.com//tekstovi-pjesama/pjesma/gazde/samujem-tugujem.html,Gazde,"Samujem, Tugujem",,Za Ljubav Tvoju,,Mihaela Botko,nan-Za Ljubav Tvoju/2005.0-Zlatna Kolekcija
51,vOntpwRZ_1_51,Gazde,Gazde,Sedmica,4481,"Da mi je na lotu sedmica
samo jedno kupio bih ja
punomoc na tvoje srce
kupio bih pa nek tuce
neka tuce pokraj mojega

Bas smo dv'je budale bili mi
svadjali se, pa se mirili
oboje smo rijetke ptice
koga ljubis izdajice
koga ljubis, mislis na mene
 
Ref. 2x
Nemam tol'ko vina niti prijatelja
da se s njima utjesim
ima tol'ko zena, nisam od kamena
al' ni jedna kao ti

Prijatelji poslije ljubavi 
nece ici duso, vjeruj mi
oboje smo rijetke ptice
koga ljubis izdajice
koga ljubis, mislis na mene

Ref. 3x","https://tekstovi.net/2,962,35122.html",,,,,,,,,,,,,,,,,,,,,,,,,,
52,vOntpwRZ_1_52,Gazde,Gazde,Sto sam Bogu skrivio,5919,"Godine mi kao ciganske
svaka noc k'o jedno stoljece
ej, da srce zna mi slagati
slagalo bi da te ne voli

Nije dukat sve sto sjajno je
ej, princezo krvi varljive
kamen moze vise voljeti
sto je tebi, reci duse ti
 
Ref. 2x
Sto sam Bogu skrivio
 kakve grijehe cinio
da me je ovako kaznio

Sto sam Bogu skrivio 
za tebe sam zivio
a na kraju sam sam ostao","https://tekstovi.net/2,962,32148.html",,,,,,,,['Tin Marino'],['Faruk Buljubašić Fayo'],['Damir Mihovec'],['Gazde'],https://diskografija.com/pjesma/sto-sam-bogu-skrivio-7678.htm,Što sam Bogu skrivio,1994 - Zbog tebe sam to što jesam,2005 - Zlatna kolekcija,,,,,Gazde,Što Sam Bogu Skrivio,2:56,Zbog Tebe Sam To Što Jesam,,,"nan-Zbog Tebe Sam To Što Jesam/nan-Gazde Zagrebu, Koncert Iz Doma Športova/2000.0-12 Hitova"
53,vOntpwRZ_1_53,Gazde,Gazde,Tesko onom koga zale,5988,"Ne gledaj me tko sam bio, pogledaj me tko sam sad
padao sam i letio, jer bio sam jako mlad
a sve grijehe one moje dijelili smo mi u dvoje
sad mi kazes da me zalis, volio bih da se salis

Ref.
Tesko onom koga zale, od toga mi nema gore
to je duso za budale, nek' me mrze ili vole
tesko onom koga zale, koga stare rane bole
ja ne volim kad me hvale, nek' me mrze ili vole
 
Ne gledaj me tko sam bio, proslo vise ne postoji
sto sam bio, sto sam htio, to se vise i ne broji
a sve grijehe one moje zamotaj u one svoje
ne treba nam sazaljenje dosta nam je pomirenje

Ref. 2x

Ref.

Nek' me mrze ili vole, hej
","https://tekstovi.net/2,962,19887.html",,,,,,,,,,,['Gazde'],https://diskografija.com/pjesma/tesko-onom-koga-zale-389.htm,Teško onom koga žale,,,,"Ne gledaj me tko sam bio
Pogledaj me tko sam sad
padao sam i letio
jer bio sam jako mlad
a sve grijehe one moje
dijelili smo mi u dvoje
sad mi kažeš da me žališ
volio bih da se šališ

Teško onom koga žale
od toga mi nema gore
to je dušo za budale
nek me mrze ili vole
Teško onom koga žale
koga stare rane bole
ja ne volim kad me hvale
nek me mrze ili vole

Ne gledaj me tko sam bio
prošlo više ne postoji
što sam bio što sam htio
to se više i ne broji
a sve grijehe one moje
zamotaj u one svoje
ne treba mi sažaljenje
dosta nam je pomirenje",Teško onom koga žale,https://cuspajz.com//tekstovi-pjesama/pjesma/gazde/tesko-onom-koga-zale.html,Gazde,Teško Onom Koga Žale,02:47,Nije Meni Žao,,,nan-Nije Meni Žao
54,vOntpwRZ_1_54,Gazde,Gazde,Ti si jos premlada,5275,"Pogledaj u mene kako treba
i dat cu ti plavo sve od neba
srce cu ti zaljuljati 
usne cu ti nazuljati, usne nazuljati

Prolupalo, pa preskace srce
palis me ko vatra suho drvce
ma ajde, zasto cekamo
vidis da se smekamo
 
Ref. 
Ti si jos premlada 
bjezimo iz grada da se usne spoje
opilo se vino, pa nam je vrucina
crno oko moje

Ti si jos premlada 
lako cemo sada, sami smo u dvoje
postalo nam vruce
mjesecina tuce, oko moje

Vidis sve i znam da ti je milo
nudis se da padnes mi u krilo
sto me tako zavodis
na krivi put navodis
na krivi put navodis

Ref.

A onda smo se poslije cudili
kako smo se tad zaljubili
nimalo nam nije trebalo
al' se desilo

Ref.","https://tekstovi.net/2,962,41605.html",,,,,,,,,,,,,,,,,,,,,,,,,,
55,vOntpwRZ_1_55,Gazde,Gazde,Trebam te nocas,44085,"Evo nocas opet tugujem
dalje moram sam, a ne mogu
svakog dana ti bi rekla da me volis
i prije sna da za nas Boga molis 

Al' te zivot drugom odveo
i vise nismo zajedno
 
Ref. 2x
Trebam te nocas, budi ovdje
da ti ljubim usne tvoje
da te grlim sve do zore
jer tako zeli srce moje

Bez tebe je svaka zora 
nece san na oci od tog bola
dva jastuka stoje pokrivena
u mojoj sobi jos je tvoja sjena

Ref. 2x","https://tekstovi.net/2,962,35287.html",,Trebam te noćas,,,"Evo noćas opet tugujem
Dalje moram sam, a ne mogu
Svakog dana ti bi rekla da me voliš
I prije sna da za nas Boga moliš. Al' te život drugom odveo
I više nismo zajedno. (Refren)
Trebam te noćas, budi ovdje
Da ti ljubim usne tvoje
Da te grlim sve do zore
Jer tako želi srce moje. Bez tebe je svaka zora
Neće san na oči od tog bola
Dva jastuka stoje pokrivena
U mojoj sobi još je tvoja sjena. (Refren)",,https://lyricstranslate.com/en/gazde-trebam-te-nocas-lyrics.html,,,,,,,,,,,,,,,,,,,
56,vOntpwRZ_1_56,Gazde,Gazde,Tudji svatovi,8848,"Tudji su svatovi tu gdje smo ja i ti
trebali vec odavno jedno drugom reci ""da""
nasa je ljubav tajna dobro cuvana
a pred svijetom pravimo se da smo stranca dva

Nocu je najteze, kad dise kraj mene
ona za koju srce vise ne bije
i kako doc' do tebe, skinut' okove
kad nemam snage za to, to se ne smije
 
Ref.
Ljubi me dok prolaze tudji svatovi
ispijmo bol sa svojim suzama
ljubi me dok prolaze tudji svatovi
jer tako mi necemo nikada

Koliko godina ima jos pred nama
a nas je tako kasno spojila sudbina
vene srce moje kao ruzmarin
ja te ludo volim i zbog tog' ne zalim

Ref.

Ref.","https://tekstovi.net/2,962,20947.html",,,,,,,,,,,,,,,,,"Tudji su svatovi tu gdje smo ja i ti
Trebali vec odavno jedno drugom reci ""da""
Nasa je ljubav tajna dobro cuvana
A pred svijetom pravimo se da smo stranca dva

Nocu je najteze, kad dise kraj mene
Ona za koju srce vise ne bije
I kako doc' do tebe, skinut' okove
Kad nemam snage za to, to se ne smije

Ljubi me dok prolaze tudji svatovi
Ispijmo bol sa svojim suzama
Ljubi me dok prolaze tudji svatovi
Jer tako mi necemo nikada

Koliko godina ima jos pred nama
A nas je tako kasno spojila sudbina
Vene srce moje kao ruzmarin
Ja te ludo volim i zbog tog' ne zalim",Tuđi svatovi,https://cuspajz.com//tekstovi-pjesama/pjesma/gazde/tudji-svatovi.html,Gazde,Tuđi Svatovi,,Milijun Poljubaca,2010.0,,2010.0-Milijun Poljubaca
57,vOntpwRZ_1_57,Gazde,Gazde,U ljubavi srece nemam,5685,"Odkad sam te ugledao
vidio sam dobro sto me ceka
nikada ti necu prici
voljet cu te uvijek izdaleka

Pod Sljemenom kisa pada
mladi mjesec od mene se krije
u mislima tvojim duso
znam da mene nikad bilo nije
 
Ref.
Ti me ne primjecujes
pored mene prolazis
nista moje ne trebas i ne volis

Ja ti vise nikad necu doc
u ljubavi srece nemam
nek me tamburasi isprate u hladnu noc
ja ti vise nikad necu doc

Ljubav to je cudna ptica
kad je tesko i kad srce boli
uvijek je na onoj strani
koja u zivotu manje voli

Ref.","https://tekstovi.net/2,962,32151.html",,,,,,,,['Saša Lošić'],['Saša Lošić'],['Marko Bujanović'],['Gazde'],https://diskografija.com/pjesma/u-ljubavi-srece-nemam-11838.htm,U ljubavi sreće nemam,,,,,,,Gazde,U Ljubavi Sreće Nemam,,Milijun Poljubaca,2010.0,,2010.0-Milijun Poljubaca
58,vOntpwRZ_1_58,Gazde,Gazde,U snu i ljubavi,21974,"Jos uvijek cujem tvoje rijeci
sve ce ovo jednom proci
nasa ljubav, nasi snovi
neće nikad uspjeti

Ti si meni jednom rekla
da sam tebi navika
moje ruke u samoci
jos za tobom lutaju
 
Ref.
Sve jos pamtim
sve kroz mene prolazi 
tvoje tijelo 
u sobi gdje smo zivjeli ti i ja
u snu ljubavi

Za tebe ja sam bio dijete
samo igra naivna
boja neba, miris noci
vraca misli na tebe

Ref. 2x
","https://tekstovi.net/2,962,19592.html",,U snu i ljubavi,,,"Jos uvijek cujem tvoje rijeci
sve ce ovo jednom proci
nasa ljubav, nasi snovi
neće nikad uspjeti. Ti si meni jednom rekla
da sam tebi navika
moje ruke u samoci
jos za tobom lutaju. Ref.
Sve jos pamtim
sve kroz mene prolazi
tvoje tijelo
u sobi gdje smo zivjeli ti i ja
u snu ljubavi. Za tebe ja sam bio dijete
samo igra naivna
boja neba, miris noci
vraca misli na tebe",,https://lyricstranslate.com/en/gazde-u-snu-i-ljubavi-lyrics.html,['Vjekoslav Dimter'],['Vjekoslav Dimter'],['Zdravko Šljivac'],['Gazde'],https://diskografija.com/pjesma/u-snu-i-ljubavi-7694.htm,U snu i ljubavi,1997 - Bit će bolje,2005 - Zlatna kolekcija,,"Još uvijek čujem tvoje riječi
Sve će ovo jednom proći,
Naša ljubav, naši snovi
Neće nikad uspjeti

Ti si meni jednom rekla
Da sam tebi navika,
Moje ruke u samoći
Još za tobom lutaju

I sve još pamtim,
Sve kroz mene prolazi,
Tvoje tijelo,
U sobi gdje smo živjeli
Ti i ja,
U snu ljubavi

Za tebe ja sam bio dijete,
Samo igra naivna,
Boja neba, miris noći
Vraća misli na tebe",U snu i ljubavi,https://cuspajz.com//tekstovi-pjesama/pjesma/gazde/u-snu-i-ljubavi.html,Gazde,U Snu I Ljubavi,3:35,Bit Će Bolje,,,nan-Bit Će Bolje/2000.0-12 Hitova/2005.0-Zlatna Kolekcija
59,vOntpwRZ_1_59,Gazde,Gazde,Usne boje vina,10584,"Ja svijetom skitam
za tebe pitam
i srce tebi 
na dlanu nosim

I svi mi kazu
skitnice luda
svoj dom potrazi
nemas vise kuda
(2x)
 
Ref.
Usne boje vina 
zaboravit' necu
donijele su ljubav
a uzele srecu

Usne boje vina
tko ih sad ljubi
ne zna da ga lazu
ne zna da ih gubi

Od vjetra nemam
boljega druga
pred nama noc je
i cesta duga

I svima kazem
zbogom, adio
jer tebe ljubim
a to nisam smio
(2x)

Ref. 2x

Ne zna da ga lazu
ne zna da ih gubi
","https://tekstovi.net/2,962,19602.html",,,,,,,,"['Rajko Dujmić', 'Nenad Ninčević']","['Rajko Dujmić', 'Nenad Ninčević']",['Zdravko Šljivac'],['Gazde'],https://diskografija.com/pjesma/usne-boje-vina-7713.htm,Usne boje vina,,,,"Ja svijetom skitam
Za tebe pitam
I srce tebi
Na dlanu nosim

I svi mi kazu
Skitnice luda
Svoj dom potrazi
Nemas vise kuda

Usne boje vina
Zaboravit' necu
Donijele su ljubav
A uzele srecu

Usne boje vina
Tko ih sad ljubi
Ne zna da ga lazu
Ne zna da ih gubi

Od vjetra nemam
Boljega druga
Pred nama noc je
I cesta duga

I svima kazem
Zbogom, adio
Jer tebe ljubim
A to nisam smio

Ne zna da ga lazu
Ne zna da ih gubi",Usne boje vina,https://cuspajz.com//tekstovi-pjesama/pjesma/gazde/usne-boje-vina.html,Gazde,Usne Boje Vina,3:15,Na Dnu Duše Moje,1999.0,Rajko Dujmić,1999.0-Na Dnu Duše Moje
60,vOntpwRZ_1_60,Gazde,Gazde,Vazda gazda,13260,"Vazda gazda, gazda sam ja
becar, lola, skitnica
vazda gazda, sto mi fali
kome smeta nek se zali
vazda gazda, gazda sam ja
hej, hej, hej, hej
 
Da imam milijun ja
ne znam sto bi s njim
ne znam sto bi s njim
dzaba svega ako ja
mladjan poludim, mladjan poludim

Da mi daju vlast 
fala im za cast
tko bi gore sad je dolje
lako moze past'

Ref.
Vazda gazda, gazda sam ja
becar, lola, skitnica
mene znade svaka seka
sve odavde do Osijeka
vazda gazda, gazda sam ja

Vazda gazda, gazda sam ja
becar, lola, skitnica
vazda gazda, sto mi fali
kome smeta nek se zali
vazda gazda, gazda sam ja","https://tekstovi.net/2,962,18279.html",,,,,,,,"['Rajko Dujmić', 'Nenad Ninčević']","['Rajko Dujmić', 'Nenad Ninčević']",['Zdravko Šljivac'],['Gazde'],https://diskografija.com/pjesma/vazda-gazda-7708.htm,Vazda gazda,1999 - Na dnu duše moje,2005 - Zlatna kolekcija,,,,,Gazde,Vazda Gazda,2:58,Na Dnu Duše Moje,1999.0,Rajko Dujmić,1999.0-Na Dnu Duše Moje/2000.0-12 Hitova/2005.0-Zlatna Kolekcija
61,vOntpwRZ_1_61,Gazde,Gazde,Za ljubav tvoju,13311,"Pogledaj me opet kao nekad prije
i ne reci nista sto bilo nije
pogledaj me jos jednom za srecu
lagao sam druge, tebi lagat' necu

Pogledaj me opet i mirnija budi
znam da nije tako sto govore ljudi
pogledaj me opet, jos jednom za srecu
lagao sam druge, tebi lagat' necu
 
Ref.
Za ljubav tvoju nek tambure ore
ista ce se pjesma pjevati do zore
za ljubav tvoju i sretnije lice
svirat ce se nocas dok ne puknu zice

Pogledaj me opet i mirnija budi
znam da nije tako sto govore ljudi
pogledaj me opet, jos jednom za srecu
lagao sam druge, tebi lagat' necu

Ref.

Za ljubav tvoju i sretnije lice
svirat ce se nocas dok ne puknu zice
","https://tekstovi.net/2,962,19593.html",,,,,,,,['Zdravko Šljivac'],['Duško Gruborović'],"['Zdravko Šljivac', 'Damir Mihovec']",['Gazde'],https://diskografija.com/pjesma/za-ljubav-tvoju-7685.htm,Za ljubav tvoju,1995 - Za ljubav tvoju,2005 - Zlatna kolekcija,,"Pogledaj me opet kao nekad prije
I ne reci nista sto bilo nije
Pogledaj me jos jednom za srecu
Lagao sam druge, tebi lagat' necu

Pogledaj me opet i mirnija budi
Znam da nije tako sto govore ljudi
Pogledaj me opet, jos jednom za srecu
Lagao sam druge, tebi lagat' necu

Za ljubav tvoju nek tambure ore
Ista ce se pjesma pjevati do zore
Za ljubav tvoju i sretnije lice
Svirat ce se nocas dok ne puknu zice

Pogledaj me opet i mirnija budi
Znam da nije tako sto govore ljudi
Pogledaj me opet, jos jednom za srecu
Lagao sam druge, tebi lagat' necu

Za ljubav tvoju i sretnije lice
Svirat ce se nocas dok ne puknu zice",Za ljubav tvoju,https://cuspajz.com//tekstovi-pjesama/pjesma/gazde/za-ljubav-tvoju.html,Gazde,Za Ljubav Tvoju,,Za Ljubav Tvoju,,Dušan Gruborović,nan-Za Ljubav Tvoju/2000.0-12 Hitova/2005.0-Zlatna Kolekcija
62,vOntpwRZ_1_62,Gazde,Gazde,Za tebe,10089,"Zivot moj prazan brod
zivot kao tamni svod
zivot moj pusti vrt
kao zemlja suh i skrt

Zivot moj zelen list
zivot kao suza cist
zivot moj, moje sve
dao bih za tebe
 
Ref. 2x
Nekoga moram voljeti
nekome se radovati
s nekim ja moram mastati
nekome moram prastati

Zivot moj meda vrc
zivot gorak kao zuc
zivot moj, moje sve
dao bih za tebe

Ref. 2x

Za tebe
","https://tekstovi.net/2,962,20236.html",,,,,,,,['Željko Krušlin'],['Željko Krušlin'],['Zdravko Šljivac'],['Gazde'],https://diskografija.com/pjesma/za-tebe-7686.htm,Za tebe,,,,,,,Gazde,Za Tebe,,Za Ljubav Tvoju,,Željko Krušlin,nan-Za Ljubav Tvoju
63,vOntpwRZ_1_63,Gazde,Gazde,Zagorska,2209,"Kaj me pitas kaj zagorje ima
kaj me pitas gde su bregi ti
srce voli ono kaj je sveto
to si meni zagorje ti

Kad pri kleti vidis da se svetli
ti navrni, ne bu tebi zal
pajdasija svakomu je draga
zagorec bu sve za tebe dal
 
Ref. 2x
Zagorci smo mi, nek nas cuju svi
tu pri nase hize svi su veseli
zagorski je dom tu pri srcu mom
vrnul bum se navek bregu svom

Put me vodil gde sam se ja rodil
od tem kraju, povedal bum ti sad
sve sam videl, celog sveta presel
nigde nije lepse neg je tu

Dok na nebu lampasi svetiju
dok mi srce bude kucalo
ja bum ljubil svoju dedovinu
to vam veli srce zagorsko

Ref. 2x","https://tekstovi.net/2,962,49956.html",,,,,,,,"['D. Popović', 'Marko Bujanović']",['D. Popović'],"['D. Popović', 'Marko Bujanović']",['Gazde'],https://diskografija.com/pjesma/zagorska-3185.htm,Zagorska,,,,,,,Gazde,Zagorska,,Zbogom Za Zbogom,,,nan-Zbogom Za Zbogom
64,vOntpwRZ_1_64,Gazde,Gazde,Zaplakat ces,9731,"Sto mi brises s usne rijeci
radost tvoja je u tome
glasnike sto tugu nose
sto mi saljes da me lome

Sto mi gasis svijetlo rano
sto nam je od Boga dano
zar ti ljubav vise nije
gdje je srce bilo prije
 
Ref. 2x
Zaplakat' ces 
kad se sjetis sto je bilo
slomit ce te svaka suza moje milo

Sto mi gazis cvijet sto cvjeta
ostavljas mi gole grane
sto mi skidas s duse zlato
ne volis me to je zato 

Ref. 3x","https://tekstovi.net/2,962,32150.html",,,,,,,,['Marko Bujanović'],['Željko Krznarić'],['Marko Bujanović'],['Gazde'],https://diskografija.com/pjesma/zaplakat-ces-12596.htm,Zaplakat ćeš,,,,,,,Gazde,Zaplakat Ćeš,,Milijun Poljubaca,2010.0,,2010.0-Milijun Poljubaca
65,vOntpwRZ_1_65,Gazde,Gazde,Zauvijek,9047,"Usnama sam ljubav dobio
suzu s tvoga lica skinuo
jedan zivot kratak mi je
bez tebe i k'o da nije

Gore negdje medju zvijezdama
nasa svijeca vec dogorjela
nek' nas nose krila bijela
toplo mi je od tvog tijela
nosim te u dusi zauvijek
 
Ref. 2x
Nek' mi sve odnesu godine
dok si tu ne bojim se
tvoja ruka topla, mala
sto je tuga izbrisala
nosim te u dusi zauvijek

Gore negdje medju zvijezdama
nasa svijeca vec dogorjela
nek' nas nose krila bijela
toplo mi je od tvog tijela
nosim te u dusi zauvijek

Ref. 2x
","https://tekstovi.net/2,962,19893.html",,,,,,,,['Zdravko Šljivac'],['Željko Krznarić'],['Zdravko Šljivac'],['Gazde'],https://diskografija.com/pjesma/zauvijek-7690.htm,Zauvijek,1995 - Za ljubav tvoju,2005 - Zlatna kolekcija,,"Usnama sam ljubav dobio,
suza sam s' tvog lica skinuo.
Jedan život kratak mi je,
Bez tebe i ko da nije.
Bez tebe i ko da nije.

Gore negdje među zvjezdama,
naša svijeća već dogorjela.
Nek nas nose krila bijela,
toplo mi je od tvog tijela.
Nosim te u duši zauvjek.

Nek mi sve, odnesu godine.
Dok si tu ne boji se.
Tvoja ruka topla, mala,
sto je tuga izbrisala.
Nosim te u duši zauvjek.",Zauvijek,https://cuspajz.com//tekstovi-pjesama/pjesma/gazde/zauvijek.html,Gazde,Zauvijek,,Za Ljubav Tvoju,,Željko Krznarić,nan-Za Ljubav Tvoju/2005.0-Zlatna Kolekcija
66,vOntpwRZ_1_66,Gazde,Gazde,Zbog tebe sam to sto jesam,27384,"Pokidali prsti zice
pa su pjesme pune tuge
nije za nas bilo srece
sreca je za ljude druge

Ref. 2x
Zbog tebe sam to sto jesam
valjda Bog je tako htio
pa me znaju svi birtasi
kod njih sam zbog tebe bio
 
Tako ce me zivot jednom
iznad neba ostaviti
tko ce zice popraviti
pjesmu tebi zapjevati

Ref. 2x

Zbog tebe sam to sto jesam","https://tekstovi.net/2,962,12269.html",,Zbog tebe sam to što jesam,I am what I am because of you,,"Pokidali prsti žice
Da su pjesme pune tuge
Nije za nas bilo sreće
Sreća je za ljude druge.. Zbog tebe sam to što jesam
Valjda Bog je tako htio
Pa me znaju svi birtaši
Kod njih sam zbog tebe pio.. Kod njih sam zbog tebe pio.. Tako će me život jednom
Iznad neba ostaviti
Tko će žice popraviti
Pjesmu tebi zapjevati.. Zbog tebe sam to što jesam
Valjda Bog je tako htio
Pa me znaju svi birtaši
Kod njih sam zbog tebe pio.. Zbog tebe sam to sto jesam..","The fingers have broken the strings
So the songs are full of sadness
There was no happiness for us
Happiness is for other people.. I am what I am because of you
I guess it was God's will
And so all the saloonkeepers know me
I was drinking at their saloons because of you.. I was drinking at their saloons because of you.. Like that, life will one day
Leave me above the sky
Who will repair the strings
Sing a song to you. I am what I am because of you
I guess it was God's will
And so all the saloonkeepers know me
I was drinking at their saloons because of you.. I am what I am because of you...",https://lyricstranslate.com/en/zbog-tebe-sam-sam-jesam-i-am-what-i-am-because-you.html,['Zdravko Šljivac'],['Željko Krznarić'],"['Zdravko Šljivac', 'Damir Mihovec']",['Gazde'],https://diskografija.com/pjesma/zbog-tebe-sam-to-sto-jesam-7673.htm,Zbog tebe sam to što jesam,1994 - Zbog tebe sam to što jesam,2005 - Zlatna kolekcija,,"Pokidali prsti žice
Da su pjesme pune tuge
Nije za nas bilo sreće
Sreća je za ljude druge.

Zbog tebe sam to što jesam
Valjda Bog je tako htio
Pa me znaju svi birtaši
Kod njih sam zbog tebe pio.

Kod njih sam zbog tebe pio.

Tako će me život jednom
Iznad neba ostaviti
Tko će žice popraviti
Pjesmu tebi zapjevati.

Zbog tebe sam to što jesam
Valjda Bog je tako htio
Pa me znaju svi birtaši
Kod njih sam zbog tebe pio.

Zbog tebe sam to sto jesam.",Zbog tebe sam to što jesam,https://cuspajz.com//tekstovi-pjesama/pjesma/gazde/zbog-tebe-sam-to-sto-jesam.html,Gazde,Zbog Tebe Sam To Što Jesam,2:53,Zbog Tebe Sam To Što Jesam,,,"nan-Zbog Tebe Sam To Što Jesam/nan-Gazde Zagrebu, Koncert Iz Doma Športova/nan-Gazde Zagrebu, Koncert Iz Doma Športova/2000.0-12 Hitova/2005.0-Zlatna Kolekcija"
67,vOntpwRZ_1_67,Gazde,Gazde,Zbogom za zbogom,39047,"Na grozdje sve mirise
jesen je oko nacela
da l' moje ime pise
tamo gdje si se budila

Tvoje je pola svijeta
dao Bog da budes sretnija
samo nek' ti bude sveta
uspomena naseg sna
 
Ref. 2x
Zbogom za zbogom
jos samo to nam ostaje
bila je ljubav
al' ona dugo ne traje

Zbogom za zbogom
da nam se duse pozdrave
da se usne napiju
jer u ljubav neciju
 tvoje vise vjeruju

Ref. 2x","https://tekstovi.net/2,962,19891.html",,,,,,,,['Željko Krušlin'],['Željko Krznarić'],['Marko Bujanović'],['Gazde'],https://diskografija.com/pjesma/zbogom-za-zbogom-3179.htm,Zbogom za zbogom,,,,"Na grožđe sve miriše, jesen je oko načela
Da l' moje ime piše tamo gdje si se budila
Tvoje je pola svijeta, dao Bog da budeš sretnija
Samo nek ti bude sveta uspomena našeg sna

Zbogom, za zbogom još samo to nam ostaje
Bila je ljubav al' ona dugo ne traje
Zbogom, za zbogom da nam se duše pozdrave
Da se usne napiju, jer u ljubav nečiju, tvoje više vjeruju",Zbogom za zbogom,https://cuspajz.com//tekstovi-pjesama/pjesma/gazde/zbogom-za-zbogom.html,Gazde,Zbogom Za Zbogom,,Zbogom Za Zbogom,,,nan-Zbogom Za Zbogom
68,vOntpwRZ_1_68,Gazde,Gazde,"Zoro, vec mi svanulo",5491,"Sve je tako brzo proslo
preklinjem sad zivot svoj
drugo vrijeme sad je doslo
al' u njemu nisam tvoj

Ref. 2x
Zoro, vec mi svanulo
s tobom sam najvise bio
samo tebi istinu sam rek'o
a od drugih suze krio
 
Zelio bih, kad bih mog'o
kad bih suza imao
pustio bih vrisak boli
al' sa zorom sve bi nestalo

Ref.  2x
","https://tekstovi.net/2,962,20237.html",,,,,,,,['Petar Crljen'],['Stjepan Kralj'],['Zdravko Šljivac'],['Gazde'],https://diskografija.com/pjesma/zoro-vec-mi-svanulo-7692.htm,"Zoro, već mi svanulo",,,,"Sve je tako brzo proslo
Preklinjem sad zivot svoj
Drugo vrijeme sad je doslo
Al' u njemu nisam tvoj

Zoro, vec mi svanulo
S tobom sam najvise bio
Samo tebi istinu sam rek'o
A od drugih suze krio

Zelio bih, kad bih mog'o
Kad bih suza imao
Pustio bih vrisak boli
Al' sa zorom sve bi nestalo","Zoro, već mi svanulo",https://cuspajz.com//tekstovi-pjesama/pjesma/gazde/zoro-vec-mi-svanulo.html,Gazde,"Zoro, Već Mi Svanulo",,Za Ljubav Tvoju,,Petar Crljen,nan-Za Ljubav Tvoju
