,Song_ID,Artist,Artist_diskografija,Song_tekstovinet,Views_tekstovinet,Lyrics_tekstovinet,Url_tekstovinet,Writer_lyricstranslate,Song_lyricstranslate,EngTitle_lyricstranslate,Album_lyricstranslate,Lyrics_lyricstranslate,EngLyrics_lyricstranslate,Url_lyricstranslate,Skladba_diskografija,Stihovi_diskografija,Aranžman_diskografija,Izvedba_diskografija,Album_1_diskografija,Album_2_diskografija,Album_3_diskografija,Url_diskografija,Song_diskografija,Album_4_diskografija,Album_5_diskografija,Album_6_diskografija,Album_7_diskografija,Album_8_diskografija
0,/gYDFxB8_1_0,Jasna Zlokić,Jasna Zlokić,A sad adios,3716,"A sad adios, vaya con dios

Evo, na kraju svijeta
 mene obuze sjeta
na te mislim sto put na dan

Ja sam korak od mraka
 zima kuca na vrata
na te mislim gdje si li sad
 
Pamtim ljeto i glad
 jedno drugom smo tad
mi poljupce dali

Njezno saptao glas
 smokve ljuljale nas
a mi smo ih krali

Ref.
A sad adios, vaya con dios
jer ljeto prodje, brzo prodje sad
reci cu bio, bio si mi drag

A sad adios, vaya con dios
jer je on u srcu mom
 u srcu mom, u srcu mom

Ref. 2x","https://tekstovi.net/2,1138,36498.html",,,,,,,,,,,,,,,,,,,,,
1,/gYDFxB8_1_1,Jasna Zlokić,Jasna Zlokić,Adio bella,9699,"Vapor je u luci, i na te ceka
ostaje mi prazna, posteja meka
poljupcem mi brises, tugu sa cela
tepajuc mi njezno adio bella 
adio jubavi

Ref.
Adio bella, adio bella
ostavljas mene svoj najlipsi cvit
srcu je tesko al' suze cu skrit'
adio bella, adio bella
jubav ces jedina zauvik bit'
prokleto more i soldi i svit
adios amor, adios amor
adios amor, adios amor

Vera je na ruci, i na te ceka
kako cu bez tebe, nisi mi reka
sidro ca se dize, srce mi cipa
s prove ti mi mases, adio lipa 
adio jubavi 

Ref.

Adio bella, adio bella
jubav ces jedina zauvik bit'
prokleto more i soldi i svit
adios amor, adios amor
adios amor, adios amor","https://tekstovi.net/2,1138,15350.html",,Adio bella,,,"Vapor je u luci, i na te čeka
Ostaje mi prazna, postelja meka
Poljupcem mi brišeš, tugu sa čela
Tepajuć mi nježno adio bella, adio ljubavi. Adio bella, adio bella
Ostavljaš mene svoj najlipši cvit
Srcu je teško al suze će skrit
Adio bella, adio bella
Ljubav ćeš jedina zauvik bit
Prokleto more i šoldi i svit
Adios amor, adios amor,
Adios amor, adios amor. Vera je na ruci, i na te čeka
Kako ću bez tebe, nisi mi reka
Sidro ča se diže, srce mi čipa
S prove ti mi mašeš adio lipa, adio ljubavi",,https://lyricstranslate.com/en/jasna-zlokic-adio-bella-lyrics.html,['Zdenko Runjić'],['Zdenko Runjić'],['Stipica Kalogjera'],['Jasna Zlokić'],1997 - Sve ove godine,2006 - Da te mogu pismom zvati - Libar VI,2007 - Zlatna kolekcija,https://diskografija.com/pjesma/adio-bella-46.htm,Adio bella,,,,,
2,/gYDFxB8_1_2,Jasna Zlokić,Jasna Zlokić,Ako spava,1964,"Ide zivot
pa malo srece, malo tuge
ljubav mi je 
sad u narucju zene druge

Kad bih mogla 
biti ja mjesec iznad grada
pa da vidim 
sto radi dragi, gdje je sada
 
Ref.
Ako spava, ne budite ga
neka sanja kao nekada
kad smo bili
jedno tijelo, jedna dusa

Ako spava, ne budite ga
neka sanja kao nekada
bar da tugo 
u snu moju pjesmu slusa

Na njeg' mislim
i nema noci, nema dana
da ne boli 
i da ne pece stara rana

Ref. 2x","https://tekstovi.net/2,1138,51081.html",,,,,,,,,,,['Jasna Zlokić'],1999 - Žena od mota,2004 - Best of 1990 - 2004,,https://diskografija.com/pjesma/ako-spava-533.htm,Ako spava,,,,,
3,/gYDFxB8_1_3,Jasna Zlokić,Jasna Zlokić,Arriva il marinero,1553,"Prokleto more, rastanci, zore
nesreco, moj si rod
samo sto stigne, sidro se digne
i vec ti odlazi brod

Stojim u luci, prsten na ruci
masem ti maramom ja
u oku suza, na licu tuga
u srcu molitva
 
Ref.
Arriva il marinero, ja cu te cekati
arriva il marinero, dane brojiti
arriva il marinero, zeljo jedina
sretna ti zvijezda pratila
jedra na pustim morima

Ref. 2x","https://tekstovi.net/2,1138,51084.html",,,,,,,,,,,['Jasna Zlokić'],,,,https://diskografija.com/pjesma/arriva-il-marinero-3379.htm,Arriva il Marinero,,,,,
4,/gYDFxB8_1_4,Jasna Zlokić,Jasna Zlokić,"Crno vino, crne oci",2408,"Ne trazite to od mene
da ga ikad zaboravim
neka barem uspomene
ostanu mi kad ostarim

Voljela sam, al' ne zalim
jos u meni vatre plamte
tuga dodje, tuga prodje
ljubavi se samo pamte
 
I opet bi srce dala 
makar sutra zaplakala

Ref.
Crno vino, crne oci
a nad nama mjesecina
zaboravit necu moci
i da zivim sto godina

Crno vino, crne oci
takve vise ne postoje
zaboravit necu moci
jer si dusa duse moje

Ne pitajte sto me boli
sto mi nocas dusu slama
pustite me, ja vas molim
za suze sam kriva sama

I opet bi srce dala
makar sutra zaplakala

Ref. 2x","https://tekstovi.net/2,1138,51083.html",,,,,,,,,,,['Jasna Zlokić'],,,,https://diskografija.com/pjesma/crno-vino-crne-oci-52.htm,"Crno vino, crne oči",,,,,
5,/gYDFxB8_1_5,Jasna Zlokić,Jasna Zlokić,Da proplacu crne oci,133,"Kad bi mene ruke tvoje grijale
kad bi oci crne mi se smijale
kad bi mene ruke tvoje grlile
zelje moje tebi bi pohrlile

Kad bi mene oci tvoje gledale
crne oci kad bi mi se predale
kad bi mene ljubav tvoja pratila
ljubavi bi cistom sve ti vratila
 
Ref. 2x
Da proplacu crne oci
da proplacu oci tvoje crne oci te
da proplacu crne oci
da proplacu crne oci
sve bin dala, sve (oci jedine)

Znaju ljudi, nista nisam skrivala
crne oci, kako sam ih snivala
i kad ptice sumnje su se spustile
oci crne suzu nisu pustile

Ref. 2x

Da proplacu crne oci
da proplacu crne oci
oci jedine","https://tekstovi.net/2,1138,65026.html",,,,,,,,,,,,,,,,,,,,,
6,/gYDFxB8_1_6,Jasna Zlokić,Jasna Zlokić,Da te barem nisam srela,5808,"Rastanak je tezak 
odlazak jos tezi
sto godina tuge
 na srcu mi lezi

U grudima nesto
 lomi se i pece
sto dana i noci 
znam da proci nece
 
Ref.
Da te barem nisam srela
nisam vidjela
ne bi mene dusa moja 
tako silno boljela

Ref.","https://tekstovi.net/2,1138,36529.html",,,,,,,,['Đorđe Novković'],['Željko Sabol'],['Stipica Kalogjera'],['Jasna Zlokić'],,,,https://diskografija.com/pjesma/da-te-barem-nisam-srela-53.htm,Da te barem nisam srela,,,,,
7,/gYDFxB8_1_7,Jasna Zlokić,Jasna Zlokić,Dio moga sjecanja,18767,"Kad jednom sam
ti iz kina izadjes 
kad jednom sam
poslije plesa ostanes

Kad ti tramvaj zadnji ode
i kad svi te ostave
kada jednom budes sam
sjeti se jos volim te
 
Ref.
Najbolji si dio mog sjecanja
i opet bih s tobom letjela
zagrli me ko nekada
i kad nisi bio tu
ja sam te voljela

Kad jednu noc
bude dosta ti sveg
kad jednom sam 
budes gledao prvi snijeg

Kad ti ljubav bude potrebna
i kad lose krene sve
o kada jednom budes sam
sjeti se jos volim te

Ref. 2x","https://tekstovi.net/2,1138,32286.html",,,,,,,,,,,,,,,,,,,,,
8,/gYDFxB8_1_8,Jasna Zlokić,Jasna Zlokić,Hvala ti,2444,"Hej, hej, hej
za sve hvala ti 
na kraju hvala ti

Hej, hej, hej
ti dalje mozes sam
ja ti vise ne trebam
 
A/Ja bila dobra sam ti 
sve godine duge
u onim danima
samoce i tuge

Ref.
Neka te sreca prati
pjesma i dragi ljudi
nek' nekad mjesto moje
neka tudja suza puni

Neka te sreca prati
pjesma i dragi ljudi
a kad zaboli dusa
neka ti nebo sudi
ja sam ti oprostila

Ref. 2x","https://tekstovi.net/2,1138,51082.html",,,,,,,,,,,['Jasna Zlokić'],,,,https://diskografija.com/pjesma/hvala-ti-61.htm,Hvala ti,,,,,
9,/gYDFxB8_1_9,Jasna Zlokić,Jasna Zlokić,Idi suzo,1730,"Svjetlo gori, soba prazna
jastuk nocas mirise
moram nekud tvojim tragom
jer te volim previse

Ref. 2x
Idi suzo, idi suzo
s moga jastuka
s tvoga srca inje palo
s moga ni malo
 
Sve bih nocas tebi dala
svoj bi zivot prodala
jer sam samo poslije tebe 
prazna neba imala

Ref. 2x","https://tekstovi.net/2,1138,51080.html",,,,,,,,,,,['Jasna Zlokić'],,,,https://diskografija.com/pjesma/idi-suzo-62.htm,Idi suzo,,,,,
10,/gYDFxB8_1_10,Jasna Zlokić,Jasna Zlokić,Ja bez tebe nemam srece,3896,"Sve sto dirnem sve se rusi
kao krov od starih kuca
a ja padam nikad nize
kao brod kod porinuca

Sve sto dirnem sve se gubi
okrece se losa karta
oko mene krivi ljudi
ulazim na kriva vrata
 
Ref. 2x
Ja bez tebe nemam srece
dusa gori, suza pece
sve mi krivim putem krece
ja bez tebe nemam srece

Ref. 2x","https://tekstovi.net/2,1138,37550.html",,,,,,,,['Đorđe Novković'],['Ivica Kasumović'],['Stipica Kalogjera'],['Jasna Zlokić'],,,,https://diskografija.com/pjesma/ja-bez-tebe-nemam-srece-66.htm,Ja bez tebe nemam sreće,,,,,
11,/gYDFxB8_1_11,Jasna Zlokić,Jasna Zlokić,Ja moram pobijediti sve,3593,"Pusti sada molim te njega
i ne krivi nikog za kraj
uz njega imam sve sto mi treba
i to mi ne diraj

I ti bi kao i ja 
trazio srecu u drugim ocima
sada ne ljuti se 
i odlazi od mene
 
Ref.
Ja moram pobjediti sve
ja bit cu s njima i bez tebe
jer nakon svih tih godina
meni je ljubav potrebna

Ja moram pobjediti sve
zato me pusti, sad ides bez mene
a znam i ti bi kao i ja
trazio srecu u tudjim ocima

Ref. 2x","https://tekstovi.net/2,1138,36525.html",,,,,,,https://lyricstranslate.com/en/language/english-artists,['Marko Tomasović'],['Nevia Korpar'],['Duško Mandić'],['Jasna Zlokić'],2002 - Putevima vjetra,2004 - Best of 1990 - 2004,,https://diskografija.com/pjesma/ja-moram-pobijediti-sve-24.htm,Ja moram pobijediti sve,,,,,
12,/gYDFxB8_1_12,Jasna Zlokić,Jasna Zlokić,Ja sam ti jedini drug,61989,"Ja sam ti drug kad lose krene
kad izdaju svi potrazi mene
svjetlo u mraku, tvoja sam sjena
za sva vremena

Kopno u moru sto uvjek te ceka
vjetar u zoru kad presusi rijeka
zbog sveg sto je bilo
ja sam ti jedini drug
 
Ref.
Hajde pricaj mi, o svemu pricaj mi
zar su te ranili, zar su te slomili
ne boj se priznaj mi
ja cu te braniti, od svega braniti
i kad te napuste svi uz tebe ostati
zauv'jek ostati

Ja sam ti drug nek nema nas vise
al' tvoja sam krv u zvjezdama pise
nebo i zemlja i svjetlo i sjena
za sva vremena

Sve tvoje znam i sretno i tuzno
dobro se pamti a nestaje ruzno
zbog sveg sto je bilo
ja sam ti jedini drug

Ref. 2x","https://tekstovi.net/2,1138,31786.html","Rajko Dujmic, Stevo Cvikic, Lotti Dujmic",Ja sam ti jedini drug,I'm Your Only Pal,,"Ja sam ti drug kad loše krene,
1
Kad izdaju svi, potraži mene.
Svjetlo u mraku, tvoja sam sjena
Za sva vremena.... Kopno u moru što uvijek te čeka,
Vjetar u zoru kad presuši rijeka,
Zbog sveg što je bilo,
Ja sam ti jedini drug!. (Pripjev)
Hajde, pričaj mi, o svemu pričaj mi?
Zar su te ranili? Zar su te slomili?
Ne boj se, priznaj mi!
Ja ću te braniti, od svega braniti
I kad te napuste svi, uz tebe ostati,
zauvijek ostati.. Ja sam ti drug, nek nema nas više,
Al' tvoja sam krv, u zvijezdama piše,
Nebo i zemlja, i svjetlo i sjena,
Za sva vremena.... Sve tvoje znam, i sretno i tužno
Dobro se pamti, a nestaje ružno.
Zbog sveg što je bilo,
Ja sam ti jedini drug!. (Pripjev). Ja sam ti jedini drug!","I'm your pal when things go downhill,
When everyone betrays, look for me.
Light in the dark, I'm your shadow
For all times.... Land in the sea that always waits on you,
Wind at dawn when the river dries out,
Because of all that was,
I'm your only pal!. (Chorus)
Come on, talk to me, tell me about everything.
Did they hurt you? Did they break you?
Don't be scared, admitt it!
I'll defend you, defend you from everything
And when everyone leaves you, I'll stay beside you,
Stay forever.. I'm your pal, may we even not exist anymore,
But I'm your blood, it's written in the stars,
Heaven and earth, light and shadow,
For all times.... I know everything of yours, happy and sad
Good is remembered, and the ugly disappears.
Because of all that was,
I'm your only pal!. (Chorus). I'm your only pal!",https://lyricstranslate.com/en/ja-sam-ti-jedini-drug-im-your-only-pal.html,['Rajko Dujmić'],['Stevo Cvikić'],['Rajko Dujmić'],['Jasna Zlokić'],1987 - Ja sam ti jedini drug,2007 - Zlatna kolekcija,,https://diskografija.com/pjesma/ja-sam-ti-jedini-drug-68.htm,Ja sam ti jedini drug,,,,,
13,/gYDFxB8_1_13,Jasna Zlokić,Jasna Zlokić,Jedna ladja morem plovi,7079,"Daleko svjetlo, daleki svod
da l' je to zvijezda ili je to brod
daleka jesen kada ces doc'
stojim na zalu dugo u noc

Ref.
Jedna ladja morem plovi
moje misli prate ju
dio mene na toj vodi
dio tebe sa mnom tu
 
Jedna ladja morem plovi
dok sa zida kuca sat
brojim dane kad ce pasti
tvoje usne na moj vrat

U dusi more, u srcu plima
usne mi gore, a meni zima
pa me sve vise daljina svlada
daleko tinja svjetlo ko nada

Ref.","https://tekstovi.net/2,1138,36528.html",,,,,,,,,,,,,,,,,,,,,
14,/gYDFxB8_1_14,Jasna Zlokić,Jasna Zlokić,Kad odu svi,18500,"Sudi mi ako ja za ljubav sam kriva
ne zali ovo srce vec dugo ne sniva
sretno ti, ja te volim, a ona te ima
a trebas mi, trebas mi

Ref.
Kad odu svi, ti ostani
ja te volim ko brata, ko druga
kad me slome samoca i tuga
 
Sudi mi dok u oku suze se sjaje
reci mi, sto ja nemam, a ona ti daje
sretno ti, ja te volim, a ona te ima
a trebas mi, trebas mi

Ref.","https://tekstovi.net/2,1138,16674.html",,Kad odu svi,When Everybody Leaves,Kad odu svi (1990),"Sudi mi ako ja za ljubav sam kriva
ne žali ovo srce već dugo ne sniva
sretno ti, ja te volim, a ona te ima
a trebaš mi, trebaš mi. Ref.
Kad odu svi, ti ostani
ja te volim ko brata, ko druga
kad me slome samoća i tuga
Kad odu svi, ti ostani
ja te volim ko brata, ko druga
kad me slome samoća i tuga
Kad odu svi, ti ostani. Sudi mi dok u oku suze se sjaje
reci mi, što ja nemam, a ona ti daje
sretno ti, ja te volim, a ona te ima
a trebaš mi, trebaš mi. Ref.
Kad odu svi, ti ostani
ja te volim ko brata, ko druga
kad me slome samoća i tuga
Kad odu svi, ti ostani
ja te volim ko brata, ko druga
kad me slome samoća i tuga
Kad odu svi, ti ostani
Kad odu svi, ti ostani","Judge me if I'm guilty of love
Don't pity this heart, it doesn't dream for a long time
Good luck to you, I love you and she has you
And I need you, I need you. (Chorus)
When everybody leaves, you stay
I love you like a brother, like a friend
When loneliness and sadness break me
When everybody leaves, you stay
I love you like a brother, like a friend
When loneliness and sadness break me
When everybody leaves, you stay. Judge me while tears glow in the eye
Tell me, what don't I have, and she gives you,
Good luck to you, I love you and she has you
And I need you, I need you. (Chorus)
When everybody leaves, you stay
I love you like a brother, like a friend
When loneliness and sadness break me
When everybody leaves, you stay
I love you like a brother, like a friend
When loneliness and sadness break me
When everybody leaves, you stay
When everybody leaves, you stay",https://lyricstranslate.com/en/kad-odu-svi-when-everybody-leaves.html,['Đorđe Novković'],"['Željko Pavičić', 'Mario Vukelić']",['Stipica Kalogjera'],['Jasna Zlokić'],1990 - Kad odu svi,1997 - Sve ove godine,2007 - Zlatna kolekcija,https://diskografija.com/pjesma/kad-odu-svi-71.htm,Kad odu svi,2007 - Đorđe Novković - Gold collection,,,,
15,/gYDFxB8_1_15,Jasna Zlokić,Jasna Zlokić,Kad zavonja proculice,1381,"Kad zavonja proculice
ja se sitin skoja moga
i svih onih mladih dana 
iz ditinjstva davna svoga

Lipa li su ona jutra
i vonj zemlje posli dazja
kad zavonja cmilj i smrska 
i svo cvice naseg kraja
 
Ref. 2x
Svi ti vonji mi dohodu 
kad san largo od svog kraja
niko ne zna da ditinjstvo 
za tu sricu puno valja

Ref. 2x","https://tekstovi.net/2,1138,52915.html",,,,,,,,['Rajko Dujmić'],['Izvor Oreb'],['Tihomir Preradović'],['Jasna Zlokić'],1999 - Žena od mota,1999 - Etnofest Neum 1999 - Jasna Zlokić & Klapa Nostalgija,2004 - Best of 1990 - 2004,https://diskografija.com/pjesma/kad-zavonja-proculice-536.htm,Kad zavonja proćuliće,2007 - Zlatna kolekcija,,,,
16,/gYDFxB8_1_16,Jasna Zlokić,Jasna Zlokić,Lagala bih,2595,"Lagala bih, da ti kazem da te volim
lagala bih, zato bolje je da sutim
nek jos malo kraj nas teku vode
u danima ovim, jesenjim i zutim

Lagala, da ti kazem da te volim
nismo samo dvoje na slucajnoj cesti
poci cemo svak na svoju stranu
nikada vise necemo se sresti

Lagala bih da ti kazem
nismo samo od danas do sutra
ti ces drugoj dati svoje noci
ja cu nekom dati svoja jutra","https://tekstovi.net/2,1138,44041.html",,,,,,,,['Đorđe Novković'],['Ivica Kasumović'],['Stipica Kalogjera'],['Jasna Zlokić'],,,,https://diskografija.com/pjesma/lagala-bih-74.htm,Lagala bih,,,,,
17,/gYDFxB8_1_17,Jasna Zlokić,Jasna Zlokić,Lutajuce srce,4243,"I po suncu i po kisi
jos me stare rane muce
mene zove, mene vuce
ovo srce lutajuce

Istekli su nasi sati
zar ne mozes da me shvatis
ti bi mir, a mene vuce
ovo srce lutajuce
 
Ref.
Ja nisam rodjena
da ljubim samo jednoga
u grudima mi tuce
srce lutajuce

Ja nisam rodjena
da ljubim samo jednoga
sve me vise vuce
srce lutajuce

Ref. 2x","https://tekstovi.net/2,1138,38638.html",,,,,,,,['Đorđe Novković'],['Željko Pavičić'],['Mato Došen'],['Jasna Zlokić'],1988 - Lutajuće srce,1988 - Split 88,1997 - Sve ove godine,https://diskografija.com/pjesma/lutajuce-srce-76.htm,Lutajuće srce,2007 - Zlatna kolekcija,,,,
18,/gYDFxB8_1_18,Jasna Zlokić,Jasna Zlokić,Mama,4274,"Evo pisem ti, moja mama
dugo nisam ja bila s vama
vremena malo je, radi se

Znas li da se sin moj zove Luka
visok je za tri, vec do mog struka
kosa mu plava sva, isti ja
nista o, ne pitaj, sve se zna
 
Ref.
Hej, zivote, hej
nisam pogrijesila ja
ja, ja sam ga beskrajno voljela
sudbina, takva je sudbina
voljeti, ljubiti, gubiti

Ne brini za nas, moja mama
kao nekad ti, ja mogu sama
nista on ne pita, sve se zna
tesko se zivi od sjecanja

Ref. 2x","https://tekstovi.net/2,1138,37554.html",,,,,,,,,,,['Jasna Zlokić'],,,,https://diskografija.com/pjesma/mama-77.htm,Mama,,,,,
19,/gYDFxB8_1_19,Jasna Zlokić,Jasna Zlokić,Moj andjele,5673,"Puno smo toga zajedno prosli
mnoge smo mracne gazili pute
sad smo do kraja konacno dosli
i nema povratka, nema, i srca sute

Premnogo noc sam praznu i dugu
sljedeceg jutra prastati znala
ne mogu vise, pronaci drugu
jer sve sam, sve sto sam mogla
sve sam vec dala
 
Ref.
Dobar ti vjetar moj andjele
tjeraj dalje s puno zara
dobar ti vjetar moj andjele
lako se izdaje sanjara

Dobar ti vjetar moj andjele
znam ja ti ces se snaci
mnogo ces puta jos voljeti
al' mene nigdje neces naci
dobar ti vjetar moj andjele

Previse bole, oziljci peku
al' ne diram vise jos vruce rane
oduvijek hoces preplivati rijeku
i ja ti zelim da stignes do druge strane

Ref.","https://tekstovi.net/2,1138,37553.html",,,,,,,,,,,,,,,,,,,,,
20,/gYDFxB8_1_20,Jasna Zlokić,Jasna Zlokić,Na obali,9581,"Na obali, u ljetu nacija cijela
se spusti na plazu
na obali, ovaj zivot je lak
na obali, ni sunce ni more ne lazu
na obali, momci svi su za brak

Ref.
Na obali, ti naci ces najljepse rame
da nasloni glavu
na obali, bit ces najljepsa ti
na obali, svi rece ti naso sam pravu
i klapa ce u luci pjevati

Dovidjenja mala, bijeli brod ceka nas
ljubavi vratit cemo se opet za ljeto
i pjevati na zaru tom, na obali

Ref.

Dovidjenja mala, bijeli brod ceka nas
ljubavi vratit cemo se opet za ljeto
i pjevati na zaru tom, na obali
(3x)","https://tekstovi.net/2,1138,19566.html",,Na obali,On The Shore,Vrijeme je uz nas,"Na obali, u ljetu,
Nacija cijela se spusti na plažu.
Na obali, ovaj život je lak!
Na obali, ni sunce ni more ne lažu.
Na obali, momci svi su za brak.. Na obali, ti nać ćeš najljepše rame
Da nasloniš glavu.
Na obali, bit ćeš najljepša ti!
Na obali, svi reć će ti: Našo sam pravu,
A klapa će u luci pjevati.
Doviđenja mala, bijeli brod čeka nas
Ljubavi, vratit cemo se opet sa ljetom
i pjevati na žalu tom, na obali...","On the shore, in summer
Whole nation comes down to the beach.
On the shore, this life is easy!
On the shore, not the sun nor the sea don't lie.
On the shore, all guys are the marrying kind.. On the shore, you'll find the most beautiful shoulder
To put your head on.
On the shore, you will be the prettiest one!
On the shore, everyone will tell you: I find the right one,
And the klapa will sing in the harbour.
So long, baby, a white ship waits on us
My love, we'll come back again with the summer
And sing on that sand, on the shore...",https://lyricstranslate.com/en/na-obali-shore.html,['Rajko Dujmić'],['Stevo Cvikić'],['Rajko Dujmić'],['Jasna Zlokić'],1989 - Vrijeme je uz nas,1997 - Sve ove godine,2002 - Zvuk osamdesetih Zabavna i Pop 1988 - 1989,https://diskografija.com/pjesma/na-obali-83.htm,Na obali,2007 - Zlatna kolekcija,,,,
21,/gYDFxB8_1_21,Jasna Zlokić,Jasna Zlokić,Ne trazi me,2596,"Nikad se vise ne vracaj ti
makar bi sutra zeljeli to
jedno smo drugom daleki mir
izmedju nas se raspuklo tlo

Ref.
Ti ne trazi me kad odes od nje
za sve ono sto sam dala ti
nemoj mi ni reci hvala ti
ne, ne trazi me, kad odes od nje
 
Kraj mene vise ne trazi spas
ja necu znati da cujem tvoj glas
jos samo zbogom, proslo je sve
molim te nikad ne trazi me

Ref.","https://tekstovi.net/2,1138,44040.html",,,,,,,,['Đorđe Novković'],['Željko Pavičić'],['Stipica Kalogjera'],['Jasna Zlokić'],,,,https://diskografija.com/pjesma/ne-trazi-me-87.htm,Ne traži me,,,,,
22,/gYDFxB8_1_22,Jasna Zlokić,Jasna Zlokić,Ne znam koji vjetar puse,14378,"Ti odes pa se vratis
bas su cudni tvoji puti
ostaje mi samo da se ceka
dugo ceka, da se voli, da se suti

Ti odes pa te nema
nikad ne znam da l' ces doci
a kada dodjes, vrijeme bijezi
samo leti
mozda sutra vec ces poci
 
Ref.
I ne znam koji vjetar puse
sta ce s nama biti sutra
pitanja me stara guse
pa ne spavam sve do jutra

Ne znam koji vjetar puse
hocemo li stalno tako
snovi se moji ruse i srce tuce
srce tuce jako

Ti odes pa mi pises
uvijek iste slatke rijeci
a ja bih tebe, htjela blizu
uvijek blizu
samo to me zbilja lijeci

Ref. 2x","https://tekstovi.net/2,1138,38641.html",,Ne znam koji vjetar puše,I Don't Know Which Wind is Blowing,Pusti me da prođem,"Ti odeš pa se vratiš
Baš su čudni tvoji puti
Ostaje mi samo da se čeka
Dugo čeka, da se voli
Da se šuti. Ti odeš pa te nema
Nikad ne znam dal' ćeš doći
A kada dođeš,
Vrijeme bježi, samo leti
Možda sutra već ćeš poći. [Refren]
I ne znam koji vjetar puše
Što će s nama biti sutra
Pitanja me stara guše
Pa ne spavam sve do jutra
Ne znam koji vjetar puše
Hoćemo li stalno tako
Snovi se moji ruše
I srce tuče, srce tuče jako. Ti odeš pa mi pišeš
Uvijek iste slatke riječi
A ja bih tebe htjela blizu
Uvijek blizu
Samo to me zbilja liječi. [Refren]
I ne znam koji vjetar puše
Što će s nama biti sutra
Pitanja me stara guše
Pa ne spavam sve do jutra
Ne znam koji vjetar puše
Hoćemo li stalno tako
Snovi se moji ruše
I srce tuče, srce tuče jako","You go and then come back
Your ways are really strange
I am left with only the waiting
To wait long, to love
To be silent. You go and then you're gone
I never know if you will come
And when you come
Time runs, just flies
Maybe tomorrow already you'll go. [Refrain]
And I don't know which wind is blowing
What will become of us tomorrow
Old questions choke me
So I don't sleep until morning
I don't know which wind is blowing
Are we going on like that all the time
My dreams are collapsing
And my heart pounds, heart pounds hard. You go and then you write to me
Always the same sweet words
And I would like you close to me
Always close
Only that really cures me. [Refrain]
And I don't know which wind is blowing
What will become of us tomorrow
Old questions choke me
So I don't sleep until morning
I don't know which wind is blowing
Are we going on like that all the time
My dreams are collapsing
And my heart pounds, heart pounds hard",https://lyricstranslate.com/en/ne-znam-koji-vjetar-pu%C5%A1e-i-dont-know-which-wind-blowing.html,['Rajko Dujmić'],['Momčilo Popadić'],['Rajko Dujmić'],['Jasna Zlokić'],1983 - Split 83,1983 - Pusti me da prođem,1984 - Pusti me da prođem / Skitnica,https://diskografija.com/pjesma/ne-znam-koji-vjetar-puse-89.htm,Ne znam koji vjetar puše,1997 - Sve ove godine,2007 - Zlatna kolekcija,,,
23,/gYDFxB8_1_23,Jasna Zlokić,Jasna Zlokić,Nikad nisam znala,3895,"Jos jedna hladna zora
srcu kao sudbina
a postelja je tvoja more
ljubav vec je upila

Kradem dane mada znam
mogla sam pametnije
al' strah je tu u meni
da ces s drugom imat sve
 
Ref.
Nikad nisam znala
da si me volio
na mom su srcu suze
zivot moj si slomio

Ljubav sto sam tebi dala
sad se bojim da ti ne bi pamtio
za mnom ne bi zalio
ja nikad nisam znala da
da si me volio

Ref. 2x","https://tekstovi.net/2,1138,36526.html",,,,,,,https://lyricstranslate.com/en/language/english-artists,['Marko Tomasović'],['Nevia Korpar'],['Duško Mandić'],['Jasna Zlokić'],,,,https://diskografija.com/pjesma/nikad-nisam-znala-da-si-me-volio-25.htm,Nikad nisam znala (da si me volio),,,,,
24,/gYDFxB8_1_24,Jasna Zlokić,Jasna Zlokić,Nikad vise te jeseni,8058,"Ulazim u kucu
gdje sve je bilo nase
paucina pada
sa stropa poput srebra

Na stolu samo dvije
neoprane case
novine sa datumom
prosloga septembra
 
Dugo nikog nema
no zar je to i vazno
nikog ni ne trazim
kad vec nemam tebe

Sad sve mi se cini
otuzno i lazno
izgubila sam srecu
izgubila sam sebe
izgubila sam sve

Ref. 2x
Nikad vise te jeseni
nikad vise te ljubavi
u srcu mom caruju tek zime
a ti ne pamtis, ne znas mi ni ime

Nikad vise te jeseni
nikad vise te ljubavi

Ulazim u kucu
gdje sve je bilo nase
nikog ni ne trazim
kad vec nemam tebe

Na stolu samo dvije
neoprane case
izgubila sam srecu
izgubila sam sebe
izgubila sam sve

Ref.","https://tekstovi.net/2,1138,15089.html",,Nikad više te jeseni,,Vjeruj mi,"Ulazim u kuću
gdje sve je bilo naše
paučina pada
sa stropa poput srebra. Na stolu samo
dvije neoprane čaše
novine sa datumom
prošlog septembra. Dugo nikog nema
no zar je to i važno
nikog ni ne tražim
kad već nemam tebe. Sad sve mi se čini
otužno i lažno
izgubila sam sreću
izgubila sam sebe
izgubila sam sve. Nikad više te jeseni
nikad više te ljubavi
u srcu mom caruju tek zime
a ti ne pamtiš
ne znaš mi ni ime
nikad više te jeseni
nikad više te ljubavi",,https://lyricstranslate.com/en/jasna-zloki%C4%87-nikad-vi%C5%A1e-te-jeseni-lyrics.html,['Rajko Dujmić'],['Mario Mihaljević'],['Rajko Dujmić'],['Jasna Zlokić'],1985 - Vjeruj mi,2007 - Zlatna kolekcija,,https://diskografija.com/pjesma/nikad-vise-te-jeseni-93.htm,Nikad više te jeseni,,,,,
25,/gYDFxB8_1_25,Jasna Zlokić,Jasna Zlokić,Nisam ti se tugo nadala,17997,"Da nije ovih pustih godina
da nije onih noci cekanja
ja sam mogla dusom svom
nekom drugom ugrijati dom
da zvijezde nisu htjele nebu tvom

Da nije ovog tijela plamenog
da nije tvoga srca kamenog
ja sam mogla drugome
rodit lijepe sinove
da me nisu tvoje oci gledale
 
Ref.
Nisam ti se tugo nadala
beskrajno sam njega cekala
nisam ti se sreco sakrila
samo za njeg' sam se rodila
za njeg' stvorila","https://tekstovi.net/2,1138,19475.html",,"Nisam ti se, tugo, nadala","I Didn't Hope For You, Sorrow",90E zabavne antologija,"Da nije ovih pustih godina
Da nije onih noći čekanja
Ja sam mogla dušom svom
Nekom drugom ugrijati dom
Da zvijezde nisu htjele nebu tvom. Da nije ovog tijela plamenog
Da nije tvoga srca kamenog
Ja sam mogla drugome
Rodit lijepe sinove
Da me nisu tvoje oči gledale. [Refren]
Nisam ti se, tugo, nadala
Beskrajno sam njega čekala
Nisam ti se, srećo, sakrila
Samo za njeg sam se rodila
Za njeg' stvorila","If there was not for these lonely years
If there was not for those nights of waiting
I could have, with my whole soul,
Make someone else's home warm
If the stars hadn't wanted to go to your sky. If there was not for this flaming body
If there was not for your heart of stone
I could have given beautiful sons
To someone else
If your eyes had not looked at me. [Refrain]
I did not hope for you, sadness
I waited for him endlessly
I did not hide from you, happiness
I was born just for him
Made for him",https://lyricstranslate.com/en/nisam-ti-se-tugo-nadala-i-didnt-hope-you-sorrow.html,['Tonči Huljić'],['Vjekoslava Huljić'],,['Jasna Zlokić'],1993 - Nisam ti se tugo nadala,"2004 - Best of 1990 - 2004
Aranžman: Nikša Bratoš","2007 - Zlatna kolekcija
Aranžman: Nikša Bratoš",https://diskografija.com/pjesma/nisam-ti-se-tugo-nadala-21.htm,Nisam ti se tugo nadala,,,,,
26,/gYDFxB8_1_26,Jasna Zlokić,Jasna Zlokić,Okreni drugu stranu,3368,"Okreni drugu stranu
 vise me ne boli
i nema nista novo
 nista vazno nije

Okreni drugu stranu
 dvoje kad se voli
ti nisi bio moj
 ti nisi bio moj
 ni danas ni prije
 
Ref. 2x
Ne zovi me
 ne trazi me
pusti da vjetar
 izbrise sve

Okreni drugu stranu
 istice nam vrijeme
sada kad je kraj
 nemoj biti tuzan

Okreni drugu stranu 
i ne misli na mene
ti nisi nista dao
 ti nisi nista dao
 ti nisi nista duzan

Ref. 2x","https://tekstovi.net/2,1138,37549.html",,,,,,,,['Đorđe Novković'],['Mario Vukelić'],['Stipica Kalogjera'],['Jasna Zlokić'],,,,https://diskografija.com/pjesma/okreni-drugu-stranu-96.htm,Okreni drugu stranu,,,,,
27,/gYDFxB8_1_27,Jasna Zlokić,Jasna Zlokić,On mi treba do neba,2650,"Jedna losa godina
slomljena krila leptira
a ja i ti bez ljubavi

On mi treba do neba
ti mi ostajes drug
i ne pitaj zasto je kraj
ne pitaj zasto je kraj
 
Ljubav je zacaran krug
i ne pitaj zasto je kraj
ne pitaj zasto je kraj
ljubav je zacaran krug

Zadnji drhtaj proljeca
sreca stigla do kraja
a ja i ti bez ljubavi","https://tekstovi.net/2,1138,44039.html",,,,,,,,['Đorđe Novković'],['Zlatko Sabolek'],['Stipica Kalogjera'],['Jasna Zlokić'],,,,https://diskografija.com/pjesma/on-mi-treba-do-neba-97.htm,On mi treba do neba,,,,,
28,/gYDFxB8_1_28,Jasna Zlokić,Jasna Zlokić,Pismo,33482,"Ne, nemojte, baciti ovo pismo 
mada se nikada, upoznale nismo
vi znate sto je prava sreca
a ja sam bila uvijek samo treca

Pismom necu vas, zamarati dugo
vas dvoje ste stvoreni, jedno za drugo
ja sam tek jedna od vasih bura
obicna, prolazna avantura
 
Ref.
Da krala sam ga, vama krala sam ga 
i sad mi je zao
al' vjerujte mi, ne nije mi ne 
vise no vama dao

Sad vracam vam ga
evo vracam vam ga
jer poslije dosta vina
on priznao je, meni priznao je 
da voli vas i sina
on priznao je, sebi priznao je
da voli vas i sina

Ja sam tek jedna od vasih bura
obicna, prolazna avantura

Ref.

Sad vracam vam ga
evo vracam vam ga
jer poslije dosta vina
on priznao je, meni priznao je 
da voli vas i sina

Krala sam ga i voljela ga
i sad mi je zao
al' vjerujte mi, ne nije mi ne
vise no vama dao

Sad vracam vam ga
evo vracam vam ga
jer poslije dosta vina
on priznao je, meni priznao je 
da voli vas i sina
on priznao je, sebi priznao je
da voli vas i sina

Ne moze bez vas i sina
da voli vas i sina","https://tekstovi.net/2,1138,22334.html",,Pismo,A letter,Ja Sam Ti Jedini Drug,"Ne, nemojte, baciti ovo pismo
Mada se nikada, upoznale nismo
Vi znate što je prava sreća
A ja sam bila uvijek samo treća. Pismom neću vas, zamarati dugo
Vas dvoje ste stvoreni, jedno za drugo
Ja sam tek jedna od vaših bura
Obična, prolazna avantura. REF.
Da krala sam ga, vama krala sam ga
I sad mi je žao
Al’ vjerujte mi, ne nije mi ne
Više no vama dao. Sad vraćam vam ga
Evo vraćam vam ga
Jer poslije dosta vina
On priznao je, meni priznao je
Da voli vas i sina
On priznao je, sebi priznao je
Da voli vas i sina. Ja sam tek jedna od vasih bura
Obična, prolazna avantura. REF.
Da krala sam ga, vama krala sam ga
I sad mi je žao
Al’ vjerujte mi, ne nije mi ne
Više no vama dao. Sad vraćam vam ga
Evo vraćam vam ga
Jer poslije dosta vina
On priznao je, meni priznao je
Da voli vas i sina. Krala sam ga i voljela ga
I sad mi je žao
Al’ vjerujte mi, ne nije mi ne
Više no vama dao. Sad vraćam vam ga
Evo vraćam vam ga
Jer poslije dosta vina
On priznao je, meni priznao je
Da voli vas i sina
On priznao je, sebi priznao je
Da voli vas i sina. Ne može bez vas i sina
Da voli vas i sina","No, don't, throw away this letter
Although, we have never met
You know what the real happiness is
And I would be always the the 3rd one. I won't with letter, bother you long
You two are meant, for each other
I am only one of your whirlwinds1
Simple, ephemeral adventure. REF.
Yes, I used to steal him from you, I used to steal him from you
And I am sorry now
But believe, he didn't give me, oh no
give me more that to you. Now I am returning him to you
Here, I am returning him to you
Because after a lot of wine
He confessed, he confessed to me
That he loved you and son
He confessed, confessed to himself
that he loved you and son. I am only one of your whirlwinds1
Simple, ephemeral adventure. REF.
Yes, I used to steal him from you, I used to steal him from you
And I am sorry now
But believe, he didn't give me, oh no
gave me more that to you. Now I am returning him to you
Here, I am returning him to you
Because after a lot of wine
He confessed, he confessed to me
That he loved you and son. I used to steal him and love him
And I am sorry now
But believe, he didn't give me, oh no
gave me more that to you. Now I am returning him to you
Here, I am returning him to you
Because after a lot of wine
He confessed, he confessed to me
That he loved you and son
He confessed, he confessed to me
That he loved you and son. He can't be without you and son
That he loved you and son",https://lyricstranslate.com/en/pismo-letter.html-2,['Rajko Dujmić'],['Mario Mihaljević'],['Rajko Dujmić'],['Jasna Zlokić'],1986 - Split 86,1987 - Ja sam ti jedini drug,1997 - Sve ove godine,https://diskografija.com/pjesma/pismo-100.htm,Pismo,2007 - Zlatna kolekcija,,,,
29,/gYDFxB8_1_29,Jasna Zlokić,Jasna Zlokić,Pjesmo moja,4705,"Zbog tebe sam, sve sam ostavila
pjesmo moja, prokleta i draga
lutalica postadoh zbog tebe
pjesmo moja, surova i blaga

Prijatelje donijela mi nove
pjesmo moja, suncana i snjezna
prijatelje otela mi stare
pjesmo moja, okrutna i blaga
 
A kad se smire i posljednji zvuci
i noc me primi s obadvije ruke
obicna sam i jos uvijek ista
u narucju moje luke

I na pjesku miluje me bura
zacujem sve iz djetinjstva zvuke
otac pjeva, majka tiho moli
miluju me njene ruke

Zbog tebe sam, sve sam ostavila
pjesmo moja, okrutna i njezna","https://tekstovi.net/2,1138,38639.html",,,,,,,,['Rajko Dujmić'],['Mario Mihaljević'],['Rajko Dujmić'],['Jasna Zlokić'],1985 - Vjeruj mi,1985 - Split 85 - Jasna Zlokić & Klapa Ošjak,1997 - Sve ove godine,https://diskografija.com/pjesma/pjesmo-moja-101.htm,Pjesmo moja,2007 - Zlatna kolekcija,,,,
30,/gYDFxB8_1_30,Jasna Zlokić,Jasna Zlokić,Potrosilo nas vrime,2062,"Ovaj zivot vridan je
tezak je
al' sve uvik lipse izgleda
priko tvoga ramena

Onda ledja okrenes
nestanes
i sve tuge slete na mene
vecer utihne
 
Ref.
Potrosilo nas vrime
kao svica svoju nit
jeseni i zime
dobrodosle u moj svit

A ono malo sunca
sto sam sakrila za kraj
dat cu opet tebi 
kao nekad zagrljaj

S tvoje strane kreveta
postelja
jos po tvojoj kosi mirise
jos te ima previse

Nista nije vazno sad
ponekad
kad ti ne'ko ime spomene
nemir pokrene

Ref. 2x","https://tekstovi.net/2,1138,61838.html",,Potrošilo nas vrime,Time Wore Us Out,Potrošilo Nas Vrime,"Ovaj život vridan je, težak je
Al' sve uvik lipše izgleda
Priko tvoga ramena
Onda leđa okreneš, nestaneš
I sve tuge slete na mene
Večer utihne. [Pripjev]
Potrošilo nas virme
Kao svića svoju nit
Jeseni i zime,
Dobrodošle u moj svit
A ono malo sunca što sam sakrila za kraj
Dat ću opet tebi
Kao nekad zagrljaj. S tvoje strane kreveta
Postelja još po tvojoj kosi miriše
I još te ima previše
Ništa nije važno sad
Ponekad, kad ti netko ime spomene
Nemir pokrene. [Pripjev]
Potrošilo nas virme
Kao svića svoju nit
Jeseni i zime,
Dobrodošle u moj svit
A ono malo sunca što sam sakrila za kraj
Dat ću opet tebi
Kao nekad zagrljaj. Dat ću opet tebi
Kao nekad zagrljaj","This life is precious, it is hard
But everything always looks nicer
Looking over your shoulder
Then you turn your back, disappear
And all the sorrows fly down on me
Evening becomes quiet. [Chorus]
Time wore us out
Like a candle wears out its wick
Autumns and winters
Welcome to my world
And that bit of sun that I have hidden for the end
I will give to you again
Like I used to give you a hug. On your side of the bed
Bedding still smells like your hair
And there is still too much of you
Nothing is important now
Sometimes, when someone mentions your name
Restlessness begins. [Chorus]
Time wore us out
Like a candle wears out its wick
Autumns and winters
Welcome to my world
And that bit of sun that I have hidden for the end
I will give to you again
Like I used to give you a hug. I will give to you again
Like I used to give you a hug",https://lyricstranslate.com/en/potrosilo-nas-vrime-time-wore-us-out.html,,,,,,,,,,,,,,
31,/gYDFxB8_1_31,Jasna Zlokić,Jasna Zlokić,Povedi me,28019,"Uzeli bi nam kad bi znali sve
ukrali bi nam radosti i sne
spalili bi znam, za nas dvoje mostove sve
kad bi saznali, da ljubim te

Pogledaj na sat, noc je, spavaju
zagrli me sada, ne vide nas, sanjaju
a sudili bi nam i ne bi se branili mi
jer tebe imam ja a u meni dises ti
 
Ref.
Povedi me, daleko od ovih ljudi
tamo gdje je ljubav jaca od zla
gdje ti ces biti ti, a ja cu biti ja
povedi me, dosta mi je da te tajim
zelim bez straha da se volimo mi
i ti da budes ja, a ja da budem ti
povedi me, povedi me

Uzeli bi nam kad bi znali sve
ukrali bi nam radosti i sne
i sudili bi nam a ne bi se branili mi
jer tebe imam ja a u meni dises ti

Ref.","https://tekstovi.net/2,1138,31785.html",,Povedi me,Take Me With You,,"Uzeli bi nam, kad bi znali sve...
Ukrali bi nam radosti i sne.
Spalili bi, znam, za nas dvoje mostove sve
Kad bi saznali, da ljubim te!. Pogledaj na sat, noć je, spavaju.
Zagrli me sad, ne vide nas, sanjaju.
A sudili bi nam i ne bi se branili mi
Jer tebe imam ja, a u meni dišeš ti!. (Pripjev)
Povedi me, daleko od ovih ljudi
Tamo gdje je ljubav jača od zla.
Gdje ti ćeš biti ti, a ja ću biti ja
Povedi me, dosta mi je da te tajim!
Želim bez straha da se volimo mi
I ti da budeš ja, a ja da budem ti.
Povedi me! Povedi me!. Uzeli bi nam, kad bi znali sve...
Ukrali bi nam radosti i sne.
I sudili bi nam, a ne bi se branili mi
Jer tebe imam ja, a u meni dišeš ti!. (Pripjev)","They'd take away from us, if they knew it all...
They'd steal away our joys and dreams...
They'd burn down, I know it, all the bridges for us
If they'd know, that I love you!. Look at the time, it's night, they're sleeping.
Hold me now, they don't see us, they're dreaming.
And they'd judge us and we wouldn't defend ourselves
Because I have you, and inside me you breathe!. (Chorus)
Take me with you, far from these people,
To where love is stronger than evil.
Where you will be you, and I will be me.
Take me away, I've had enough keeping you a secret!
I won't us to love each other without fear.
And for you to be me, and me to be you.
Take me away with you! Take me away!. They'd take away from us, if they knew it all...
They'd steal away our joys and dreams...
And they'd judge us and we wouldn't defend ourselves
Because I have you, and inside me you breathe!. (Chorus)",https://lyricstranslate.com/en/povedi-me-take-me-you.html,['Rajko Dujmić'],['Mario Mihaljević'],['Rajko Dujmić'],['Jasna Zlokić'],1997 - Sve ove godine,2007 - Zlatna kolekcija,,https://diskografija.com/pjesma/povedi-me-4379.htm,Povedi me,,,,,
32,/gYDFxB8_1_32,Jasna Zlokić,Jasna Zlokić,Pusti da prodjem,3619,"Ti me dugo ljubis
po ulici snijezi
a meni se ide
a meni se bjezi

Dobro znas tu pricu
nije prvi puta
uostalom ja se uvijek
vratim s puta
 
Tama i neoni
prozore nam sjeku
ja umorno sutim
tebi suze teku

Nemoj ispocetka
ne pitaj me nista
znas da nisam brod
od jednog pristanista

Ref.
Ti znas da ja plovim
od sebe do sebe
ti znas da se skitam
od svih pa do tebe

Ti znas puno bolje
koji vjetar puse
ti najbolje slutis
koje magle guse

Ti znas sve sto treba
i ne treba znati
da me ljubav tvoja
u skitnjama prati

Tama i neoni
prozore nam sjeku
i ja sam bjegunac
tebi suze teku

Povjeruj mi malo
pusti me da prodjem
znas da poslije svega
opet tebi dodjem

Ref.","https://tekstovi.net/2,1138,38640.html",,,,,,,,,,,,,,,,,,,,,
33,/gYDFxB8_1_33,Jasna Zlokić,Jasna Zlokić,Skitnica,110429,"Plovi mjesec iznad grada
u noci se ceste gube
pod prozorom lisce susti
dok me tvoje ruke ljube

Sve je tako njezno, lijepo
blagi dani bistre zore
ti me diras, ti me ljubis
dok ja sanjam kolodvore
 
Ref.
Jer ja sam skitnica, ne drzi me mjesto
ja sam skitnica, bjezi mi se cesto
jer ja sam skitnica, daljine me vuku
vise volim vjetar nego mirnu luku

Bijeli brod niz rijeku plovi
preko grada oblak pluta
dok me diras, dok me ljubis
gledam krosnje preko puta

Sve je zbilja lijepo, toplo
ljubav puna obecanja
ti u meni trazis luku
dok ja sanjam putovanja

Ref.","https://tekstovi.net/2,1138,16687.html",r.dujmič,Skitnica,Skitnica,,"Plovi mjesec iznad grada
1
u noći se ceste gube
pod prozorom lišće šušti
dok me tvoje ruke ljube. Sve je tako nježno, lijepo
blagi dani, bistre zore
ti me diraš, ti me ljubiš
dok ja sanjam kolodvore. Ref.
Jer ja sam skitnica, ne drži me mjesto
ja sam skitnica, bježi mi se često
jer ja sam skitnica, daljine me vuku
više volim vjetar nego mirnu luku. Bijeli brod niz rijeku plovi
preko grada oblak pluta
dok me diraš, dok me ljubiš
gledam krošnje preko puta. Sve je zbilja lijepo, toplo
ljubav puna obećanja
ti u meni tražiš luku
dok ja sanjam putovanja. Ref.","float moon above the city losting in the night
Beneath window leaves whisper, while your hands kissing me (touching me)Sve je tako nezno, lepo, blagi dani, bistre zore
Ti me diras, ti me ljubis a ja sanjam kolodvore. because i am tramp (wanderer) don't hold me the spot
because i am tramp (wanderer) i run away often
because i am tramp (wanderer) long distance attract me
I love more wind (i am restless) than peaceful harbour (simbol for settle down). white ship flow down the river across city cloud float
While you are touching me, while you are kissing me, i watch trees acroos the road
Everything is really nice (and) warm, love, full of feelings
You are searching from me harbour (to settle down) , but I search journeys",https://lyricstranslate.com/en/Skitnica-Skitnica.html,['Rajko Dujmić'],['Momčilo Popadić'],['Rajko Dujmić'],['Jasna Zlokić'],1984 - Pusti me da prođem / Skitnica,1984 - Split 84,1985 - 25. jubilej - Zlatne pjesme - Najveći uspjesi,https://diskografija.com/pjesma/skitnica-109.htm,Skitnica,1997 - Sve ove godine,2002 - Zvuk osamdesetih Zabavna i Pop 1984 - 1985,2003 - Šankconijer,2005 - Da te mogu pismom zvati - Libar III,2007 - Zlatna kolekcija
34,/gYDFxB8_1_34,Jasna Zlokić,Jasna Zlokić,Sto bih ja da tebe nema,3876,"Sto bih ja da tebe nema
da je prazno mjesto tvoje
sve ti kaze ovaj pogled
nebi bilo ni nas dvoje

Ref.
Sto bih ja da tebe nema
i bez tebe, oko moje
ne znam sto mi zivot sprema
sto bih ja da tebe nema
 
Sto bih ja da tebe nema
tvoje ruke, tvoje sjene
sve ti kaze ovaj pogled
zaljubljene zene

Ref.","https://tekstovi.net/2,1138,46994.html",,,,,,,,,,,['Jasna Zlokić'],,,,https://diskografija.com/pjesma/sto-bih-ja-da-tebe-nema-113.htm,Što bih ja da tebe nema,,,,,
35,/gYDFxB8_1_35,Jasna Zlokić,Jasna Zlokić,Sto ce meni pjesme tihe,1499,"Otisle su zelje moje
ti ih nisi dotakao
zazeljeh se tvoga glasa
a ti si me izbrisao

Gdje su ljeta, ljubav prava
s kim sad tvoja dusa spava
gdje su one pjesme nase
ne cujem ni tamburase
 
Ref.
Sto ce meni pjesme tihe
kad ljubavi prodje vijek
kada moram ja od tebe
rastati se zauvijek

Ref. 2x

Nestalo nam ljubavi u venama
slomio nas zivot bez pitanja","https://tekstovi.net/2,1138,51079.html",,,,,,,,,,,['Jasna Zlokić'],,,,https://diskografija.com/pjesma/sto-ce-meni-pjesme-tihe-114.htm,Što će meni pjesme tihe,,,,,
36,/gYDFxB8_1_36,Jasna Zlokić,Jasna Zlokić,Sve moje ljubavi zive u tebi,2188,"Kasna je ura, misli mi bizu
ka bisni vitar po tihoj vali
odrisim dusu pa se pomolim
oprosti Boze, volim ga, volim

Ref.
Sve moje ljubavi zive u tebi
sve moje mladosti, sve moje radosti
 
Ka lisce uvelo 
sve sa vitrom otislo
sve moje ljubavi zive u tebi

I ovog trena misal me vraca
u krilo srice suza je pala
sklopljenih ruku lipo te molim
oprosti Boze, volim ga, volim

Ref.

Sve moje ljubavi zive u tebi","https://tekstovi.net/2,1138,51078.html",,,,,,,,,,,['Jasna Zlokić'],,,,https://diskografija.com/pjesma/sve-moje-ljubavi-zive-u-tebi-116.htm,Sve moje ljubavi žive u tebi,,,,,
37,/gYDFxB8_1_37,Jasna Zlokić,Jasna Zlokić,Sve ove duge godine,6155,"Sve ove duge godine
ruke su moje molile
da te bar jos jednom zagrle

To popodne pola tri
sisla sam na stanici
tuga iza mena sva
isti tren je nestala
 
Svuda poznat kraj
izgleda ko raj
a na ulici cekas ti, hej

Ref.
Sve ove duge godine
ruke su moje molile
da te bar jos jednom zagrle

Sve ove duge godine
ruke su moje molile
jer si sve sto su ikad voljele

Lagano povedi me
 ulicom u nas kafe
sjednimo do prozora
sretni kao nekada

Svuda poznat kraj
izgleda ko raj
na tvom ramenu ko u snu, hej

Ref. 2x","https://tekstovi.net/2,1138,37555.html",,Sve ove duge godine,,Vrijeme je uz nas,"Sve ove duge godine
ruke su moje molile
da te bar još jednom zagrle. To popodne u pola tri
sišla sam na stanici
tuga iza mene sva
isti tren je nestala. Svuda poznat kraj
izgleda kao raj
a na ulici čekaš ti, hej. Refren: sve ove duge godine
ruke su moje molile
da te bar još jednom zagrle
sve ove duge godine
ruke su moje molile
jer si sve što su ikad voljele. Lagano povedi me
ulazom u naš kafe
sjednimo do prozora
sretni kao nekada
svuda poznat kraj
izgleda kao raj
na tvom ramenu
ko u snu, hej. Refren 2x",,https://lyricstranslate.com/en/jasna-zloki%C4%87-sve-ove-duge-godine-lyrics.html,,,,,,,,,,,,,,
38,/gYDFxB8_1_38,Jasna Zlokić,Jasna Zlokić,Svjetiljka djetinjstva,248,"Kad potamni sve sto vrijedi
i kad vrijeme hod uspori
svaka druga kad izblijedi
svjetiljka djetinjstva gori

Pa me ziblje, pa me njise
i daljinom svojom gori
nalik dugi poslije kise
svjetiljka djetinjstva gori
 
Ref. 
Doma nasih sada vise nema
davno rasuli se nasi dvori
al´ k´o zvijezda iznad pustog trijema
ista svjetiljka djetinjstva gori

Pa se pitam, gdje to nesta
i tko mojim glasom zbori
jer, jos uvijek s onog starog mjesta
ista svjetiljka djetinjstva gori

Sto su snovi, sto je zbilja
kako uci u trag zori
iza bezbroj pustih milja
svjetiljka djetinjstva gori

Poznam njezin tihi plamen
kad pozelim, tu se stvori
jer, i sad, k´o vjecni znamen
svjetiljka djetinjstva gori

Ref. 2x","https://tekstovi.net/2,1138,64569.html",,,,,,,,['Zdenko Runjić'],['Jakša Fiamengo'],['Rajko Dujmić'],['Jasna Zlokić'],1987 - Ja sam ti jedini drug,1995 - Svjetiljka djetinjstva,2007 - Zlatna kolekcija,https://diskografija.com/pjesma/svjetiljka-djetinjstva-120.htm,Svjetiljka djetinjstva,,,,,
39,/gYDFxB8_1_39,Jasna Zlokić,Jasna Zlokić,Tako mi je kako mi je,6166,"Kad me pitas kako zivim
da li nekog za to krivim
ja ti kazem preko volje nije lose
bit ce bolje, nije lose bit ce bolje

Imam briga, ko ih nema
i ljubavnih sto problema
zar ti stvarno nije
 jasno da te volim ludo strasno
 da te volim ludo strasno
 
Ref.
Tako mi je kako mi je
kad sam s tobom dobro mi je
kad te nema tesko mi je
tako mi je kako mi je

Voljela sam samo tebe
sjecanje mi dusu zebe
nasa ljubav sva ljepota
sudbina si mog zivota

Ref. 2x","https://tekstovi.net/2,1138,36527.html",,,,,,,,,,,['Jasna Zlokić'],,,,https://diskografija.com/pjesma/tako-mi-je-kako-mi-je-122.htm,Tako mi je kako mi je,,,,,
40,/gYDFxB8_1_40,Jasna Zlokić,Jasna Zlokić,Tamo gdje dises,12924,"Tu preko puta pogleda
bez tebe tuzno izgleda
dorucak moj nije i tvoj

Zemlja se i ne okrece
od tebe se ne pokrece
stali su sad srce i sat
 
Ref.
Tamo gdje dises, tu je raj
malo me ipak sacuvaj
tu gdje smo bili boli me
sto mozes duze voli me

Tamo gdje zivis, tu je san
jedan, al' lijepo isprican
tu gdje te nema boli me
sto mozes duze voli me

Tu preko srca pregazi
tuga sto ide ne pazi
i krevet moj nije i tvoj

Jos prsti tvoji bole me
tvoje me suze zagrle
stali su sad srce i sat

Ref. 

Ref.

Tamo gdje dises, tu je raj
malo me ipak sacuvaj","https://tekstovi.net/2,1138,19780.html",,,,,,,,['Marko Tomasović'],['Željko Krznarić'],['Aleksandar Valenčić'],['Jasna Zlokić'],2006 - Ljubavni parfemi,2006 - Zlatne Žice Slavonije 2006 - Večer pjesme i vina,,https://diskografija.com/pjesma/tamo-gdje-dises-9869.htm,Tamo gdje dišeš,,,,,
41,/gYDFxB8_1_41,Jasna Zlokić,Jasna Zlokić,Tebe imam ja,2291,"Dosla sam k tebi
s prazna dva kofera
u njima nista
vec samo puno sna

Odano srce meni je dano
jer ja te volim
odavno, odavno
tako je pisano
 
Za crne dane bogatstva nemam ja
i nemam zlata da bi ga prodala
al' ipak nisam, nisam sirota
jer imam vise jos od zivota ja
tebe sam dotakla

Ref.
Ja nemam Bog zna sta
al' tebe imam ja, al' tebe imam ja
i saku ljubavi u dane mladosti

Da umrem sretna ja mi puno ne treba
tek zelja jedina
kad odu dragi svi, ti sa mnom ostani
kad odu dragi svi, ti sa mnom ostari

Ref. 2x

Da umrem sretna ja
mi puno ne treba, mi puno ne treba
zelju mi ispuni, ti sa mnom ostari
zelju mi ispuni, ti sa mnom ostari","https://tekstovi.net/2,1138,51077.html",,,,,,,,,,,['Jasna Zlokić'],,,,https://diskografija.com/pjesma/tebe-imam-ja-123.htm,Tebe imam ja,,,,,
42,/gYDFxB8_1_42,Jasna Zlokić,Jasna Zlokić,Teske su rici pale duso,4101,"Teske su rici pale duso
kad sam nocas tebi dosla ja
opet su me privarili duso
opet sam te iznevirila

Pivali smo o jubavi sritnoj
spominjali ime tvoje
rekli su mi, da si mi neviran
ranili su srce moje
 
Suzama sam razvodnila tugu
mislila sam sve ce proci, stati
ko ce viru opet meni vratit
hocu li ti moci ruku dati

Ref.

Pivali smo o jubavi sritnoj
spominjali ime tvoje
rekli su mi, da si mi neviran
ranili su srce moje

Ko ce viru opet meni vratit
hocu li ti moci ruku dati

Teske su rici pale duso
ja te volim ka nikad do sad
opet su me privarili duso
nisam mogla sakrit ovi jad

Pivali smo o jubavi sritnoj
spominjali ime tvoje
rekli su mi, da si mi neviran
ranili su srce moje

Suzama sam razvodnila tugu
mislila sam sve ce proci, stati
ko ce viru opet meni vratit
hocu li ti moci ruku dati

Teske su rici pale duso","https://tekstovi.net/2,1138,46995.html",,,,,,,,['Zoran Mišologin'],['Zoran Mišologin'],['Nikša Bratoš'],['Jasna Zlokić'],1996 - Sunce moga neba,2004 - Best of 1990 - 2004,2007 - Zlatna kolekcija,https://diskografija.com/pjesma/teske-su-rici-pale-duso-124.htm,Teške su riči pale dušo,,,,,
43,/gYDFxB8_1_43,Jasna Zlokić,Jasna Zlokić,Tiho sviraj pjesmu ljubavnu,11898,"Ljubav odlazi, ko lisce zeleno
mladost prolazi, ko rijeka prebrzo
ljudi vole se, i kad se rastaju
neke niti znaj, uvijek ostaju

Ref.
Tiho sviraj pjesmu ljubavnu
i ne diraj, molim te ne diraj
dusu umornu
 
Ljubav odlazi, ko lisce zeleno
mladost prolazi, ko rijeka prebrzo
nisu sretni svi, ni kad su zajedno
jer se davni sjaj, vec ugasio

Ref.","https://tekstovi.net/2,1138,47028.html",,Tiho sviraj pjesmu ljubavnu,Ouietly Play The Love Song,,"Ljubav odlazi ko lišće zeleno
mladost prolazi ko rijeka prebrzo
ljudi vole se i kad se rastaju
neke niti znaj uvijek ostaju. Ref.
Tiho sviraj pjesmu ljubavnu
i ne diraj, molim te ne diraj
dušu umornu. Ljubav odlazi ko lišće zeleno
mladost prolazi ko rijeka prebrzo
nisu sretni svi ni kad su zajedno
jer se davni sjaj već ugasio. Ref.
Tiho sviraj pjesmu ljubavnu
i ne diraj, molim te ne diraj
dušu umornu","Love goes away like green leaves
Youth passes like a river, too quickly
People love each other and when they part
Some threads, know that, always stay. (Chorus)
Quietly play the love song
And don't touch, please, don't touch
A tired soul. Love goes away like green leaves
Youth passes like a river, too quickly
Not all are happy even when they're together
Because the ancient glow extinguished already. (Chorus)
Quietly play the love song
And don't touch, please, don't touch
A tired soul",https://lyricstranslate.com/en/tiho-sviraj-pjesmu-ljubavnu-ouietly-play-love-song.html,['Đorđe Novković'],['Željko Sabol'],['Stipica Kalogjera'],['Jasna Zlokić'],1990 - Tiho sviraj pjesmu ljubavnu,1997 - Sve ove godine,2007 - Zlatna kolekcija,https://diskografija.com/pjesma/tiho-sviraj-pjesmu-ljubavnu-126.htm,Tiho sviraj pjesmu ljubavnu,2014 - Najljepše ljubavne pjesme - Valentinovo,,,,
44,/gYDFxB8_1_44,Jasna Zlokić,Jasna Zlokić,Topli osmijeh,202,"Blide sjene oko mene spustio se mrak
´ladne noci sad su dosle oduzele dah
svitla gledan u daljini kako odlaze
sama stojin sad, u tami i posustajen

Ref.
Ja topli osmijeh triban i njezan dodir ruke
pa da sve zaboravin
i di su sada judi lica koja znan
iz mladosti moje
 
Kad bih mogla da se vratin
da svoju jubav pronadjen
da jos jednon vidin more
sto mi sricu daruje

Vitar nosi misli moje i prisluskuje
dusa tuzna sneno tone zna da gubi te
svitla gledan u daljini kako odlaze
sama stojin sad, u tami i posustajen

Ref. 2x","https://tekstovi.net/2,1138,65007.html",,,,,,,,,,,,,,,,,,,,,
45,/gYDFxB8_1_45,Jasna Zlokić,Jasna Zlokić,Tuzna je nedjelja,3186,"Nisam ti bila sudjena 
vjetar je odnio srecu mladih godina
i danas reci ces drugoj ""da""
a gdje sam ja, a gdje sam ja

Na tebe soba mirise
uzalud rukama grlim hladne jastuke
gdje moji snovi su umrli
a gdje si ti, a gdje si ti
 
Ref.
Tuzna je nedjelja
krivog sam ljubila
mene je proklela
ta juzna krv u venama

Hej, vi sad svirajte
tuzne mi pjesme birajte
mene je proklela
ta juzna krv u venama
ta juzna krv u venama

Nisam ti bila sudjena
od svega ostaju samo prazna sjecanja
na stolu neveni uveli
a gdje smo mi, a gdje smo mi

Ref. 2x","https://tekstovi.net/2,1138,47849.html",,,,,,,,,,,['Jasna Zlokić'],,,,https://diskografija.com/pjesma/tuzna-je-nedjelja-20.htm,Tužna je nedjelja,,,,,
46,/gYDFxB8_1_46,Jasna Zlokić,Jasna Zlokić,Vjeruj mi,14942,"Vjeruj mi, da te volim
vjeruj mi, da sam tvoja
i kad odlazim

Vjeruj mi, da te sanjam
vjeruj mi, da te trazim
medju zvjezdama, zauvijek
 
Vjeruj mi, nisam kriva
vjeruj mi, ja ne zelim
da te izgubim

Vjeruj mi, kada placem
vjeruj mi, dok te gledam
kako odlazis, zauvijek

Ref.
Pjevat cu nocas samo za nas
zaustavit suze, izgubiti glas
pjevat cu nocas i pronaci spas
pjevat cu samo za nas
vjeruj mi, samo vjeruj mi

Ref.

Vjeruj mi, samo vjeruj mi
vjeruj mi, da te volim
vjeruj mi, da sam tvoja
vjeruj mi, da te sanjam
vjeruj mi, da te trazim","https://tekstovi.net/2,1138,18467.html",,,,,,,,,,,,,,,,,,,,,
47,/gYDFxB8_1_47,Jasna Zlokić,Jasna Zlokić,Zagrebacka zima,536,"Napolju snijezi
noc i hladnoca
u sobi miris
suhoga voca

Napolju svijetla
umornog sjaja
u sobi loncic
toploga caja
 
Napolju plamen
pun strana svijeta
u sobi vaza
tri plava cvijeta

Napolju izlog
cudnih sudbina
u sobi knjiga
most do daljina

Ref.
A moje je srce
otok u snijegu
moje su misli
ptice u bijegu

Dok sebe tjesim
ma, vremena ima
tece jos jedna
moja zagrebacka zima

Napolju zvuci
ulicnog benda
u sobi slatkih
tresanja tegla

Napolju magla
prozore slika
u sobi more
galeba vika

Ref. 2x","https://tekstovi.net/2,1138,61890.html",,,,,,,,['Vladimir Kočiš Zec'],['Mario Mihaljević'],['Rajko Dujmić'],['Jasna Zlokić'],1985 - Vjeruj mi,1994 - Tebi grade moj - Pjesme o Zagrebu,1997 - Sve ove godine,https://diskografija.com/pjesma/zagrebacka-zima-11.htm,Zagrebačka zima,2007 - Zlatna kolekcija,,,,
48,/gYDFxB8_1_48,Jasna Zlokić,Jasna Zlokić,Zapjevaj mi ispod glasa,3581,"Iznad mora sjajne zvijezde
noc bez ljubavi se gasi
sto te nema bar na kratko
Boze daj me nocas spasi

Ne, ne mogu spavat sama
svako malo ja se budim
u daljini svijetla gore
ponovo bih da te ljubim
 
Ref. 2x
Zapjevaj mi ispod glasa
onu nasu pjesmu staru
voljela sam samo tebe
plavo more i gitaru

Prva zraka Sunca stize
pored mene ona lijeze
mjesto tebe da me grije
al' u dusi sve je teze

Ref. 2x","https://tekstovi.net/2,1138,31796.html",,,,,,,,['Đorđe Novković'],['Miroslav Drljača Rus'],"['Stipica Kalogjera', 'Maruška Kalogjera']",['Jasna Zlokić'],1990 - Kad odu svi,2007 - Zlatna kolekcija,,https://diskografija.com/pjesma/zapjevaj-mi-ispod-glasa-10.htm,Zapjevaj mi ispod glasa,,,,,
49,/gYDFxB8_1_49,Jasna Zlokić,Jasna Zlokić,Zar vise nista ti ne znacim ja,5374,"Ostani, molim te
dok jos za nas ima nade
tko nam to krade dodire
ljubav snaga je
za nju umire sve, umire sve

Ref.
Zar vise nista ti ne znacim ja
reci mi da ti je bar malo stalo
poljubi me, da ne mislim na bol
 
Zar vise nista ti ne znacim ja
presuti to jer bi mi tesko palo
sve ucinila sam, i vise ne znam sto
vise ne znam sto

Nemam rijeci za to, za to sto si meni bio
kada odes, nestat ce i mene dio
sad ucim sama stajati
sad moram bez tebe znati prezivjeti
prezivjeti

Ref.

Zar vise nista ti ne znacim ja
ni tijelo svo sto ti je sebe dalo
ne reci mi da vise nisi moj
nisi moj","https://tekstovi.net/2,1138,31791.html",,,,,,,,,,,,,,,,,,,,,
