Artist,Artist_discogs,Song_discogs,Song_duration_discogs,Written-By_discogs,Album_title_discogs,Album_year_discogs,Lyrics By_discogs,Arranged By_discogs,Music By_discogs,Backing Vocals_discogs,Written By_discogs,Conductor_discogs,Orchestra_discogs,Performer_discogs,Choir_discogs,Ensemble_discogs,Lyrics By [Rendered From German]_discogs,Lyrics By [Rendered from English]_discogs,Adapted By (Text)_discogs,Transferred By_discogs,Adapted By_discogs,Music By [Miscredited]_discogs,Music By [Uncredited]_discogs,Engineer_discogs,Producer_discogs,Backing Band_discogs,Guest_discogs,Composed By_discogs,Featuring_discogs,Album_year_title_discogs,All_albums_discogs
Krunoslav Kićo Slabinac,Krunoslav Kićo Slabinac,Vjenčanja Neće Biti,,Zvonimir Golob,Vjenčanja Neće Biti / Moja Djevojka Marija,1969.0,,,,,,,,,,,,,,,,,,,,,,,,1969.0-Vjenčanja Neće Biti / Moja Djevojka Marija,1969.0-Vjenčanja Neće Biti / Moja Djevojka Marija/nan-Krunoslav Slabinac
Krunoslav Kićo Slabinac,Krunoslav Kićo Slabinac,Marija,,John Szego,Vjenčanja Neće Biti / Moja Djevojka Marija,1969.0,Maja Perfiljeva,,,,,,,,,,,,,,,,,,,,,,,1969.0-Vjenčanja Neće Biti / Moja Djevojka Marija,1969.0-Vjenčanja Neće Biti / Moja Djevojka Marija
Krunoslav Kićo Slabinac,Krunoslav Kićo Slabinac,Jednom U Životu,,,Jednom U Životu / Ne Shvaćam Te,1969.0,Arsen Dedić,Ivan Kelemen,Arsen Dedić,,,,,,,,,,,,,,,,,,,,,1969.0-Jednom U Životu / Ne Shvaćam Te,1969.0-Jednom U Životu / Ne Shvaćam Te
Krunoslav Kićo Slabinac,Krunoslav Kićo Slabinac,Ne Shvaćam Te,,,Jednom U Životu / Ne Shvaćam Te,1969.0,Ivica Krajač,Stipica Kalogjera,Zdenko Runjić,,,,,,,,,,,,,,,,,,,,,1969.0-Jednom U Životu / Ne Shvaćam Te,1969.0-Jednom U Životu / Ne Shvaćam Te
Krunoslav Kićo Slabinac,Krunoslav Kićo Slabinac,Plavuša,,Krunoslav Kićo Slabinac,Plavuša / Taj Dan,,,,,,,,,,,,,,,,,,,,,,,,,nan-Plavuša / Taj Dan,nan-Plavuša / Taj Dan/nan-Krunoslav Slabinac/nan-Da L' Se Sjećaš/nan-Sve Najbolje!/2006.0-Zlatna Kolekcija/2007.0-The Platinum Collection/2010.0-Najljepše Ljubavne Pjesme/2015.0-50 Originalnih Pjesama
Krunoslav Kićo Slabinac,Krunoslav Kićo Slabinac,Taj Dan (One Day),,Les Reed,Plavuša / Taj Dan,,Maja Perfiljeva,,,"Vokalni Kvartet ""Admira""",,,,,,,,,,,,,,,,,,,,nan-Plavuša / Taj Dan,nan-Plavuša / Taj Dan
Krunoslav Kićo Slabinac,Krunoslav Kićo Slabinac,Ne Pitaj S Kim Ni Zašto,,,Ne Pitaj S Kim Ni Zašto / Da Li Znaš,1970.0,Ivica Krajač,,,,J. Paay,,,,,,,,,,,,,,,,,,,1970.0-Ne Pitaj S Kim Ni Zašto / Da Li Znaš,1970.0-Ne Pitaj S Kim Ni Zašto / Da Li Znaš
Krunoslav Kićo Slabinac,Krunoslav Kićo Slabinac,Da Li Znaš,,,Ne Pitaj S Kim Ni Zašto / Da Li Znaš,1970.0,Krunoslav Kićo Slabinac,,Krunoslav Kićo Slabinac,,,,,,,,,,,,,,,,,,,,,1970.0-Ne Pitaj S Kim Ni Zašto / Da Li Znaš,1970.0-Ne Pitaj S Kim Ni Zašto / Da Li Znaš/nan-Da L' Se Sjećaš/2007.0-The Platinum Collection/2015.0-50 Originalnih Pjesama
Krunoslav Kićo Slabinac,Krunoslav Kićo Slabinac,Više Nećeš Biti Moja,,,Više Nećeš Biti Moja,1970.0,Aleksandar Korać,Ivan Kelemen,Aleksandar Korać,,,,,,,,,,,,,,,,,,,,,1970.0-Više Nećeš Biti Moja,1970.0-Više Nećeš Biti Moja/nan-Više Nećeš Biti Moja / Cvijet Čežnje/nan-Krunoslav Slabinac/nan-Da L' Se Sjećaš/nan-Sve Najbolje!/2006.0-Zlatna Kolekcija/2010.0-Najljepše Ljubavne Pjesme
Krunoslav Kićo Slabinac,Krunoslav Kićo Slabinac,U Dugim Noćima,,,"U Dugim Noćima / Angela, Čekaj Me",,Kemal Monteno,,Esad Arnautalić,,,Ivan Kelemen,Zabavni Orkestar,"Vokalni Kvartet ""Studio""",,,,,,,,,,,,,,,,"nan-U Dugim Noćima / Angela, Čekaj Me","nan-U Dugim Noćima / Angela, Čekaj Me/nan-Krunoslav Slabinac/nan-Da L' Se Sjećaš/nan-Sve Najbolje!/2005.0-Pusti Da Te Prebolim/2006.0-Zlatna Kolekcija/2007.0-The Platinum Collection/2015.0-50 Originalnih Pjesama"
Krunoslav Kićo Slabinac,Krunoslav Kićo Slabinac,"Angela, Čekaj Me",,,"U Dugim Noćima / Angela, Čekaj Me",,Gjoko Georgiev,,Dimitar Masevski,,,Mario Rijavec,Zabavni Orkestar RTV Ljubljana,,,,,,,,,,,,,,,,,"nan-U Dugim Noćima / Angela, Čekaj Me","nan-U Dugim Noćima / Angela, Čekaj Me"
Krunoslav Kićo Slabinac,Krunoslav Kićo Slabinac,Cvijet Čežnje,,,Više Nećeš Biti Moja / Cvijet Čežnje,,Tomislav Zuppa,Nikica Kalogjera,Zdenko Runjić,,,,,,,,,,,,,,,,,,,,,nan-Više Nećeš Biti Moja / Cvijet Čežnje,nan-Više Nećeš Biti Moja / Cvijet Čežnje/1982.0-Moj Marjane Adio/2006.0-Zlatna Kolekcija/2007.0-The Platinum Collection/2015.0-50 Originalnih Pjesama/2017.0-Cvijet Čežnje - Kićo Dalmaciji
Krunoslav Kićo Slabinac,Krunoslav Kićo Slabinac,Tragovi,,,Tragovi / Živim Svoj Život,1971.0,Damir Opačić,,Mihailo Živanović,,,,,,,,,,,,,,,,,,,,,1971.0-Tragovi / Živim Svoj Život,1971.0-Tragovi / Živim Svoj Život
Krunoslav Kićo Slabinac,Krunoslav Kićo Slabinac,Živim Svoj Život,,,Tragovi / Živim Svoj Život,1971.0,Krunoslav Kićo Slabinac,,Krunoslav Kićo Slabinac,,,,,,,,,,,,,,,,,,,,,1971.0-Tragovi / Živim Svoj Život,1971.0-Tragovi / Živim Svoj Život/nan-Da Sam Tvoje Riječi Slušao Majko/nan-Sve Najbolje!
Krunoslav Kićo Slabinac,Krunoslav Kićo Slabinac,Čija Si,,,Čija Si,1971.0,Blagoja Stefanovski,,Slave Dimitrov,,,,,,,,,,,,,,,,,,,,,1971.0-Čija Si,1971.0-Čija Si/nan-Da Sam Tvoje Riječi Slušao Majko
Krunoslav Kićo Slabinac,Krunoslav Kićo Slabinac,Tvoje Pismo,,,Čija Si,1971.0,Branko Karakaš,,Mihailo Živanović,,,,,,,,,,,,,,,,,,,,,1971.0-Čija Si,1971.0-Čija Si
Krunoslav Kićo Slabinac,Krunoslav Kićo Slabinac,Tri Slatke Riječi,,,Tri Slatke Riječi / Lamento,,Krunoslav Kićo Slabinac,,Krunoslav Kićo Slabinac,,,Petar Sam,,Plavi Ansambl,,,,,,,,,,,,,,,,nan-Tri Slatke Riječi / Lamento,nan-Tri Slatke Riječi / Lamento/nan-Krunoslav Slabinac/nan-Da L' Se Sjećaš/nan-Sve Najbolje!/2006.0-Zlatna Kolekcija/2007.0-The Platinum Collection/2010.0-Najljepše Ljubavne Pjesme/2015.0-50 Originalnih Pjesama/0.0-Tri Slatke Riječi
Krunoslav Kićo Slabinac,Krunoslav Kićo Slabinac,Lamento,,,Tri Slatke Riječi / Lamento,,Tomislav Zuppa,,Zdenko Runjić,,,Vinko Lesić,"Festivalski Orkestar ""Split""",,,,,,,,,,,,,,,,,nan-Tri Slatke Riječi / Lamento,nan-Tri Slatke Riječi / Lamento/2007.0-The Platinum Collection/2015.0-50 Originalnih Pjesama/2017.0-Cvijet Čežnje - Kićo Dalmaciji
Krunoslav Kićo Slabinac,Krunoslav Kićo Slabinac,Pusti Da Te Vodim,,,Pusti Da Te Vodim / Nemoj Biti Sretna,,Dragutin Britvić,,Stipica Kalogjera,,,Stipica Kalogjera,"Festivalski Zabavni Orkestar ""Zagreb""",,"Festivalski Zabavni Orkestar ""Zagreb""",,,,,,,,,,,,,,,nan-Pusti Da Te Vodim / Nemoj Biti Sretna,nan-Pusti Da Te Vodim / Nemoj Biti Sretna
Krunoslav Kićo Slabinac,Krunoslav Kićo Slabinac,Nemoj Biti Sretna,,,Pusti Da Te Vodim / Nemoj Biti Sretna,,Maja Perfiljeva,,Ivan Kelemen,,,Stanko Selak,"Festivalski Zabavni Orkestar ""Zagreb""",,,,,,,,,,,,,,,,,nan-Pusti Da Te Vodim / Nemoj Biti Sretna,nan-Pusti Da Te Vodim / Nemoj Biti Sretna
Krunoslav Kićo Slabinac,Krunoslav Kićo Slabinac,Tvoj Dječak Je Tužan,,,Tvoj Dječak Je Tužan,,,,,,,Jože Privšek,Revijski Orkestar RTV Ljubljana,,,,,,,,,,,,,,,,,nan-Tvoj Dječak Je Tužan,nan-Tvoj Dječak Je Tužan/nan-Da Sam Tvoje Riječi Slušao Majko/nan-Sve Najbolje!/2006.0-Zlatna Kolekcija/2007.0-The Platinum Collection/2010.0-Najljepše Ljubavne Pjesme
Krunoslav Kićo Slabinac,Krunoslav Kićo Slabinac,I Gori Nego Ja,,,Tvoj Dječak Je Tužan,,,,,,,Ivan Kelemen,Zabavni Orkestar,,,,,,,,,,,,,,,,,nan-Tvoj Dječak Je Tužan,nan-Tvoj Dječak Je Tužan
Krunoslav Kićo Slabinac,Krunoslav Kićo Slabinac,Tužna Je Anuška,,,Krunoslav Slabinac Kićo,,Maja Perfiljeva,Ivan Kelemen,Ivan Kelemen,,,,,,,,,,,,,,,,,,,,,nan-Krunoslav Slabinac Kićo,nan-Krunoslav Slabinac Kićo/2006.0-Zlatna Kolekcija/2007.0-The Platinum Collection
Krunoslav Kićo Slabinac,Krunoslav Kićo Slabinac,Rosemary,,,Krunoslav Slabinac Kićo,,Tatjana Jokanović,Ivan Kelemen,Miroslav Balta,,,,,,,,,,,,,,,,,,,,,nan-Krunoslav Slabinac Kićo,nan-Krunoslav Slabinac Kićo
Krunoslav Kićo Slabinac,Krunoslav Kićo Slabinac,Uspavanka,,,Krunoslav Slabinac Kićo,,Branko Mihaljević,Ivan Kelemen,Branko Mihaljević,,,,,,,,,,,,,,,,,,,,,nan-Krunoslav Slabinac Kićo,nan-Krunoslav Slabinac Kićo
Krunoslav Kićo Slabinac,Krunoslav Kićo Slabinac,Sinu,,,Krunoslav Slabinac Kićo,,Tonko Jović,Ivan Kelemen,Zdenko Runjić,,,,,,,,,,,,,,,,,,,,,nan-Krunoslav Slabinac Kićo,nan-Krunoslav Slabinac Kićo
Krunoslav Kićo Slabinac,Krunoslav Kićo Slabinac,Ti Koju Znam,,,Krunoslav Slabinac Kićo,,Ivica Krajač,Stipica Kalogjera,Stipica Kalogjera,,,,,,,,,,,,,,,,,,,,,nan-Krunoslav Slabinac Kićo,nan-Krunoslav Slabinac Kićo
Krunoslav Kićo Slabinac,Krunoslav Kićo Slabinac,Ti Ne Znaš Koliko Te Volim,,,Krunoslav Slabinac Kićo,,Tomislav Hin,Ivan Kelemen,J. Sabo,,,,,,,,,,,,,,,,,,,,,nan-Krunoslav Slabinac Kićo,nan-Krunoslav Slabinac Kićo/nan-Krunoslav Slabinac
Krunoslav Kićo Slabinac,Krunoslav Kićo Slabinac,Uvijek Kad Si Sa Mnom Ti,,,Krunoslav Slabinac Kićo,,Ivica Krajač,Ivan Kelemen,Ivan Kelemen,,,,,,,,,,,,,,,,,,,,,nan-Krunoslav Slabinac Kićo,nan-Krunoslav Slabinac Kićo
Krunoslav Kićo Slabinac,Krunoslav Kićo Slabinac,Tko Si Ti,,,Krunoslav Slabinac Kićo,,Arsen Dedić,Silvije Glojnarić,Silvije Glojnarić,,,,,,,,,,,,,,,,,,,,,nan-Krunoslav Slabinac Kićo,nan-Krunoslav Slabinac Kićo
Krunoslav Kićo Slabinac,Krunoslav Kićo Slabinac,Takav Sam,,,Krunoslav Slabinac Kićo,,Dragutin Britvić,Miljenko Prohaska,Miljenko Prohaska,,,,,,,,,,,,,,,,,,,,,nan-Krunoslav Slabinac Kićo,nan-Krunoslav Slabinac Kićo
Krunoslav Kićo Slabinac,Krunoslav Kićo Slabinac,U Tvome Naručju,,,Krunoslav Slabinac Kićo,,Mišo Doležal,Radan Bosner,Radan Bosner,,,,,,,,,,,,,,,,,,,,,nan-Krunoslav Slabinac Kićo,nan-Krunoslav Slabinac Kićo
Krunoslav Kićo Slabinac,Krunoslav Kićo Slabinac,Ne Vjeruj,,,Krunoslav Slabinac Kićo,,Arsen Dedić,Arsen Dedić,Arsen Dedić,,,,,,,,,,,,,,,,,,,,,nan-Krunoslav Slabinac Kićo,nan-Krunoslav Slabinac Kićo
Krunoslav Kićo Slabinac,Krunoslav Kićo Slabinac,Maškarada,,,Krunoslav Slabinac Kićo,,Mišo Doležal,Ivan Kelemen,Zdeněk Marat,,,,,,,,,,,,,,,,,,,,,nan-Krunoslav Slabinac Kićo,nan-Krunoslav Slabinac Kićo
Krunoslav Kićo Slabinac,Krunoslav Kićo Slabinac,Zbog Jedne Divne Crne Žene,,,"Zbog Jedne Divne Crne Žene / Sviraj, Svirče",,,,,,,,,,,,,,,,,,,,,,,,,"nan-Zbog Jedne Divne Crne Žene / Sviraj, Svirče","nan-Zbog Jedne Divne Crne Žene / Sviraj, Svirče/nan-Krunoslav Slabinac/nan-Da L' Se Sjećaš/2007.0-The Platinum Collection/2010.0-Najljepše Ljubavne Pjesme/2015.0-50 Originalnih Pjesama"
Krunoslav Kićo Slabinac,Krunoslav Kićo Slabinac,"Sviraj, Svirče",,,"Zbog Jedne Divne Crne Žene / Sviraj, Svirče",,,,,,,,,,,,,,,,,,,,,,,,,"nan-Zbog Jedne Divne Crne Žene / Sviraj, Svirče","nan-Zbog Jedne Divne Crne Žene / Sviraj, Svirče/nan-Krunoslav Slabinac/2007.0-The Platinum Collection"
Krunoslav Kićo Slabinac,Krunoslav Kićo Slabinac,Život Bez Tebe,,Krunoslav Kićo Slabinac,Život Bez Tebe / Dajem Ti Svoju Riječ,1973.0,,Ivan Kelemen,,,,,,,,,,,,,,,,,,,,,,1973.0-Život Bez Tebe / Dajem Ti Svoju Riječ,1973.0-Život Bez Tebe / Dajem Ti Svoju Riječ/nan-Krunoslav Slabinac/nan-Sve Najbolje!/2006.0-Zlatna Kolekcija/2007.0-The Platinum Collection
Krunoslav Kićo Slabinac,Krunoslav Kićo Slabinac,Dajem Ti Svoju Riječ,,,Život Bez Tebe / Dajem Ti Svoju Riječ,1973.0,Ivica Krajač,Ivan Kelemen,Ivan Kelemen,,,,,,,,,,,,,,,,,,,,,1973.0-Život Bez Tebe / Dajem Ti Svoju Riječ,1973.0-Život Bez Tebe / Dajem Ti Svoju Riječ/nan-Da Sam Tvoje Riječi Slušao Majko/nan-Sve Najbolje!
Krunoslav Kićo Slabinac,Krunoslav Kićo Slabinac,Plavi Pingvin,,,Plavi Pingvin / Poljubi Me Za Sretan Put,,Ratimir Vince,Đorđe Novković,Đorđe Novković,,,Krešimir Oblak,,,,,,,,,,,,,,,,,,nan-Plavi Pingvin / Poljubi Me Za Sretan Put,nan-Plavi Pingvin / Poljubi Me Za Sretan Put
Krunoslav Kićo Slabinac,Krunoslav Kićo Slabinac,Poljubi Me Za Sretan Put,,Alfi Kabiljo,Plavi Pingvin / Poljubi Me Za Sretan Put,,,,,,,Nikica Kalogjera,,,,,,,,,,,,,,,,,,nan-Plavi Pingvin / Poljubi Me Za Sretan Put,nan-Plavi Pingvin / Poljubi Me Za Sretan Put/nan-Da Sam Tvoje Riječi Slušao Majko/2007.0-The Platinum Collection/2010.0-Najljepše Ljubavne Pjesme
Krunoslav Kićo Slabinac,Krunoslav Kićo Slabinac,Idi,,,Idi / Pokloni Mi Jedan Dan,,Pajo Kanižaj,,Ivan Kelemen,,,,,,,,,,,,,,,,,,,,,nan-Idi / Pokloni Mi Jedan Dan,nan-Idi / Pokloni Mi Jedan Dan
Krunoslav Kićo Slabinac,Krunoslav Kićo Slabinac,Pokloni Mi Jedan Dan,,,Idi / Pokloni Mi Jedan Dan,,Krunoslav Kićo Slabinac,,Krunoslav Kićo Slabinac,,,,,,,,,,,,,,,,,,,,,nan-Idi / Pokloni Mi Jedan Dan,nan-Idi / Pokloni Mi Jedan Dan/nan-Da Sam Tvoje Riječi Slušao Majko/2007.0-The Platinum Collection/2010.0-Najljepše Ljubavne Pjesme
Krunoslav Kićo Slabinac,Krunoslav Kićo Slabinac,Bećarac,,,Bećarac,,,,,,,,,,,,,,,,,,,,,,,,,nan-Bećarac,nan-Bećarac/2010.0-Vesela Je Šokadija/nan-Untitled
Krunoslav Kićo Slabinac,Krunoslav Kićo Slabinac,"Zora Rudi, Dan Se Bijeli",,,Bećarac,,,,,,,,,,,,,,,,,,,,,,,,,nan-Bećarac,nan-Bećarac
Krunoslav Kićo Slabinac,Krunoslav Kićo Slabinac,Svi Se Momci Oženiše,,,Bećarac,,,,,,,,,,,,,,,,,,,,,,,,,nan-Bećarac,nan-Bećarac/nan-Svatovac/1984.0-Svatovac / Svi Se Momci Oženiše/2010.0-Vesela Je Šokadija
Krunoslav Kićo Slabinac,Krunoslav Kićo Slabinac,"Slavonijo, Zemljo Plemenita",,,Bećarac,,,Zvonimir Palošek,,,,,,,,,,,,,,,,,,,,,,nan-Bećarac,nan-Bećarac/1984.0-Kad Čujem Tambure
Krunoslav Kićo Slabinac,Krunoslav Kićo Slabinac,Balada O Ženi I Djetetu,,,Balada O Ženi I Djetetu / Ostavljaš Me Samog,,Krunoslav Kićo Slabinac,,,,,,,,,,,,,,,,,,,,,,,nan-Balada O Ženi I Djetetu / Ostavljaš Me Samog,nan-Balada O Ženi I Djetetu / Ostavljaš Me Samog/nan-Krunoslav Slabinac/nan-Da L' Se Sjećaš/nan-Sve Najbolje!/2007.0-The Platinum Collection
Krunoslav Kićo Slabinac,Krunoslav Kićo Slabinac,Ostavljaš Me Samog,,,Balada O Ženi I Djetetu / Ostavljaš Me Samog,,Kemal Monteno,,,,,,,,,,,,,,,,,,,,,,,nan-Balada O Ženi I Djetetu / Ostavljaš Me Samog,nan-Balada O Ženi I Djetetu / Ostavljaš Me Samog/nan-Da Sam Tvoje Riječi Slušao Majko/nan-Sve Najbolje!
Krunoslav Kićo Slabinac,Krunoslav Kićo Slabinac,"Da Sam Tvoje Riječi Slušao, Majko",,,"Da Sam Tvoje Riječi Slušao, Majko / Budi To Što Jesi",1974.0,Arsen Dedić,Ivan Kelemen,,,,Ivan Kelemen,,,,,,,,,,,,,,,,,,"1974.0-Da Sam Tvoje Riječi Slušao, Majko / Budi To Što Jesi","1974.0-Da Sam Tvoje Riječi Slušao, Majko / Budi To Što Jesi/nan-Sve Najbolje!/2010.0-Najljepše Ljubavne Pjesme/2015.0-50 Originalnih Pjesama"
Krunoslav Kićo Slabinac,Krunoslav Kićo Slabinac,Budi To Što Jesi,,,"Da Sam Tvoje Riječi Slušao, Majko / Budi To Što Jesi",1974.0,Ivica Krajač,Krunoslav Kićo Slabinac,,,,Ivan Vanja Lisak,,,,,,,,,,,,,,,,,,"1974.0-Da Sam Tvoje Riječi Slušao, Majko / Budi To Što Jesi","1974.0-Da Sam Tvoje Riječi Slušao, Majko / Budi To Što Jesi/nan-Da Sam Tvoje Riječi Slušao Majko/nan-Da L' Se Sjećaš/nan-Sve Najbolje!/2006.0-Zlatna Kolekcija/2007.0-The Platinum Collection"
Krunoslav Kićo Slabinac,Krunoslav Kićo Slabinac,Tko Će Te Tako Zavoljeti,,,Tko Će Te Tako Zavoljeti / Znam Da Nisi Sretna,1974.0,Maja Perfiljeva,,Ivan Kelemen,,,,,,,,,,,,,,,,,,,,,1974.0-Tko Će Te Tako Zavoljeti / Znam Da Nisi Sretna,1974.0-Tko Će Te Tako Zavoljeti / Znam Da Nisi Sretna/nan-Da Sam Tvoje Riječi Slušao Majko/nan-Sve Najbolje!/2007.0-The Platinum Collection
Krunoslav Kićo Slabinac,Krunoslav Kićo Slabinac,Znam Da Nisi Sretna,,,Tko Će Te Tako Zavoljeti / Znam Da Nisi Sretna,1974.0,Ivica Krajač,,Ivan Vanja Lisak,,,,,,,,,,,,,,,,,,,,,1974.0-Tko Će Te Tako Zavoljeti / Znam Da Nisi Sretna,1974.0-Tko Će Te Tako Zavoljeti / Znam Da Nisi Sretna/nan-Da Sam Tvoje Riječi Slušao Majko
Krunoslav Kićo Slabinac,Krunoslav Kićo Slabinac,Kad Čujem Tambure,,Traditional,Kad Čujem Tambure / Lijepa Moja Slavonija,1974.0,,,,,,,,,,,,,,,,,,,,,,,,1974.0-Kad Čujem Tambure / Lijepa Moja Slavonija,1974.0-Kad Čujem Tambure / Lijepa Moja Slavonija/1984.0-Kad Čujem Tambure/2006.0-Zlatna Kolekcija/2010.0-Vesela Je Šokadija/nan-Untitled
Krunoslav Kićo Slabinac,Krunoslav Kićo Slabinac,Lijepa Moja Slavonija,,,Kad Čujem Tambure / Lijepa Moja Slavonija,1974.0,Ante Gardaš,,Ivan Kelemen,,,,,,,,,,,,,,,,,,,,,1974.0-Kad Čujem Tambure / Lijepa Moja Slavonija,1974.0-Kad Čujem Tambure / Lijepa Moja Slavonija/2006.0-Zlatna Kolekcija
Krunoslav Kićo Slabinac,Krunoslav Kićo Slabinac,U Ime Slobode,,,U Ime Slobode,1974.0,,Nikica Kalogjera,,,,Milan Bašić,Simfonijski Orkestar RTZ,,,"Vokalni Kvartet ""Studio""",,,,,,,,,,,,,,1974.0-U Ime Slobode,1974.0-U Ime Slobode
Krunoslav Kićo Slabinac,Krunoslav Kićo Slabinac,Povečerje,,,U Ime Slobode,1974.0,,Ivan Kelemen,,,,Ivan Kelemen,Zabavni Orkestar,,Mješoviti Zbor RTV Zagreb,,,,,,,,,,,,,,,1974.0-U Ime Slobode,1974.0-U Ime Slobode
Krunoslav Kićo Slabinac,Krunoslav Kićo Slabinac,Cvijet Čežnje / Dalmacijo,,,Krunoslav Slabinac,,Tomislav Zuppa,Nikica Kalogjera,Zdenko Runjić,,,,,,,,,,,,,,,,,,,,,nan-Krunoslav Slabinac,nan-Krunoslav Slabinac
Krunoslav Kićo Slabinac,Krunoslav Kićo Slabinac,Bila Si Djevojčica,,,Krunoslav Slabinac,,Zdenko Runjić,Ivan Kelemen,Zdenko Runjić,,,,,,,,,,,,,,,,,,,,,nan-Krunoslav Slabinac,nan-Krunoslav Slabinac/nan-Sve Najbolje!/2007.0-The Platinum Collection/2015.0-50 Originalnih Pjesama/2017.0-Cvijet Čežnje - Kićo Dalmaciji
Krunoslav Kićo Slabinac,Krunoslav Kićo Slabinac,Na Kraj Sela Čađava Mehana,,Traditional,Na Kraj Sela Čađava Mehana,1975.0,,Krunoslav Kićo Slabinac,,,,,,,,,,,,,,,,,,,,,,1975.0-Na Kraj Sela Čađava Mehana,1975.0-Na Kraj Sela Čađava Mehana
Krunoslav Kićo Slabinac,Krunoslav Kićo Slabinac,"Ljubavi, Ljubavi Lijepo Ti Je Ime",,,Na Kraj Sela Čađava Mehana,1975.0,Tomislav Zuppa,Ivan Kelemen,Ivan Kelemen,,,,,,,,,,,,,,,,,,,,,1975.0-Na Kraj Sela Čađava Mehana,1975.0-Na Kraj Sela Čađava Mehana/nan-Da Sam Tvoje Riječi Slušao Majko/2007.0-The Platinum Collection
Krunoslav Kićo Slabinac,Krunoslav Kićo Slabinac,Oko Moje Plavo I Garavo,,,"Oko Moje Plavo I Garavo / Volim Diku, Dika Za Mnom Gine",1975.0,,,,,,,,,,,,,,,,,,,,,,,,"1975.0-Oko Moje Plavo I Garavo / Volim Diku, Dika Za Mnom Gine","1975.0-Oko Moje Plavo I Garavo / Volim Diku, Dika Za Mnom Gine"
Krunoslav Kićo Slabinac,Krunoslav Kićo Slabinac,"Volim Diku, Dika Za Mnom Gine",,,"Oko Moje Plavo I Garavo / Volim Diku, Dika Za Mnom Gine",1975.0,,,,,,,,,,,,,,,,,,,,,,,,"1975.0-Oko Moje Plavo I Garavo / Volim Diku, Dika Za Mnom Gine","1975.0-Oko Moje Plavo I Garavo / Volim Diku, Dika Za Mnom Gine"
Krunoslav Kićo Slabinac,Krunoslav Kićo Slabinac,"Kol'kor Kapljic, Tol'ko Let",,,"Kol'kor Kapljic, Tol'ko Let / So Očka Mi D'jali",1975.0,,,,,,,,,,,,,,,,,,,,,,,,"1975.0-Kol'kor Kapljic, Tol'ko Let / So Očka Mi D'jali","1975.0-Kol'kor Kapljic, Tol'ko Let / So Očka Mi D'jali"
Krunoslav Kićo Slabinac,Krunoslav Kićo Slabinac,So Očka Mi D'jali,,,"Kol'kor Kapljic, Tol'ko Let / So Očka Mi D'jali",1975.0,,,,,,,,,,,,,,,,,,,,,,,,"1975.0-Kol'kor Kapljic, Tol'ko Let / So Očka Mi D'jali","1975.0-Kol'kor Kapljic, Tol'ko Let / So Očka Mi D'jali"
Krunoslav Kićo Slabinac,Krunoslav Kićo Slabinac,Hej Bećari,,,Hej Bećari,,Ante Gardaš,,Traditional,,,,,,,,,,,,,,,,,,,,,nan-Hej Bećari,nan-Hej Bećari
Krunoslav Kićo Slabinac,Krunoslav Kićo Slabinac,Ne Plači Draga,,,Hej Bećari,,Stjepan Babić,,Traditional,,,,,,,,,,,,,,,,,,,,,nan-Hej Bećari,nan-Hej Bećari/2015.0-50 Originalnih Pjesama
Krunoslav Kićo Slabinac,Krunoslav Kićo Slabinac,Gori Lampa Na Srid Vinkovaca,,,Hej Bećari,,,,,,,,,,,,,,,,,,,,,,,,,nan-Hej Bećari,nan-Hej Bećari
Krunoslav Kićo Slabinac,Krunoslav Kićo Slabinac,Crne Oči Dobro Vide,,,Hej Bećari,,,,,,,,,,,,,,,,,,,,,,,,,nan-Hej Bećari,nan-Hej Bećari/2006.0-Zlatna Kolekcija
Krunoslav Kićo Slabinac,Krunoslav Kićo Slabinac,Peče Čiča Rakiju,,,Hej Bećari,,,,,,,,,,,,,,,,,,,,,,,,,nan-Hej Bećari,nan-Hej Bećari/1984.0-Kad Čujem Tambure/2010.0-Vesela Je Šokadija/nan-Untitled
Krunoslav Kićo Slabinac,Krunoslav Kićo Slabinac,Svekrva,,,Hej Bećari,,,,,,,,,,,,,,,,,,,,,,,,,nan-Hej Bećari,nan-Hej Bećari
Krunoslav Kićo Slabinac,Krunoslav Kićo Slabinac,Slavonsko Kolo,,,Hej Bećari,,,,,,,,,,,,,,,,,,,,,,,,,nan-Hej Bećari,nan-Hej Bećari/2006.0-Zlatna Kolekcija/2015.0-50 Originalnih Pjesama
Krunoslav Kićo Slabinac,Krunoslav Kićo Slabinac,Zora Rudi,,,Hej Bećari,,,,,,,,,,,,,,,,,,,,,,,,,nan-Hej Bećari,nan-Hej Bećari/1984.0-Kad Čujem Tambure
Krunoslav Kićo Slabinac,Krunoslav Kićo Slabinac,Tekla Voda Karašica,,,Hej Bećari,,,,,,,,,,,,,,,,,,,,,,,,,nan-Hej Bećari,nan-Hej Bećari/2010.0-Vesela Je Šokadija/nan-Untitled
Krunoslav Kićo Slabinac,Krunoslav Kićo Slabinac,Našim Šorom Jagodo,,,Hej Bećari,,,,,,,,,,,,,,,,,,,,,,,,,nan-Hej Bećari,nan-Hej Bećari
Krunoslav Kićo Slabinac,Krunoslav Kićo Slabinac,"Digni Kajo, Kraj Od Šlingeraja",,,Hej Bećari,,,,,,,,,,,,,,,,,,,,,,,,,nan-Hej Bećari,nan-Hej Bećari
Krunoslav Kićo Slabinac,Krunoslav Kićo Slabinac,Vesela Je Šokadija,,,Hej Bećari,,,,,,,,,,,,,,,,,,,,,,,,,nan-Hej Bećari,nan-Hej Bećari/2006.0-Zlatna Kolekcija/2010.0-Vesela Je Šokadija/nan-Untitled/2015.0-50 Originalnih Pjesama
Krunoslav Kićo Slabinac,Krunoslav Kićo Slabinac,Ja Kakva Je Na Bendbaši Trava,,Đorđe Novković,Ja Kakva Je Na Bendbaši Trava,1976.0,,,,,,,,,,,,,,,,,,,,,,,,1976.0-Ja Kakva Je Na Bendbaši Trava,1976.0-Ja Kakva Je Na Bendbaši Trava/nan-Pružimo Si Ruke/nan-Najveći Uspjesi Četvorice Najvećih
Krunoslav Kićo Slabinac,Krunoslav Kićo Slabinac,Šeherezada,,,Ja Kakva Je Na Bendbaši Trava,1976.0,Radmila Mudrinić,Mladen Jeličić,Dušan Šarac,,,,,,,,,,,,,,,,,,,,,1976.0-Ja Kakva Je Na Bendbaši Trava,1976.0-Ja Kakva Je Na Bendbaši Trava/nan-Pružimo Si Ruke/nan-Najveći Uspjesi Četvorice Najvećih
Krunoslav Kićo Slabinac,Krunoslav Kićo Slabinac,Ostala Je Samo Želja,,,Ostala Je Samo Želja / Digni Glavu Brate,1976.0,Krunoslav Kićo Slabinac,,,,,,,,,,,,,,,,,,,,,,,1976.0-Ostala Je Samo Želja / Digni Glavu Brate,1976.0-Ostala Je Samo Želja / Digni Glavu Brate/nan-Najveći Uspjesi Četvorice Najvećih
Krunoslav Kićo Slabinac,Krunoslav Kićo Slabinac,Digni Glavu Brate,,,Ostala Je Samo Želja / Digni Glavu Brate,1976.0,Ante Gardaš,,,,,,,,,,,,,,,,,,,,,,,1976.0-Ostala Je Samo Želja / Digni Glavu Brate,1976.0-Ostala Je Samo Želja / Digni Glavu Brate
Krunoslav Kićo Slabinac,Krunoslav Kićo Slabinac,Bagat,,,Bagat,1976.0,,,,,,,,,,,,,,,,,,,,,,,,1976.0-Bagat,1976.0-Bagat
Krunoslav Kićo Slabinac,Krunoslav Kićo Slabinac,Bagat (Instrumental),,,Bagat,1976.0,,,,,,,,,,,,,,,,,,,,,,,,1976.0-Bagat,1976.0-Bagat
Krunoslav Kićo Slabinac,Krunoslav Kićo Slabinac,Dobri Stari Radio,,,Dobri Stari Radio,1976.0,,,,,,,,,,,,,,,,,,,,,,,,1976.0-Dobri Stari Radio,1976.0-Dobri Stari Radio
Krunoslav Kićo Slabinac,Krunoslav Kićo Slabinac,Želimo Vam Laku I Ugodnu Noć,,,Dobri Stari Radio,1976.0,,,,,,,,,,,,,,,,,,,,,,,,1976.0-Dobri Stari Radio,1976.0-Dobri Stari Radio
Krunoslav Kićo Slabinac,Krunoslav Kićo Slabinac,Jedna Jedina Od Svih Žena,3:28,,Pružimo Si Ruke,,Ivica Krajač,Krunoslav Kićo Slabinac,Krunoslav Kićo Slabinac,,,,,,,,,,,,,,,,,,,,,nan-Pružimo Si Ruke,nan-Pružimo Si Ruke/1977.0-Varaš Me Ti / Jedna Jedina Od Svih Žena/nan-Najveći Uspjesi Četvorice Najvećih
Krunoslav Kićo Slabinac,Krunoslav Kićo Slabinac,Otišla Je,3:55,,Pružimo Si Ruke,,Vesna Lukatela,Branko Fućak,Branko Fućak,,,,,,,,,,,,,,,,,,,,,nan-Pružimo Si Ruke,nan-Pružimo Si Ruke
Krunoslav Kićo Slabinac,Krunoslav Kićo Slabinac,Pružimo Si Ruke,3:12,,Pružimo Si Ruke,,Krunoslav Kićo Slabinac,Krunoslav Kićo Slabinac,Krunoslav Kićo Slabinac,,,,,,,,,,,,,,,,,,,,,nan-Pružimo Si Ruke,nan-Pružimo Si Ruke
Krunoslav Kićo Slabinac,Krunoslav Kićo Slabinac,Samo Jednom Sve Se Daje,3:45,,Pružimo Si Ruke,,Krunoslav Kićo Slabinac,Ivan Kelemen,Ladislav Štaidl,,,,,,,,,,,,,,,,,,,,,nan-Pružimo Si Ruke,nan-Pružimo Si Ruke
Krunoslav Kićo Slabinac,Krunoslav Kićo Slabinac,Ja Moram Na Put,2:20,,Pružimo Si Ruke,,Ivica Krajač,Krunoslav Kićo Slabinac,Krunoslav Kićo Slabinac,,,,,,,,,,,,,,,,,,,,,nan-Pružimo Si Ruke,"nan-Pružimo Si Ruke/1977.0-Karnevali, Karnevali"
Krunoslav Kićo Slabinac,Krunoslav Kićo Slabinac,Moj Dio Svijeta,,,Pružimo Si Ruke,,Dragutin Britvić,Krunoslav Kićo Slabinac,Dalibor Paulik,,,,,,,,,,,,,,,,,,,,,nan-Pružimo Si Ruke,nan-Pružimo Si Ruke
Krunoslav Kićo Slabinac,Krunoslav Kićo Slabinac,Ponekad,3:20,,Pružimo Si Ruke,,Maja Perfiljeva,Ivan Kelemen,Ivan Kelemen,,,,,,,,,,,,,,,,,,,,,nan-Pružimo Si Ruke,nan-Pružimo Si Ruke
Krunoslav Kićo Slabinac,Krunoslav Kićo Slabinac,Život Piše Tužne Priče,3:21,,Pružimo Si Ruke,,Ivica Krajač,Ivan Kelemen,Ivan Kelemen,,,,,,,,,,,,,,,,,,,,,nan-Pružimo Si Ruke,nan-Pružimo Si Ruke
Krunoslav Kićo Slabinac,Krunoslav Kićo Slabinac,Monotonija,2:40,,Pružimo Si Ruke,,Ivica Krajač,Ivan Kelemen,Ivan Kelemen,,,,,,,,,,,,,,,,,,,,,nan-Pružimo Si Ruke,nan-Pružimo Si Ruke
Krunoslav Kićo Slabinac,Krunoslav Kićo Slabinac,Da Sam Tvoje Riječi Slušao Majko,,,Da Sam Tvoje Riječi Slušao Majko,,Arsen Dedić,Ivan Kelemen,Krunoslav Kićo Slabinac,,,,,,,,,,,,,,,,,,,,,nan-Da Sam Tvoje Riječi Slušao Majko,nan-Da Sam Tvoje Riječi Slušao Majko/nan-Da L' Se Sjećaš/2006.0-Zlatna Kolekcija/2007.0-The Platinum Collection
Krunoslav Kićo Slabinac,Krunoslav Kićo Slabinac,Varaš Me Ti,,Udo Jürgens,Varaš Me Ti / Jedna Jedina Od Svih Žena,1977.0,,Željko Sabol,,,,,,,,,,,,,,,,,,,,,,1977.0-Varaš Me Ti / Jedna Jedina Od Svih Žena,1977.0-Varaš Me Ti / Jedna Jedina Od Svih Žena/nan-Najveći Uspjesi Četvorice Najvećih
Krunoslav Kićo Slabinac,Krunoslav Kićo Slabinac,Glas Dječaka,,,Glas Dječaka / Daj Obećanje,1977.0,Ivica Kasumović,Rajmond Ruić,Đorđe Novković,,,,,,,,,,,,,,,,,,,,,1977.0-Glas Dječaka / Daj Obećanje,1977.0-Glas Dječaka / Daj Obećanje/2007.0-The Platinum Collection/2010.0-Najljepše Ljubavne Pjesme
Krunoslav Kićo Slabinac,Krunoslav Kićo Slabinac,Daj Obećanje,,,Glas Dječaka / Daj Obećanje,1977.0,Ivica Krajač,Alfi Kabiljo,Alfi Kabiljo,,,,,,,,,,,,,,,,,,,,,1977.0-Glas Dječaka / Daj Obećanje,1977.0-Glas Dječaka / Daj Obećanje
Krunoslav Kićo Slabinac,Krunoslav Kićo Slabinac,"Karnevali, Karnevali",4:25,,"Karnevali, Karnevali",1977.0,,Nikica Kalogjera,,,,,,,,,,,,,,,,,,,,,,"1977.0-Karnevali, Karnevali","1977.0-Karnevali, Karnevali"
Krunoslav Kićo Slabinac,Krunoslav Kićo Slabinac,"Rico, Moja Zlatna Rico",,,"Rico, Moja Zlatna Rico",1977.0,,,,,,,,,,,,,,,,,,,,,,,,"1977.0-Rico, Moja Zlatna Rico","1977.0-Rico, Moja Zlatna Rico/nan-Najveći Uspjesi Četvorice Najvećih"
Krunoslav Kićo Slabinac,Krunoslav Kićo Slabinac,U Znamenju Raka,,,"Rico, Moja Zlatna Rico",1977.0,,,,,,,,,,,,,,,,,,,,,,,,"1977.0-Rico, Moja Zlatna Rico","1977.0-Rico, Moja Zlatna Rico"
Krunoslav Kićo Slabinac,Krunoslav Kićo Slabinac,Putovi,,,"Putovi / Složna Srca, Složno Rade",1977.0,Dragutin Britvić,Đelo Jusić,Branko Mihaljević,,,,,,,,,,,,,,,,,,,,,"1977.0-Putovi / Složna Srca, Složno Rade","1977.0-Putovi / Složna Srca, Složno Rade"
Krunoslav Kićo Slabinac,Krunoslav Kićo Slabinac,"Složna Srca, Složno Rade",,,"Putovi / Složna Srca, Složno Rade",1977.0,Olga Simović,Andrej Baša,Andrej Baša,,,,,,,,,,,,,,,,,,,,,"1977.0-Putovi / Složna Srca, Složno Rade","1977.0-Putovi / Složna Srca, Složno Rade"
Krunoslav Kićo Slabinac,Krunoslav Kićo Slabinac,Violeta,,,Violeta / Duga Zimska Noć,1978.0,Radmila Mudrinić,,,,,,,,,,,,,,,,,,,,,,,1978.0-Violeta / Duga Zimska Noć,1978.0-Violeta / Duga Zimska Noć/2007.0-The Platinum Collection/2015.0-50 Originalnih Pjesama
Krunoslav Kićo Slabinac,Krunoslav Kićo Slabinac,Duga Zimska Noć,,,Violeta / Duga Zimska Noć,1978.0,Aleksandar Korać,,,,,,,,,,,,,,,,,,,,,,,1978.0-Violeta / Duga Zimska Noć,1978.0-Violeta / Duga Zimska Noć
Krunoslav Kićo Slabinac,Krunoslav Kićo Slabinac,Pusti Noćas Svoje Kose,,,Pusti Noćas Svoje Kose,1978.0,Bratislav Zlatanović,Alfi Kabiljo,Đorđe Novković,,,,,,,,,,,,,,,,,,,,,1978.0-Pusti Noćas Svoje Kose,1978.0-Pusti Noćas Svoje Kose/2005.0-Pusti Da Te Prebolim/2006.0-Zlatna Kolekcija/2007.0-The Platinum Collection/2010.0-Najljepše Ljubavne Pjesme/2015.0-50 Originalnih Pjesama
Krunoslav Kićo Slabinac,Krunoslav Kićo Slabinac,"Bila Je Tako Lijepa, Bila Je Tako Mlada",,Đorđe Novković,Pusti Noćas Svoje Kose,1978.0,,Darko Lukač,,,,,,,,,,,,,,,,,,,,,,1978.0-Pusti Noćas Svoje Kose,1978.0-Pusti Noćas Svoje Kose
Krunoslav Kićo Slabinac,Krunoslav Kićo Slabinac,Sve Bih Dao Da Te Nađem,,,Pusti Noćas Svoje Kose,1978.0,Željko Sabol,Ivan Kelemen,Ivan Kelemen,,,,,,,,,,,,,,,,,,,,,1978.0-Pusti Noćas Svoje Kose,1978.0-Pusti Noćas Svoje Kose
Krunoslav Kićo Slabinac,Krunoslav Kićo Slabinac,Povratak,,,Pusti Noćas Svoje Kose,1978.0,Dobriša Cesarić,Stipica Kalogjera,Zdenko Runjić,,,,,,,,,,,,,,,,,,,,,1978.0-Pusti Noćas Svoje Kose,1978.0-Pusti Noćas Svoje Kose
Krunoslav Kićo Slabinac,Krunoslav Kićo Slabinac,Dan Koji Se Pamti,,,Pusti Noćas Svoje Kose,1978.0,Ivica Kasumović,Alfi Kabiljo,Alfi Kabiljo,,,,,,,,,,,,,,,,,,,,,1978.0-Pusti Noćas Svoje Kose,1978.0-Pusti Noćas Svoje Kose/nan-Sve Najbolje!/2006.0-Zlatna Kolekcija/2010.0-Najljepše Ljubavne Pjesme/2015.0-50 Originalnih Pjesama
Krunoslav Kićo Slabinac,Krunoslav Kićo Slabinac,Samo Tako,,Miljenko Janić,Pusti Noćas Svoje Kose,1978.0,,Darko Lukač,,,,,,,,,,,,,,,,,,,,,,1978.0-Pusti Noćas Svoje Kose,1978.0-Pusti Noćas Svoje Kose/1978.0-Dan Koji Se Pamti / Samo Tako
Krunoslav Kićo Slabinac,Krunoslav Kićo Slabinac,Ima Dana,,Traditional,Pusti Noćas Svoje Kose,1978.0,,Ivica Kasumović,,,,,,,,,,,,,,,,,,,,,,1978.0-Pusti Noćas Svoje Kose,1978.0-Pusti Noćas Svoje Kose
Krunoslav Kićo Slabinac,Krunoslav Kićo Slabinac,Sve Što Radiš Sebi Radiš,,,Pusti Noćas Svoje Kose,1978.0,Ante Juroš,Rajmond Ruić,Đorđe Novković,,,,,,,,,,,,,,,,,,,,,1978.0-Pusti Noćas Svoje Kose,1978.0-Pusti Noćas Svoje Kose
Krunoslav Kićo Slabinac,Krunoslav Kićo Slabinac,Još Uvijek Volim Te,,Darko Lukač,Pusti Noćas Svoje Kose,1978.0,Krunoslav Kićo Slabinac,Darko Lukač,,,,,,,,,,,,,,,,,,,,,,1978.0-Pusti Noćas Svoje Kose,1978.0-Pusti Noćas Svoje Kose
Krunoslav Kićo Slabinac,Krunoslav Kićo Slabinac,Oboje Smo Krivi,,,Pusti Noćas Svoje Kose,1978.0,Željko Sabol,Ivan Kelemen,Ivan Kelemen,,,,,,,,,,,,,,,,,,,,,1978.0-Pusti Noćas Svoje Kose,1978.0-Pusti Noćas Svoje Kose/nan-Sve Najbolje!/2007.0-The Platinum Collection/2010.0-Najljepše Ljubavne Pjesme
Krunoslav Kićo Slabinac,Krunoslav Kićo Slabinac,Južni Vjetar,,,Pusti Noćas Svoje Kose,1978.0,Krsto Juras,Alfi Kabiljo,Alfi Kabiljo,,,,,,,,,,,,,,,,,,,,,1978.0-Pusti Noćas Svoje Kose,1978.0-Pusti Noćas Svoje Kose
Krunoslav Kićo Slabinac,Krunoslav Kićo Slabinac,Oči Davnih Ljubavnika,,,Pusti Noćas Svoje Kose,1978.0,Jakov Džolić,Stipica Kalogjera,Zdenko Runjić,,,,,,,,,,,,,,,,,,,,,1978.0-Pusti Noćas Svoje Kose,1978.0-Pusti Noćas Svoje Kose
Krunoslav Kićo Slabinac,Krunoslav Kićo Slabinac,Dan Koji Se Pamti ,,,Dan Koji Se Pamti / Samo Tako,1978.0,,,,,,,,,,,,,,,,,,,,,,,,1978.0-Dan Koji Se Pamti / Samo Tako,1978.0-Dan Koji Se Pamti / Samo Tako
Krunoslav Kićo Slabinac,Krunoslav Kićo Slabinac,Još I Danas Teku Suze Jedne Žene,3:20,,Najveći Uspjesi Četvorice Najvećih,,Namik Tarabić,,,,,,,,,,,,,,,,,,,,,,,nan-Najveći Uspjesi Četvorice Najvećih,nan-Najveći Uspjesi Četvorice Najvećih
Krunoslav Kićo Slabinac,Krunoslav Kićo Slabinac,Bez Rastanka Suza Nema,3:50,,Najveći Uspjesi Četvorice Najvećih,,,,,,,,,,,,,,,,,,,,,,,,,nan-Najveći Uspjesi Četvorice Najvećih,nan-Najveći Uspjesi Četvorice Najvećih
Krunoslav Kićo Slabinac,Krunoslav Kićo Slabinac,Noć Ti Dira Kose Crne,3:50,,Najveći Uspjesi Četvorice Najvećih,,Dragutin Britvić,,Dušan Šarac,,,,,,,,,,,,,,,,,,,,,nan-Najveći Uspjesi Četvorice Najvećih,nan-Najveći Uspjesi Četvorice Najvećih
Krunoslav Kićo Slabinac,Krunoslav Kićo Slabinac,Drugi Joj Raspliće Kosu A Ja Je Volim,3:35,,Najveći Uspjesi Četvorice Najvećih,,,,,,,,,,,,,,,,,,,,,,,,,nan-Najveći Uspjesi Četvorice Najvećih,nan-Najveći Uspjesi Četvorice Najvećih
Krunoslav Kićo Slabinac,Krunoslav Kićo Slabinac,Ne Mogu Da Te Zaboravim,3:50,,Najveći Uspjesi Četvorice Najvećih,,,,,,,,,,,,,,,,,,,,,,,,,nan-Najveći Uspjesi Četvorice Najvećih,nan-Najveći Uspjesi Četvorice Najvećih
Krunoslav Kićo Slabinac,Krunoslav Kićo Slabinac,Obala Mojih Snova,3:45,,Najveći Uspjesi Četvorice Najvećih,,Dušan Šarac,,Dušan Šarac,,,,,,,,,,,,,,,,,,,,,nan-Najveći Uspjesi Četvorice Najvećih,nan-Najveći Uspjesi Četvorice Najvećih
Krunoslav Kićo Slabinac,Krunoslav Kićo Slabinac,Vratija Se Barba Iz Amerike,3:30,,Najveći Uspjesi Četvorice Najvećih,,,Dečo Žgur,,,,,,,,,,,,,,,,,,,,,,nan-Najveći Uspjesi Četvorice Najvećih,nan-Najveći Uspjesi Četvorice Najvećih
Krunoslav Kićo Slabinac,Krunoslav Kićo Slabinac,Djevojčica Sa Tužnim Očima,3:00,,Najveći Uspjesi Četvorice Najvećih,,,,,,,,,,,,,,,,,,,,,,,,,nan-Najveći Uspjesi Četvorice Najvećih,nan-Najveći Uspjesi Četvorice Najvećih
Krunoslav Kićo Slabinac,Krunoslav Kićo Slabinac,Ne Mogu Nikog Voljeti Poslije Tebe,3:10,,Najveći Uspjesi Četvorice Najvećih,,,,,,,,,,,,,,,,,,,,,,,,,nan-Najveći Uspjesi Četvorice Najvećih,nan-Najveći Uspjesi Četvorice Najvećih
Krunoslav Kićo Slabinac,Krunoslav Kićo Slabinac,"Tužno Plačem, Kuću Ostavljam",4:25,,Najveći Uspjesi Četvorice Najvećih,,,,,,,,,,,,,,,,,,,,,,,,,nan-Najveći Uspjesi Četvorice Najvećih,nan-Najveći Uspjesi Četvorice Najvećih
Krunoslav Kićo Slabinac,Krunoslav Kićo Slabinac,Da Li Znaš Kako Tvoja Majka Plače,3:52,,Najveći Uspjesi Četvorice Najvećih,,,,,,,,,,,,,,,,,,,,,,,,,nan-Najveći Uspjesi Četvorice Najvećih,nan-Najveći Uspjesi Četvorice Najvećih
Krunoslav Kićo Slabinac,Krunoslav Kićo Slabinac,Šjor Bepo Kapitan,4:25,,Najveći Uspjesi Četvorice Najvećih,,,,,,,,,,,,,,,,,,,,,,,,,nan-Najveći Uspjesi Četvorice Najvećih,nan-Najveći Uspjesi Četvorice Najvećih
Krunoslav Kićo Slabinac,Krunoslav Kićo Slabinac,Riječi Pomirenja,3:40,,Najveći Uspjesi Četvorice Najvećih,,,,,,,,,,,,,,,,,,,,,,,,,nan-Najveći Uspjesi Četvorice Najvećih,nan-Najveći Uspjesi Četvorice Najvećih
Krunoslav Kićo Slabinac,Krunoslav Kićo Slabinac,Znam Da Negdje Živi Žena,4:00,,Najveći Uspjesi Četvorice Najvećih,,,Stipica Kalogjera,,,,,,,,,,,,,,,,,,,,,,nan-Najveći Uspjesi Četvorice Najvećih,nan-Najveći Uspjesi Četvorice Najvećih
Krunoslav Kićo Slabinac,Krunoslav Kićo Slabinac,"Vjetri Šume, Riječi Nose",3:40,,Najveći Uspjesi Četvorice Najvećih,,,,,,,,,,,,,,,,,,,,,,,,,nan-Najveći Uspjesi Četvorice Najvećih,nan-Najveći Uspjesi Četvorice Najvećih
Krunoslav Kićo Slabinac,Krunoslav Kićo Slabinac,Netko Te Tajno Voli,4:00,,Najveći Uspjesi Četvorice Najvećih,,,,,,,,,,,,,,,,,,,,,,,,,nan-Najveći Uspjesi Četvorice Najvećih,nan-Najveći Uspjesi Četvorice Najvećih
Krunoslav Kićo Slabinac,Krunoslav Kićo Slabinac,Povedi Me U Zanzibar,3:01,Manfred Oberdörffer,Najveći Uspjesi Četvorice Najvećih,,,Mladen Jeličić,,,,,,,,,,Željko Sabol,,,,,,,,,,,,nan-Najveći Uspjesi Četvorice Najvećih,nan-Najveći Uspjesi Četvorice Najvećih
Krunoslav Kićo Slabinac,Krunoslav Kićo Slabinac,Jedna Žena Čeka Brod,3:42,,Najveći Uspjesi Četvorice Najvećih,,,,Vladimir Delač,,,,,,,,,,,,,,,,,,,,,nan-Najveći Uspjesi Četvorice Najvećih,nan-Najveći Uspjesi Četvorice Najvećih
Krunoslav Kićo Slabinac,Krunoslav Kićo Slabinac,Kad Su Tukle Stare Ure,,,Kad Su Tukle Stare Ure / Rusule Ti Nosim,1979.0,Željko Krznarić,,Hrvoje Hegedušić,,,,,,,,,,,,,,,,,,,,,1979.0-Kad Su Tukle Stare Ure / Rusule Ti Nosim,1979.0-Kad Su Tukle Stare Ure / Rusule Ti Nosim/2015.0-50 Originalnih Pjesama/2017.0-Cvijet Čežnje - Kićo Dalmaciji
Krunoslav Kićo Slabinac,Krunoslav Kićo Slabinac,Rusule Ti Nosim,,,Kad Su Tukle Stare Ure / Rusule Ti Nosim,1979.0,Dragutin Britvić,,Nikica Kalogjera,,,,,,,,,,,,,,,,,,,,,1979.0-Kad Su Tukle Stare Ure / Rusule Ti Nosim,1979.0-Kad Su Tukle Stare Ure / Rusule Ti Nosim
Krunoslav Kićo Slabinac,Krunoslav Kićo Slabinac,Seoska Sam Lola,,,Seoska Sam Lola,,,,,,,,,,,,,,,,,,,,,,,,,nan-Seoska Sam Lola,nan-Seoska Sam Lola/2006.0-Zlatna Kolekcija/2010.0-Vesela Je Šokadija/nan-Untitled/2015.0-50 Originalnih Pjesama
Krunoslav Kićo Slabinac,Krunoslav Kićo Slabinac,Kiša Pada Rosna Trava,,,Seoska Sam Lola,,,,,,,,,,,,,,,,,,,,,,,,,nan-Seoska Sam Lola,nan-Seoska Sam Lola
Krunoslav Kićo Slabinac,Krunoslav Kićo Slabinac,Škripi Đeram,,,Seoska Sam Lola,,,,,,,,,,,,,,,,,,,,,,,,,nan-Seoska Sam Lola,nan-Seoska Sam Lola/2006.0-Zlatna Kolekcija/2015.0-50 Originalnih Pjesama
Krunoslav Kićo Slabinac,Krunoslav Kićo Slabinac,Kabanica I Seksera,,,Seoska Sam Lola,,,,,,,,,,,,,,,,,,,,,,,,,nan-Seoska Sam Lola,nan-Seoska Sam Lola
Krunoslav Kićo Slabinac,Krunoslav Kićo Slabinac,"Oj, Curice, Šil Dil Daj",,,Seoska Sam Lola,,,,,,,,,,,,,,,,,,,,,,,,,nan-Seoska Sam Lola,nan-Seoska Sam Lola/2006.0-Zlatna Kolekcija
Krunoslav Kićo Slabinac,Krunoslav Kićo Slabinac,Tandora,,,Seoska Sam Lola,,,,,,,,,,,,,,,,,,,,,,,,,nan-Seoska Sam Lola,nan-Seoska Sam Lola
Krunoslav Kićo Slabinac,Krunoslav Kićo Slabinac,Sinoć Bila Mesečina,,,Seoska Sam Lola,,,,,,,,,,,,,,,,,,,,,,,,,nan-Seoska Sam Lola,nan-Seoska Sam Lola
Krunoslav Kićo Slabinac,Krunoslav Kićo Slabinac,Čija Frula Ovim Šorom Svira,,,Seoska Sam Lola,,,,,,,,,,,,,,,,,,,,,,,,,nan-Seoska Sam Lola,nan-Seoska Sam Lola
Krunoslav Kićo Slabinac,Krunoslav Kićo Slabinac,Golubice Bijela,,,Seoska Sam Lola,,,,,,,,,,,,,,,,,,,,,,,,,nan-Seoska Sam Lola,nan-Seoska Sam Lola/2006.0-Zlatna Kolekcija/2015.0-50 Originalnih Pjesama
Krunoslav Kićo Slabinac,Krunoslav Kićo Slabinac,Lipo Ti Je Rano Uraniti,,,Seoska Sam Lola,,,,,,,,,,,,,,,,,,,,,,,,,nan-Seoska Sam Lola,nan-Seoska Sam Lola
Krunoslav Kićo Slabinac,Krunoslav Kićo Slabinac,Čija Kola Klepeću Sokakom,,,Seoska Sam Lola,,,,,,,,,,,,,,,,,,,,,,,,,nan-Seoska Sam Lola,nan-Seoska Sam Lola
Krunoslav Kićo Slabinac,Krunoslav Kićo Slabinac,Alaj Volim U Kolu Igrati,,,Seoska Sam Lola,,,,,,,,,,,,,,,,,,,,,,,,,nan-Seoska Sam Lola,nan-Seoska Sam Lola
Krunoslav Kićo Slabinac,Krunoslav Kićo Slabinac,"Odrasti, Al' Ostani Mlada",,,"Odrasti, Al' Ostani Mlada / Ja Pjesmom Teram Tugu",1980.0,Dragutin Britvić,,,,,,,,,,,,,,,,,,,,,,,"1980.0-Odrasti, Al' Ostani Mlada / Ja Pjesmom Teram Tugu","1980.0-Odrasti, Al' Ostani Mlada / Ja Pjesmom Teram Tugu"
Krunoslav Kićo Slabinac,Krunoslav Kićo Slabinac,Ja Pjesmom Teram Tugu,,,"Odrasti, Al' Ostani Mlada / Ja Pjesmom Teram Tugu",1980.0,Krunoslav Kićo Slabinac,,,,,,,,,,,,,,,,,,,,,,,"1980.0-Odrasti, Al' Ostani Mlada / Ja Pjesmom Teram Tugu","1980.0-Odrasti, Al' Ostani Mlada / Ja Pjesmom Teram Tugu"
Krunoslav Kićo Slabinac,Krunoslav Kićo Slabinac,Veronika,,,Veronika / Sviraj Nam Rock,1980.0,Jakov Džolić,Darko Lukač,Sretan Bogdan,,,,,,,,,,,,,,,,,,,,,1980.0-Veronika / Sviraj Nam Rock,1980.0-Veronika / Sviraj Nam Rock
Krunoslav Kićo Slabinac,Krunoslav Kićo Slabinac,Sviraj Nam Rock (Jonny B. Godde),,Chuck Berry,Veronika / Sviraj Nam Rock,1980.0,Krunoslav Kićo Slabinac,,,,,,,,,,,,,,,,,,,,,,,1980.0-Veronika / Sviraj Nam Rock,1980.0-Veronika / Sviraj Nam Rock
Krunoslav Kićo Slabinac,Krunoslav Kićo Slabinac,Zemljo Moja Draga,,,Zemljo Moja Draga / Vratit Ću Se Jednog Dana,1981.0,,,,,,,,,,,,,,,,,,,,,,,,1981.0-Zemljo Moja Draga / Vratit Ću Se Jednog Dana,1981.0-Zemljo Moja Draga / Vratit Ću Se Jednog Dana
Krunoslav Kićo Slabinac,Krunoslav Kićo Slabinac,Vratit Ću Se Jednog Dana,,,Zemljo Moja Draga / Vratit Ću Se Jednog Dana,1981.0,,,,,,,,,,,,,,,,,,,,,,,,1981.0-Zemljo Moja Draga / Vratit Ću Se Jednog Dana,1981.0-Zemljo Moja Draga / Vratit Ću Se Jednog Dana
Krunoslav Kićo Slabinac,Krunoslav Kićo Slabinac,Rock Around The Clock,2:18,Max C. Freedman,Rock And Roll,,,,,,,,,,,,,,,,,,,,,,,,,nan-Rock And Roll,nan-Rock And Roll/nan-Rock' N' Roll ABC...
Krunoslav Kićo Slabinac,Krunoslav Kićo Slabinac,That's All Right,1:54,"Arthur ""Big Boy"" Crudup",Rock And Roll,,,,,,,,,,,,,,,,,,,,,,,,,nan-Rock And Roll,nan-Rock And Roll/nan-Rock' N' Roll ABC...
Krunoslav Kićo Slabinac,Krunoslav Kićo Slabinac,Blue Suede Shoes,2:02,Carl Perkins,Rock And Roll,,,,,,,,,,,,,,,,,,,,,,,,,nan-Rock And Roll,nan-Rock And Roll/nan-Rock' N' Roll ABC...
Krunoslav Kićo Slabinac,Krunoslav Kićo Slabinac,All Shook Up,1:28,Otis Blackwell,Rock And Roll,,,,,,,,,,,,,,,,,,,,,,,,,nan-Rock And Roll,nan-Rock And Roll/nan-Rock' N' Roll ABC...
Krunoslav Kićo Slabinac,Krunoslav Kićo Slabinac,Memphis Tennessee,2:40,Chuck Berry,Rock And Roll,,,,,,,,,,,,,,,,,,,,,,,,,nan-Rock And Roll,nan-Rock And Roll/nan-Rock' N' Roll ABC...
Krunoslav Kićo Slabinac,Krunoslav Kićo Slabinac,C. C. Rider,,Chuck Willis,Rock And Roll,,,,,,,,,,,,,,,,,,,,,,,,,nan-Rock And Roll,nan-Rock And Roll/nan-Rock' N' Roll ABC...
Krunoslav Kićo Slabinac,Krunoslav Kićo Slabinac,Summertime Blues,2:52,Jerry Capehart,Rock And Roll,,,,,,,,,,,,,,,,,,,,,,,,,nan-Rock And Roll,nan-Rock And Roll/nan-Rock And Roll 2/nan-Rock' N' Roll ABC...
Krunoslav Kićo Slabinac,Krunoslav Kićo Slabinac,Good Golly Miss Molly,2:02,Robert Blackwell,Rock And Roll,,,,,,,,,,,,,,,,,,,,,,,,,nan-Rock And Roll,nan-Rock And Roll/nan-Rock' N' Roll ABC...
Krunoslav Kićo Slabinac,Krunoslav Kićo Slabinac,Long Tall Sally,2:05,Robert Blackwell,Rock And Roll,,,,,,,,,,,,,,,,,,,,,,,,,nan-Rock And Roll,nan-Rock And Roll/nan-Rock' N' Roll ABC...
Krunoslav Kićo Slabinac,Krunoslav Kićo Slabinac,Whole Lot-Ta Shakin' Goin' On,2:17,Sunny David,Rock And Roll,,,,,,,,,,,,,,,,,,,,,,,,,nan-Rock And Roll,nan-Rock And Roll/nan-Rock' N' Roll ABC...
Krunoslav Kićo Slabinac,Krunoslav Kićo Slabinac,Sweet Little Sixteen,2:18,Chuck Berry,Rock And Roll,,,,,,,,,,,,,,,,,,,,,,,,,nan-Rock And Roll,nan-Rock And Roll/nan-Rock' N' Roll ABC...
Krunoslav Kićo Slabinac,Krunoslav Kićo Slabinac,Rock And Roll Music,2:30,Chuck Berry,Rock And Roll,,,,,,,,,,,,,,,,,,,,,,,,,nan-Rock And Roll,nan-Rock And Roll/nan-Rock And Roll 2/nan-Rock' N' Roll ABC...
Krunoslav Kićo Slabinac,Krunoslav Kićo Slabinac,Moj Marjane Adio,,,Moj Marjane Adio,1982.0,Jadranko Bračić,Stjepan Mihaljinec,Nenad Vilović,,,,,,,,,,,,,,,,,,,,,1982.0-Moj Marjane Adio,1982.0-Moj Marjane Adio
Krunoslav Kićo Slabinac,Krunoslav Kićo Slabinac,Zvončići,,Traditional,Sretna Nova !,1983.0,,,,,,,,,,,,,,,,,,,,,,,,1983.0-Sretna Nova !,1983.0-Sretna Nova !/1989.0-Stop Za Bajke
Krunoslav Kićo Slabinac,Krunoslav Kićo Slabinac,Svjetla U Noći,,Folk,Sretna Nova !,1983.0,,,,,,,,,,,,,,,,,,,,,,,,1983.0-Sretna Nova !,1983.0-Sretna Nova !
Krunoslav Kićo Slabinac,Krunoslav Kićo Slabinac,U To Vrijeme Godišta,,,Christmas With Kićo (Svim Na Zemlji Mir Veselje),,,,,,,,,,,,,,,,,,,,,,,,,nan-Christmas With Kićo (Svim Na Zemlji Mir Veselje),nan-Christmas With Kićo (Svim Na Zemlji Mir Veselje)
Krunoslav Kićo Slabinac,Krunoslav Kićo Slabinac,Svim Na Zemlji,,,Christmas With Kićo (Svim Na Zemlji Mir Veselje),,,,,,,,,,,,,,,,,,,,,,,,,nan-Christmas With Kićo (Svim Na Zemlji Mir Veselje),nan-Christmas With Kićo (Svim Na Zemlji Mir Veselje)/nan-Hrvatski Božić
Krunoslav Kićo Slabinac,Krunoslav Kićo Slabinac,"O, Pastiri, Čudo Novo",,,Christmas With Kićo (Svim Na Zemlji Mir Veselje),,,,,,,,,,,,,,,,,,,,,,,,,nan-Christmas With Kićo (Svim Na Zemlji Mir Veselje),nan-Christmas With Kićo (Svim Na Zemlji Mir Veselje)
Krunoslav Kićo Slabinac,Krunoslav Kićo Slabinac,Veselje Ti Navješćujem,,,Christmas With Kićo (Svim Na Zemlji Mir Veselje),,,,,,,,,,,,,,,,,,,,,,,,,nan-Christmas With Kićo (Svim Na Zemlji Mir Veselje),nan-Christmas With Kićo (Svim Na Zemlji Mir Veselje)
Krunoslav Kićo Slabinac,Krunoslav Kićo Slabinac,Djetešce Nam Se Rodilo,,,Christmas With Kićo (Svim Na Zemlji Mir Veselje),,,,,,,,,,,,,,,,,,,,,,,,,nan-Christmas With Kićo (Svim Na Zemlji Mir Veselje),nan-Christmas With Kićo (Svim Na Zemlji Mir Veselje)
Krunoslav Kićo Slabinac,Krunoslav Kićo Slabinac,Narodi Nam Se,,,Christmas With Kićo (Svim Na Zemlji Mir Veselje),,,,,,,,,,,,,,,,,,,,,,,,,nan-Christmas With Kićo (Svim Na Zemlji Mir Veselje),nan-Christmas With Kićo (Svim Na Zemlji Mir Veselje)
Krunoslav Kićo Slabinac,Krunoslav Kićo Slabinac,Radujte Se Narodi,,,Christmas With Kićo (Svim Na Zemlji Mir Veselje),,,,,,,,,,,,,,,,,,,,,,,,,nan-Christmas With Kićo (Svim Na Zemlji Mir Veselje),nan-Christmas With Kićo (Svim Na Zemlji Mir Veselje)/nan-Hrvatski Božić
Krunoslav Kićo Slabinac,Krunoslav Kićo Slabinac,Svjetla U Noći (Candlelight),,,Christmas With Kićo (Svim Na Zemlji Mir Veselje),,,,,,,,,,,,,,Mišo Doležal,,,,,,,,,,,nan-Christmas With Kićo (Svim Na Zemlji Mir Veselje),nan-Christmas With Kićo (Svim Na Zemlji Mir Veselje)
Krunoslav Kićo Slabinac,Krunoslav Kićo Slabinac,Zvončići (Jingle Bells),,,Christmas With Kićo (Svim Na Zemlji Mir Veselje),,,,,,,,,,,,,,Mišo Doležal,,,,,,,,,,,nan-Christmas With Kićo (Svim Na Zemlji Mir Veselje),nan-Christmas With Kićo (Svim Na Zemlji Mir Veselje)
Krunoslav Kićo Slabinac,Krunoslav Kićo Slabinac,Tiha Noć (Silent Night),,,Christmas With Kićo (Svim Na Zemlji Mir Veselje),,,,,,,,,,,,,,Mišo Doležal,,,,,,,,,,,nan-Christmas With Kićo (Svim Na Zemlji Mir Veselje),nan-Christmas With Kićo (Svim Na Zemlji Mir Veselje)
Krunoslav Kićo Slabinac,Krunoslav Kićo Slabinac,We Wish You A Merry Christmas,,,Christmas With Kićo (Svim Na Zemlji Mir Veselje),,,,,,,,,,,,,,,,,,,,,,,,,nan-Christmas With Kićo (Svim Na Zemlji Mir Veselje),nan-Christmas With Kićo (Svim Na Zemlji Mir Veselje)
Krunoslav Kićo Slabinac,Krunoslav Kićo Slabinac,Svatovac,,,Svatovac,,,Pero Nikolin,,,,,,,,,,,,,,,,,,,,,,nan-Svatovac,nan-Svatovac/1984.0-Svatovac / Svi Se Momci Oženiše/2006.0-Zlatna Kolekcija
Krunoslav Kićo Slabinac,Krunoslav Kićo Slabinac,Čučur Pjeva,,,Svatovac,,,Antun Nikolić,,,,,,,,,,,,,,,,,,,,,,nan-Svatovac,nan-Svatovac
Krunoslav Kićo Slabinac,Krunoslav Kićo Slabinac,"Aoj Meni, Neće Babo Da Me Ženi",,,Svatovac,,,Antun Nikolić,,,,,,,,,,,,,,,,,,,,,,nan-Svatovac,nan-Svatovac/1984.0-Kad Čujem Tambure
Krunoslav Kićo Slabinac,Krunoslav Kićo Slabinac,Tri Livade,,,Svatovac,,,Antun Nikolić,,,,,,,,,,,,,,,,,,,,,,nan-Svatovac,nan-Svatovac
Krunoslav Kićo Slabinac,Krunoslav Kićo Slabinac,Čizme Moje Na Bore,,,Svatovac,,,Antun Nikolić,,,,,,,,,,,,,,,,,,,,,,nan-Svatovac,nan-Svatovac
Krunoslav Kićo Slabinac,Krunoslav Kićo Slabinac,Slavonski Taraban,,,Svatovac,,,Krunoslav Kićo Slabinac,,,,,,,,,,,,,,,,,,,,,,nan-Svatovac,nan-Svatovac
Krunoslav Kićo Slabinac,Krunoslav Kićo Slabinac,Moj Nevene,,,Svatovac,,,Krunoslav Kićo Slabinac,,,,,,,,,,,,,,,,,,,,,,nan-Svatovac,nan-Svatovac
Krunoslav Kićo Slabinac,Krunoslav Kićo Slabinac,Jedno Jutro Čim Je Zora Svanula,,,Svatovac,,,Miroslav Gavrilović,,,,,,,,,,,,,,,,,,,,,,nan-Svatovac,nan-Svatovac
Krunoslav Kićo Slabinac,Krunoslav Kićo Slabinac,Kad Se Ćiro Oženio,,,Svatovac,,,Miroslav Gavrilović,,,,,,,,,,,,,,,,,,,,,,nan-Svatovac,nan-Svatovac
Krunoslav Kićo Slabinac,Krunoslav Kićo Slabinac,Kupi Mi Babo Volove,,,Svatovac,,,Antun Nikolić,,,,,,,,,,,,,,,,,,,,,,nan-Svatovac,nan-Svatovac/1984.0-Kad Čujem Tambure
Krunoslav Kićo Slabinac,Krunoslav Kićo Slabinac,Kumova Zdravica,,,Svatovac,,,Krunoslav Kićo Slabinac,,,,,,,,,,,,,,,,,,,,,,nan-Svatovac,nan-Svatovac/1984.0-Kad Čujem Tambure
Krunoslav Kićo Slabinac,Krunoslav Kićo Slabinac,Slavonski Bećarac,,Folk,Kad Čujem Tambure,1984.0,,Krunoslav Kićo Slabinac,,,,,,,,,,,,,,,,,,,,,,1984.0-Kad Čujem Tambure,1984.0-Kad Čujem Tambure/2006.0-Zlatna Kolekcija/2015.0-50 Originalnih Pjesama
Krunoslav Kićo Slabinac,Krunoslav Kićo Slabinac,Nisam Došo,,,Kad Čujem Tambure,1984.0,Vladimir Rešković,Darko Lukač,Krunoslav Kićo Slabinac,,,,,,,,,,,,,,,,,,,,,1984.0-Kad Čujem Tambure,1984.0-Kad Čujem Tambure
Krunoslav Kićo Slabinac,Krunoslav Kićo Slabinac,Stara Majka,,,Kad Čujem Tambure,1984.0,Vladimir Rešković,Antun Nikolić,Krunoslav Kićo Slabinac,,,,,,,,,,,,,,,,,,,,,1984.0-Kad Čujem Tambure,1984.0-Kad Čujem Tambure
Krunoslav Kićo Slabinac,Krunoslav Kićo Slabinac,Komšinica Ana,,,Kad Čujem Tambure,1984.0,Ante Gardaš,Antun Nikolić,Branko Mihaljević,,,,,,,,,,,,,,,,,,,,,1984.0-Kad Čujem Tambure,1984.0-Kad Čujem Tambure
Krunoslav Kićo Slabinac,Krunoslav Kićo Slabinac,"Teku Dani, Teku Cajti",3:18,,"Zagorja Sin / Teku Dani, Teku Cajti",1984.0,,,,,,,,,,,,,,,,,,,,,,,,"1984.0-Zagorja Sin / Teku Dani, Teku Cajti","1984.0-Zagorja Sin / Teku Dani, Teku Cajti/1993.0-Daj Mi Još Jemput Zapopevaj"
Krunoslav Kićo Slabinac,Krunoslav Kićo Slabinac,Zagorja Sin,4:08,,"Zagorja Sin / Teku Dani, Teku Cajti",1984.0,,,,,,,,,,,,,,,,,,,,,,,,"1984.0-Zagorja Sin / Teku Dani, Teku Cajti","1984.0-Zagorja Sin / Teku Dani, Teku Cajti/1993.0-Daj Mi Još Jemput Zapopevaj"
Krunoslav Kićo Slabinac,Krunoslav Kićo Slabinac,Dok Sanjaš,,,Dok Sanjaš,,Maja Perfiljeva,Igor Savin,Krunoslav Kićo Slabinac,,,,,,,,,,,,,,,,,,,,,nan-Dok Sanjaš,nan-Dok Sanjaš
Krunoslav Kićo Slabinac,Krunoslav Kićo Slabinac,Javi Se U Tri,,,Dok Sanjaš,,Mario Mihaljević,Igor Savin,Darko Lukač,,,,,,,,,,,,,,,,,,,,,nan-Dok Sanjaš,nan-Dok Sanjaš
Krunoslav Kićo Slabinac,Krunoslav Kićo Slabinac,Sjećanja,,Krunoslav Kićo Slabinac,Dok Sanjaš,,,Igor Savin,,,,,,,,,,,,,,,,,,,,,,nan-Dok Sanjaš,nan-Dok Sanjaš
Krunoslav Kićo Slabinac,Krunoslav Kićo Slabinac,Nismo Stari Još Za Rock,,,Dok Sanjaš,,Željko Krznarić,Darko Lukač,Krunoslav Kićo Slabinac,,,,,,,,,,,,,,,,,,,,,nan-Dok Sanjaš,nan-Dok Sanjaš
Krunoslav Kićo Slabinac,Krunoslav Kićo Slabinac,Baš Me Briga Za Sve,,Vladimir Kočiš,Dok Sanjaš,,,Vladimir Kočiš,,,,,,,,,,,,,,,,,,,,,,nan-Dok Sanjaš,nan-Dok Sanjaš
Krunoslav Kićo Slabinac,Krunoslav Kićo Slabinac,Pjesma O Staroj Gitari,,Krunoslav Kićo Slabinac,Dok Sanjaš,,,Igor Savin,,,,,,,,,,,,,,,,,,,,,,nan-Dok Sanjaš,nan-Dok Sanjaš
Krunoslav Kićo Slabinac,Krunoslav Kićo Slabinac,Ne Laži,,,Dok Sanjaš,,Zlata Miletić,Igor Savin,,,F. Bryant,,,,,,,,,,,,,,,,,,,nan-Dok Sanjaš,nan-Dok Sanjaš
Krunoslav Kićo Slabinac,Krunoslav Kićo Slabinac,Zar Tako Ostalo Je Malo,,,Dok Sanjaš,,Dragutin Britvić,Vladimir Kočiš,Vladimir Kočiš,,,,,,,,,,,,,,,,,,,,,nan-Dok Sanjaš,nan-Dok Sanjaš
Krunoslav Kićo Slabinac,Krunoslav Kićo Slabinac,Pozovi Me,,Mario Mihaljević,Dok Sanjaš,,,Igor Savin,,,,,,,,,,,,,,,,,,,,,,nan-Dok Sanjaš,nan-Dok Sanjaš/2007.0-The Platinum Collection/2015.0-50 Originalnih Pjesama
Krunoslav Kićo Slabinac,Krunoslav Kićo Slabinac,Čekaj Dan,,,Dok Sanjaš,,Željko Krznarić,Igor Savin,Darko Lukač,,,,,,,,,,,,,,,,,,,,,nan-Dok Sanjaš,nan-Dok Sanjaš
Krunoslav Kićo Slabinac,Krunoslav Kićo Slabinac,Samo Pričaj,,,Dok Sanjaš,,Željko Krznarić,Darko Lukač,Daniel Popović,,,,,,,,,,,,,,,,,,,,,nan-Dok Sanjaš,nan-Dok Sanjaš
Krunoslav Kićo Slabinac,Krunoslav Kićo Slabinac,Balada O Valceru,,,Dok Sanjaš,,Maja Perfiljeva,Igor Savin,Krunoslav Kićo Slabinac,,,,,,,,,,,,,,,,,,,,,nan-Dok Sanjaš,nan-Dok Sanjaš
Krunoslav Kićo Slabinac,Krunoslav Kićo Slabinac,"Stani Suzo, Stani ",,,"Stani Suzo, Stani / Nina",1985.0,,,,,,,,,,,,,,,,,,,,,,,,"1985.0-Stani Suzo, Stani / Nina","1985.0-Stani Suzo, Stani / Nina"
Krunoslav Kićo Slabinac,Krunoslav Kićo Slabinac,Nina,,,"Stani Suzo, Stani / Nina",1985.0,,,,,,,,,,,,,,,,,,,,,,,,"1985.0-Stani Suzo, Stani / Nina","1985.0-Stani Suzo, Stani / Nina/nan-Stani Suzo/2007.0-The Platinum Collection/2010.0-Najljepše Ljubavne Pjesme/2015.0-50 Originalnih Pjesama"
Krunoslav Kićo Slabinac,Krunoslav Kićo Slabinac,Početak,,,Jugoton Express,1985.0,,,,,,,,,,,,,,,,,,,,,,,,1985.0-Jugoton Express,1985.0-Jugoton Express/1985.0-Jugoton Express/1986.0-Jugoton Express/1986.0-Jugoton Express/0.0-Jugoton Express/0.0-Jugoton Express
Krunoslav Kićo Slabinac,Krunoslav Kićo Slabinac,Nastavak,,,Jugoton Express,1985.0,,,,,,,,,,,,,,,,,,,,,,,,1985.0-Jugoton Express,1985.0-Jugoton Express/1985.0-Jugoton Express/1986.0-Jugoton Express/1986.0-Jugoton Express/0.0-Jugoton Express/0.0-Jugoton Express
Krunoslav Kićo Slabinac,Krunoslav Kićo Slabinac,"Shake, Rattle And Roll",,,Rock And Roll 2,,,,,,,,,,,,,,,,,,,,,,,,,nan-Rock And Roll 2,nan-Rock And Roll 2/nan-Rock' N' Roll ABC...
Krunoslav Kićo Slabinac,Krunoslav Kićo Slabinac,Let's Have A Party,,,Rock And Roll 2,,,,,,,,,,,,,,,,,,,,,,,,,nan-Rock And Roll 2,nan-Rock And Roll 2/nan-Rock' N' Roll ABC...
Krunoslav Kićo Slabinac,Krunoslav Kićo Slabinac,Rip It Up,,,Rock And Roll 2,,,,,,,,,,,,,,,,,,,,,,,,,nan-Rock And Roll 2,nan-Rock And Roll 2/nan-Rock' N' Roll ABC...
Krunoslav Kićo Slabinac,Krunoslav Kićo Slabinac,Be-Bop-A-Lula,,,Rock And Roll 2,,,,,,,,,,,,,,,,,,,,,,,,,nan-Rock And Roll 2,nan-Rock And Roll 2/nan-Rock' N' Roll ABC...
Krunoslav Kićo Slabinac,Krunoslav Kićo Slabinac,Tutti Frutti,,,Rock And Roll 2,,,,,,,,,,,,,,,,,,,,,,,,,nan-Rock And Roll 2,nan-Rock And Roll 2/nan-Rock' N' Roll ABC...
Krunoslav Kićo Slabinac,Krunoslav Kićo Slabinac,Great Balls Of Fire,,,Rock And Roll 2,,,,,,,,,,,,,,,,,,,,,,,,,nan-Rock And Roll 2,nan-Rock And Roll 2/nan-Rock' N' Roll ABC...
Krunoslav Kićo Slabinac,Krunoslav Kićo Slabinac,Da Mi Je,4:17,,Stani Suzo,,Đorđe Novković,,Đorđe Novković,,,,,,,,,,,,,,,,,,,,,nan-Stani Suzo,nan-Stani Suzo/1986.0-Da Mi Je / Preko Mora I Planina
Krunoslav Kićo Slabinac,Krunoslav Kićo Slabinac,Preko Mora I Planina,4:00,,Stani Suzo,,Đorđe Novković,,,,,,,,,,,,,,Đorđe Novković,Unknown Artist,Wolfgang Jass,,,,,,,nan-Stani Suzo,nan-Stani Suzo/1986.0-Da Mi Je / Preko Mora I Planina
Krunoslav Kićo Slabinac,Krunoslav Kićo Slabinac,"Vraćam Se Tebi, Jugo",3:35,,Stani Suzo,,Željko Pavičić,,Đorđe Novković,,,,,,,,,,,,,,,,,,,,,nan-Stani Suzo,nan-Stani Suzo
Krunoslav Kićo Slabinac,Krunoslav Kićo Slabinac,Ti Si Uvijek Sretna Bila,4:05,,Stani Suzo,,Dobrivoje Šešlija,,Davor Jašek,,,,,,,,,,,,,,,,,,,,,nan-Stani Suzo,nan-Stani Suzo
Krunoslav Kićo Slabinac,Krunoslav Kićo Slabinac,"Ti Si Moja Slatka, Mala Maca",2:50,,Stani Suzo,,Željko Sabol,,Đorđe Novković,,,,,,,,,,,,,,,,,,,,,nan-Stani Suzo,nan-Stani Suzo
Krunoslav Kićo Slabinac,Krunoslav Kićo Slabinac,"Stani Suzo, Stani",4:07,,Stani Suzo,,Mladen Bijelić,,Đorđe Novković,,,,,,,,,,,,,,,,,,,,,nan-Stani Suzo,nan-Stani Suzo/2007.0-The Platinum Collection/2010.0-Najljepše Ljubavne Pjesme/2015.0-50 Originalnih Pjesama
Krunoslav Kićo Slabinac,Krunoslav Kićo Slabinac,Ne Pitaj Me Ništa Noćas,4:08,,Stani Suzo,,Maja Perfiljeva,,Krunoslav Kićo Slabinac,,,,,,,,,,,,,,,,,,,,,nan-Stani Suzo,nan-Stani Suzo/2007.0-The Platinum Collection/2010.0-Najljepše Ljubavne Pjesme/2015.0-50 Originalnih Pjesama
Krunoslav Kićo Slabinac,Krunoslav Kićo Slabinac,Spomeni Mi Nekad Ime,3:10,,Stani Suzo,,Tibor Benković,,Vladimir Delač,,,,,,,,,,,,,,,,,,,,,nan-Stani Suzo,nan-Stani Suzo/2005.0-Pusti Da Te Prebolim/2007.0-The Platinum Collection
Krunoslav Kićo Slabinac,Krunoslav Kićo Slabinac,Serenada,3:00,,Stani Suzo,,Andrej Baša,Andrej Baša,Andrej Baša,777 (4),,,,,,,,,,,,,,Andrej Baša,Andrej Baša,777 (4),,,,nan-Stani Suzo,nan-Stani Suzo/2006.0-Zlatna Kolekcija/2007.0-The Platinum Collection/2015.0-50 Originalnih Pjesama/2017.0-Cvijet Čežnje - Kićo Dalmaciji
Krunoslav Kićo Slabinac,Krunoslav Kićo Slabinac,Anuška,2:37,,Da L' Se Sjećaš,,Maja Perfiljeva,Željko Nikolin,Ivan Kelemen,,,,,,,,,,,,,,,,,,,,,nan-Da L' Se Sjećaš,nan-Da L' Se Sjećaš/2015.0-50 Originalnih Pjesama
Krunoslav Kićo Slabinac,Krunoslav Kićo Slabinac,"Odrasti, Odrasti",3:45,,Da L' Se Sjećaš,,Dragutin Britvić,Hrvoje Hegedušić,Krunoslav Kićo Slabinac,,,,,,,,,,,,,,,,,,,,,nan-Da L' Se Sjećaš,nan-Da L' Se Sjećaš/2007.0-The Platinum Collection
Krunoslav Kićo Slabinac,Krunoslav Kićo Slabinac,Alaj Mi Se...,,,"Oj, Garava, Garava",,,,,,,,,,,,,,,,,,,,,,,,,"nan-Oj, Garava, Garava","nan-Oj, Garava, Garava"
Krunoslav Kićo Slabinac,Krunoslav Kićo Slabinac,"Oj, Garava, Garava",,,"Oj, Garava, Garava",,,,,,,,,,,,,,,,,,,,,,,,,"nan-Oj, Garava, Garava","nan-Oj, Garava, Garava/2015.0-50 Originalnih Pjesama"
Krunoslav Kićo Slabinac,Krunoslav Kićo Slabinac,U Mog Baće,,,"Oj, Garava, Garava",,,,,,,,,,,,,,,,,,,,,,,,,"nan-Oj, Garava, Garava","nan-Oj, Garava, Garava"
Krunoslav Kićo Slabinac,Krunoslav Kićo Slabinac,Predite Prelje,,,"Oj, Garava, Garava",,,,,,,,,,,,,,,,,,,,,,,,,"nan-Oj, Garava, Garava","nan-Oj, Garava, Garava"
Krunoslav Kićo Slabinac,Krunoslav Kićo Slabinac,"Kajo, Moja Kajo",,,"Oj, Garava, Garava",,,Ivan Pesić,,,,,,,,,,,,,,,,,,,,,,"nan-Oj, Garava, Garava","nan-Oj, Garava, Garava/2015.0-50 Originalnih Pjesama"
Krunoslav Kićo Slabinac,Krunoslav Kićo Slabinac,Četir' Konja Vrana,,,"Oj, Garava, Garava",,,,,,,,,,,,,,,,,,,,,,,,,"nan-Oj, Garava, Garava","nan-Oj, Garava, Garava"
Krunoslav Kićo Slabinac,Krunoslav Kićo Slabinac,Na Livadi Pala Kiša Rosulja,,,"Oj, Garava, Garava",,,,,,,,,,,,,,,,,,,,,,,,,"nan-Oj, Garava, Garava","nan-Oj, Garava, Garava"
Krunoslav Kićo Slabinac,Krunoslav Kićo Slabinac,"Ej, Birtašu",,,"Oj, Garava, Garava",,,,,,,,,,,,,,,,,,,,,,,,,"nan-Oj, Garava, Garava","nan-Oj, Garava, Garava"
Krunoslav Kićo Slabinac,Krunoslav Kićo Slabinac,"Oj, Dorati, Moje Suvo Zlato",,,"Oj, Garava, Garava",,Danijel Galović,,Tunja Lešić,,,,,,,,,,,,,,,,,,,,,"nan-Oj, Garava, Garava","nan-Oj, Garava, Garava"
Krunoslav Kićo Slabinac,Krunoslav Kićo Slabinac,"Ej, Kiša Pada",,,"Oj, Garava, Garava",,,,,,,,,,,,,,,,,,,,,,,,,"nan-Oj, Garava, Garava","nan-Oj, Garava, Garava"
Krunoslav Kićo Slabinac,Krunoslav Kićo Slabinac,Što Nam Radi Onaj Dido Stari,,,"Oj, Garava, Garava",,,,,,,,,,,,,,,,,,,,,,,,,"nan-Oj, Garava, Garava","nan-Oj, Garava, Garava"
Krunoslav Kićo Slabinac,Krunoslav Kićo Slabinac,Kolo,,,"Oj, Garava, Garava",,,,,,,,,,,,,,,,,,,,,,,,,"nan-Oj, Garava, Garava","nan-Oj, Garava, Garava/2010.0-Vesela Je Šokadija/nan-Untitled"
Krunoslav Kićo Slabinac,Krunoslav Kićo Slabinac,Put Za Raj,3:25,,"Tiho, Tiho Uspomeno",,,,,,,,,,,,,,,,,,,,,,,,,"nan-Tiho, Tiho Uspomeno","nan-Tiho, Tiho Uspomeno"
Krunoslav Kićo Slabinac,Krunoslav Kićo Slabinac,"Žalit Ćemo Dušo, Žalit Ćemo",3:22,,"Tiho, Tiho Uspomeno",,,,,,,,,,,,,,,,,,,,,,,,,"nan-Tiho, Tiho Uspomeno","nan-Tiho, Tiho Uspomeno/2015.0-50 Originalnih Pjesama"
Krunoslav Kićo Slabinac,Krunoslav Kićo Slabinac,"Good Bye America, Good Bye",3:32,,"Tiho, Tiho Uspomeno",,,,,,,,,,,,,,,,,,,,,,,,,"nan-Tiho, Tiho Uspomeno","nan-Tiho, Tiho Uspomeno"
Krunoslav Kićo Slabinac,Krunoslav Kićo Slabinac,Probudi Me,3:35,,"Tiho, Tiho Uspomeno",,,,,,,,,,,,,,,,,,,,,,,,,"nan-Tiho, Tiho Uspomeno","nan-Tiho, Tiho Uspomeno"
Krunoslav Kićo Slabinac,Krunoslav Kićo Slabinac,Ne Vraćaj Se,3:37,,"Tiho, Tiho Uspomeno",,,,,,,,,,,,,,,,,,,,,,,,,"nan-Tiho, Tiho Uspomeno","nan-Tiho, Tiho Uspomeno"
Krunoslav Kićo Slabinac,Krunoslav Kićo Slabinac,"Tko Te Ljubi, Dušo Moja",3:20,,"Tiho, Tiho Uspomeno",,,,,,,,,,,,,,,,,,,,,,,,,"nan-Tiho, Tiho Uspomeno","nan-Tiho, Tiho Uspomeno"
Krunoslav Kićo Slabinac,Krunoslav Kićo Slabinac,Kako Da Te Zaboravim,3:22,,"Tiho, Tiho Uspomeno",,,,,,,,,,,,,,,,,,,,,,,,,"nan-Tiho, Tiho Uspomeno","nan-Tiho, Tiho Uspomeno"
Krunoslav Kićo Slabinac,Krunoslav Kićo Slabinac,"Tiho, Tiho Uspomeno",3:35,,"Tiho, Tiho Uspomeno",,,,,,,,,,,,,,,,,,,,,,,,,"nan-Tiho, Tiho Uspomeno","nan-Tiho, Tiho Uspomeno/2007.0-The Platinum Collection"
Krunoslav Kićo Slabinac,Krunoslav Kićo Slabinac,Marijana,3:12,,"Tiho, Tiho Uspomeno",,,,,,,,,,,,,,,,,,,,,,,,,"nan-Tiho, Tiho Uspomeno","nan-Tiho, Tiho Uspomeno/2015.0-50 Originalnih Pjesama/2017.0-Cvijet Čežnje - Kićo Dalmaciji"
Krunoslav Kićo Slabinac,Krunoslav Kićo Slabinac,Bura,3:03,,"Tiho, Tiho Uspomeno",,,,,,,,,,,,,,,,,,,,Srećko Zubak,,,,,"nan-Tiho, Tiho Uspomeno","nan-Tiho, Tiho Uspomeno"
Krunoslav Kićo Slabinac,Krunoslav Kićo Slabinac,Ne Mogu Više Bez Tebe,3:30,,"Tiho, Tiho Uspomeno",,,,,,,,,,,,,,,,,,,,,,,,,"nan-Tiho, Tiho Uspomeno","nan-Tiho, Tiho Uspomeno/2006.0-Zlatna Kolekcija/2007.0-The Platinum Collection/2010.0-Najljepše Ljubavne Pjesme/2015.0-50 Originalnih Pjesama"
Krunoslav Kićo Slabinac,Krunoslav Kićo Slabinac,Nije Nam Bilo Suđeno,3:37,,"Tiho, Tiho Uspomeno",,,,,,,,,,,,,,,,,,,,Krunoslav Kićo Slabinac,,,,,"nan-Tiho, Tiho Uspomeno","nan-Tiho, Tiho Uspomeno/2006.0-Zlatna Kolekcija/2007.0-The Platinum Collection/2010.0-Najljepše Ljubavne Pjesme/2015.0-50 Originalnih Pjesama"
Krunoslav Kićo Slabinac,Krunoslav Kićo Slabinac,Stop Za Bajke,3:16,,Stop Za Bajke,1989.0,Dragutin Britvić,Dragan Nikolić,Novak Radulović,,,,,,,,,,,,,,,,,,,,,1989.0-Stop Za Bajke,1989.0-Stop Za Bajke
Krunoslav Kićo Slabinac,Krunoslav Kićo Slabinac,Učimo Muziku,3:30,,Stop Za Bajke,1989.0,Mario Kinel,Novak Radulović,Novak Radulović,,,,,,,,,,,,,,,,,,,,,1989.0-Stop Za Bajke,1989.0-Stop Za Bajke
Krunoslav Kićo Slabinac,Krunoslav Kićo Slabinac,Nestašni Pjetlić,2:35,,Stop Za Bajke,1989.0,Nino Škrabe,Željko Nikolin,Josip Cvitanović,,,,,,,,,,,,,,,,,,,,,1989.0-Stop Za Bajke,1989.0-Stop Za Bajke
Krunoslav Kićo Slabinac,Krunoslav Kićo Slabinac,Ljubav Se Prva Na Pijesku Piše,2:30,,Stop Za Bajke,1989.0,Aleksandra Brajević,Novak Radulović,Novak Radulović,,,,,,,,,,,,,,,,,,,,,1989.0-Stop Za Bajke,1989.0-Stop Za Bajke
Krunoslav Kićo Slabinac,Krunoslav Kićo Slabinac,Sve Jovo Nanovo,3:00,,Stop Za Bajke,1989.0,Dragutin Britvić,Dragan Nikolić,Novak Radulović,,,,,,,,,,,,,,,,,,,,,1989.0-Stop Za Bajke,1989.0-Stop Za Bajke
Krunoslav Kićo Slabinac,Krunoslav Kićo Slabinac,Ne Kradite Mi Dječji San,3:00,,Stop Za Bajke,1989.0,Danica Janić,Krunoslav Kićo Slabinac,Krunoslav Kićo Slabinac,,,,,,,,,,,,,,,,,,,,,1989.0-Stop Za Bajke,1989.0-Stop Za Bajke
Krunoslav Kićo Slabinac,Krunoslav Kićo Slabinac,Ljubav Leti,3:40,,Stop Za Bajke,1989.0,Dušan Đurišić,Novak Radulović,Novak Radulović,,,,,,,,,,,,,,,,,,,,,1989.0-Stop Za Bajke,1989.0-Stop Za Bajke
Krunoslav Kićo Slabinac,Krunoslav Kićo Slabinac,Kauboj Braco,2:25,,Stop Za Bajke,1989.0,Nino Škrabe,Željko Nikolin,Josip Cvitanović,,,,,,,,,,,,,,,,,,,,,1989.0-Stop Za Bajke,1989.0-Stop Za Bajke
Krunoslav Kićo Slabinac,Krunoslav Kićo Slabinac,Ko To Kaže,2:15,,Stop Za Bajke,1989.0,Dragan Radulović,Dragan Nikolić,Novak Radulović,,,,,,,,,,,,,,,,,,,,,1989.0-Stop Za Bajke,1989.0-Stop Za Bajke
Krunoslav Kićo Slabinac,Krunoslav Kićo Slabinac,Hrvatski Božić,3:45,,Hrvatski Božić,,,,,,,,,,,,,,,,,,,,,,Krunoslav Kićo Slabinac,,,nan-Hrvatski Božić,nan-Hrvatski Božić
Krunoslav Kićo Slabinac,Krunoslav Kićo Slabinac,Sklopi Blage Očice,4:32,,Hrvatski Božić,,,,,,,,,,,,,,,,,,,,,,,,,nan-Hrvatski Božić,nan-Hrvatski Božić
Krunoslav Kićo Slabinac,Krunoslav Kićo Slabinac,"Dođi, Dođi Sveti Nikola",3:30,,Hrvatski Božić,,,,,,,,,,,,,,,,,,,,,,,,,nan-Hrvatski Božić,nan-Hrvatski Božić
Krunoslav Kićo Slabinac,Krunoslav Kićo Slabinac,Tiha Noć,3:05,,Hrvatski Božić,,,,,,,,,,,,,,,,,,,,,,,,,nan-Hrvatski Božić,nan-Hrvatski Božić
Krunoslav Kićo Slabinac,Krunoslav Kićo Slabinac,"Oj, Djetešce Moje Drago",3:35,,Hrvatski Božić,,,,,,,,,,,,,,,,,,,,,,,,,nan-Hrvatski Božić,nan-Hrvatski Božić
Krunoslav Kićo Slabinac,Krunoslav Kićo Slabinac,Nikolinje,3:25,,Hrvatski Božić,,,,,,,,,,,,,,,,,,,,,,,,,nan-Hrvatski Božić,nan-Hrvatski Božić
Krunoslav Kićo Slabinac,Krunoslav Kićo Slabinac,"O, Sanctisima",3:45,,Hrvatski Božić,,,,,,,,,,,,,,,,,,,,,,,,,nan-Hrvatski Božić,nan-Hrvatski Božić
Krunoslav Kićo Slabinac,Krunoslav Kićo Slabinac,Sretna Nova Godina,3:45,,Hrvatski Božić,,,,,,,,,,,,,,,,,,,,,,Krunoslav Kićo Slabinac,,,nan-Hrvatski Božić,nan-Hrvatski Božić
Krunoslav Kićo Slabinac,Krunoslav Kićo Slabinac,Za Tebe...,4:05,,Za Tebe...,1991.0,,,,,,,,,,,,,,,,,,,,,,,,1991.0-Za Tebe...,1991.0-Za Tebe...
Krunoslav Kićo Slabinac,Krunoslav Kićo Slabinac,Vukovar,3:10,,Za Tebe...,1991.0,,,,,,,,,,,,,,,,,,,,,,,,1991.0-Za Tebe...,1991.0-Za Tebe...
Krunoslav Kićo Slabinac,Krunoslav Kićo Slabinac,Samo Bog Zna,4:20,,Za Tebe...,1991.0,,,,,,,,,,,,,,,,,,,,,,,,1991.0-Za Tebe...,1991.0-Za Tebe...
Krunoslav Kićo Slabinac,Krunoslav Kićo Slabinac,Hrvatskoga Roda Sin,3:55,,Za Tebe...,1991.0,,,,,,,,,,,,,,,,,,,,,,,,1991.0-Za Tebe...,1991.0-Za Tebe...
Krunoslav Kićo Slabinac,Krunoslav Kićo Slabinac,Budi Sretna Slavonijo,3:22,,Za Tebe...,1991.0,,,,,,,,,,,,,,,,,,,,,,,,1991.0-Za Tebe...,1991.0-Za Tebe...
Krunoslav Kićo Slabinac,Krunoslav Kićo Slabinac,Pjesma Branitelja,4:20,,Za Tebe...,1991.0,,,,,,,,,,,,,,,,,,,,,,,,1991.0-Za Tebe...,1991.0-Za Tebe...
Krunoslav Kićo Slabinac,Krunoslav Kićo Slabinac,Moj Osijek Se Ne Da,3:30,,Za Tebe...,1991.0,,,,,,,,,,,,,,,,,,,,,,,,1991.0-Za Tebe...,1991.0-Za Tebe...
Krunoslav Kićo Slabinac,Krunoslav Kićo Slabinac,Hrvatski Barjak,3:45,,Za Tebe...,1991.0,,,,,,,,,,,,,,,,,,,,,,,,1991.0-Za Tebe...,1991.0-Za Tebe...
Krunoslav Kićo Slabinac,Krunoslav Kićo Slabinac,Zagreb I Ja,3:30,,Za Tebe...,1991.0,,,,,,,,,,,,,,,,,,,,,,,,1991.0-Za Tebe...,1991.0-Za Tebe...
Krunoslav Kićo Slabinac,Krunoslav Kićo Slabinac,Slavonac Sam,3:30,,Za Tebe...,1991.0,,,,,,,,,,,,,,,,,,,,,,,,1991.0-Za Tebe...,1991.0-Za Tebe.../1995.0-Ako Zora Ne Svane/nan-Ako Zora Ne Svane/2006.0-Zlatna Kolekcija
Krunoslav Kićo Slabinac,Krunoslav Kićo Slabinac,Daj Mi Još Jemput Zapopevaj,,,Daj Mi Još Jemput Zapopevaj,1993.0,,,,,,,,,,,,,,,,,,,,,,,,1993.0-Daj Mi Još Jemput Zapopevaj,1993.0-Daj Mi Još Jemput Zapopevaj
Krunoslav Kićo Slabinac,Krunoslav Kićo Slabinac,Moja Zemla,,,Daj Mi Još Jemput Zapopevaj,1993.0,,,,,,,,,,,,,,,,,,,,,,,,1993.0-Daj Mi Još Jemput Zapopevaj,1993.0-Daj Mi Još Jemput Zapopevaj
Krunoslav Kićo Slabinac,Krunoslav Kićo Slabinac,Fala Ti Mati,,,Daj Mi Još Jemput Zapopevaj,1993.0,,,,,,,,,,,,,,,,,,,,,,,,1993.0-Daj Mi Još Jemput Zapopevaj,1993.0-Daj Mi Još Jemput Zapopevaj
Krunoslav Kićo Slabinac,Krunoslav Kićo Slabinac,Pozabi Vse,,,Daj Mi Još Jemput Zapopevaj,1993.0,,,,,,,,,,,,,,,,,,,,,,,,1993.0-Daj Mi Još Jemput Zapopevaj,1993.0-Daj Mi Još Jemput Zapopevaj
Krunoslav Kićo Slabinac,Krunoslav Kićo Slabinac,Zdrava Marija,,,Daj Mi Još Jemput Zapopevaj,1993.0,,,,,,,,,,,,,,,,,,,,,,,,1993.0-Daj Mi Još Jemput Zapopevaj,1993.0-Daj Mi Još Jemput Zapopevaj
Krunoslav Kićo Slabinac,Krunoslav Kićo Slabinac,Sinek Sinek,,,Daj Mi Još Jemput Zapopevaj,1993.0,,,,,,,,,,,,,,,,,,,,,,,,1993.0-Daj Mi Još Jemput Zapopevaj,1993.0-Daj Mi Još Jemput Zapopevaj
Krunoslav Kićo Slabinac,Krunoslav Kićo Slabinac,Dobro Mi Došel Prijatel,,,Daj Mi Još Jemput Zapopevaj,1993.0,,,,,,,,,,,,,,,,,,,,,,,,1993.0-Daj Mi Još Jemput Zapopevaj,1993.0-Daj Mi Još Jemput Zapopevaj
Krunoslav Kićo Slabinac,Krunoslav Kićo Slabinac,Suza Za Zagorske Brege,,,Daj Mi Još Jemput Zapopevaj,1993.0,,,,,,,,,,,,,,,,,,,,,,,,1993.0-Daj Mi Još Jemput Zapopevaj,1993.0-Daj Mi Još Jemput Zapopevaj
Krunoslav Kićo Slabinac,Krunoslav Kićo Slabinac,Jenu Večer Vu Kasnomu Letu,,,Daj Mi Još Jemput Zapopevaj,1993.0,,,,,,,,,,,,,,,,,,,,,,,,1993.0-Daj Mi Još Jemput Zapopevaj,1993.0-Daj Mi Još Jemput Zapopevaj
Krunoslav Kićo Slabinac,Krunoslav Kićo Slabinac,"Cajti Lepi, Cajti Grdi",,,Daj Mi Još Jemput Zapopevaj,1993.0,,,,,,,,,,,,,,,,,,,,,,,,1993.0-Daj Mi Još Jemput Zapopevaj,1993.0-Daj Mi Još Jemput Zapopevaj
Krunoslav Kićo Slabinac,Krunoslav Kićo Slabinac,Duša Slavonska,2:48,,Ako Zora Ne Svane,1995.0,Terezija Bognar,,,,,,,,,,,,,,,,,,,,,Krunoslav Kićo Slabinac,,1995.0-Ako Zora Ne Svane,1995.0-Ako Zora Ne Svane/nan-Ako Zora Ne Svane
Krunoslav Kićo Slabinac,Krunoslav Kićo Slabinac,Istina O Baranji ,4:50,,Ako Zora Ne Svane,1995.0,Radovan Licht Milanov,,,,,,,,,,,,,,,,,,,,,Antun Nikolić,,1995.0-Ako Zora Ne Svane,1995.0-Ako Zora Ne Svane/nan-Ako Zora Ne Svane
Krunoslav Kićo Slabinac,Krunoslav Kićo Slabinac,Ravnica,4:22,,Ako Zora Ne Svane,1995.0,,,,,,,,,,,,,,,,,,,,,,Miroslav Škoro,,1995.0-Ako Zora Ne Svane,1995.0-Ako Zora Ne Svane/nan-Ako Zora Ne Svane
Krunoslav Kićo Slabinac,Krunoslav Kićo Slabinac,Ako Zora Ne Svane (Požega '93),3:04,,Ako Zora Ne Svane,1995.0,Ivan Novački,,,,,,,,,,,,,,,,,,,,,Krunoslav Kićo Slabinac,,1995.0-Ako Zora Ne Svane,1995.0-Ako Zora Ne Svane/nan-Ako Zora Ne Svane
Krunoslav Kićo Slabinac,Krunoslav Kićo Slabinac,Bunjevačko Prelo,4:43,,Ako Zora Ne Svane,1995.0,,,,,,,,,,,,,,,,,,,,,,Folk,,1995.0-Ako Zora Ne Svane,1995.0-Ako Zora Ne Svane/nan-Ako Zora Ne Svane
Krunoslav Kićo Slabinac,Krunoslav Kićo Slabinac,Otiš'o Je S Mirisima Jutra,3:43,,Ako Zora Ne Svane,1995.0,Željko Krznarić,,,,,,,,,,,,,,,,,,,,,Krunoslav Kićo Slabinac,,1995.0-Ako Zora Ne Svane,1995.0-Ako Zora Ne Svane/nan-Ako Zora Ne Svane/2015.0-50 Originalnih Pjesama
Krunoslav Kićo Slabinac,Krunoslav Kićo Slabinac,Tamburaši Samo Svirajte,3:56,,Ako Zora Ne Svane,1995.0,Željko Krznarić,,,,,,,,,,,,,,,,,,,,,Krunoslav Kićo Slabinac,,1995.0-Ako Zora Ne Svane,1995.0-Ako Zora Ne Svane/nan-Ako Zora Ne Svane/2006.0-Zlatna Kolekcija
Krunoslav Kićo Slabinac,Krunoslav Kićo Slabinac,Nije Moja Duša Prazna (Požega '94),4:12,,Ako Zora Ne Svane,1995.0,Dušan Gruborović,,,,,,,,,,,,,,,,,,,,,Krunoslav Kićo Slabinac,,1995.0-Ako Zora Ne Svane,1995.0-Ako Zora Ne Svane/nan-Ako Zora Ne Svane
Krunoslav Kićo Slabinac,Krunoslav Kićo Slabinac,"Ej, Tamburo",4:06,,Ako Zora Ne Svane,1995.0,,,,,,,,,,,,,,,,,,,,,,Željko Lončarić Žec,,1995.0-Ako Zora Ne Svane,1995.0-Ako Zora Ne Svane/nan-Ako Zora Ne Svane/2006.0-Zlatna Kolekcija
Krunoslav Kićo Slabinac,Krunoslav Kićo Slabinac,Svirci Moji,4:20,,Ako Zora Ne Svane,1995.0,Dragutin Britvić,,,,,,,,,,,,,,,,,,,,,Siniša Leopold,,1995.0-Ako Zora Ne Svane,1995.0-Ako Zora Ne Svane/nan-Ako Zora Ne Svane
Krunoslav Kićo Slabinac,Krunoslav Kićo Slabinac,Još Se Nije Ostarilo,3:03,,Ako Zora Ne Svane,1995.0,Dušan Gruborović,,,,,,,,,,,,,,,,,,,,,Krunoslav Kićo Slabinac,,1995.0-Ako Zora Ne Svane,1995.0-Ako Zora Ne Svane/nan-Ako Zora Ne Svane
Krunoslav Kićo Slabinac,Krunoslav Kićo Slabinac,"Zbog Jedne Divne, Crne Žene",,,Sve Najbolje!,,,,,,,,,,,,,,,,,,,,,,,,,nan-Sve Najbolje!,nan-Sve Najbolje!
Krunoslav Kićo Slabinac,Krunoslav Kićo Slabinac,"Ti Ne Znaš, Koliko Te Volim",,,Sve Najbolje!,,,,,,,,,,,,,,,,,,,,,,,,,nan-Sve Najbolje!,nan-Sve Najbolje!
Krunoslav Kićo Slabinac,Krunoslav Kićo Slabinac,"Pusti Noćas, Svoje Kose",,,Sve Najbolje!,,,,,,,,,,,,,,,,,,,,,,,,,nan-Sve Najbolje!,nan-Sve Najbolje!
Krunoslav Kićo Slabinac,Krunoslav Kićo Slabinac,"Ljubavi, Ljubavi, Lijepo Ti Je Ime",,,Sve Najbolje!,,,,,,,,,,,,,,,,,,,,,,,,,nan-Sve Najbolje!,nan-Sve Najbolje!/2015.0-50 Originalnih Pjesama
Krunoslav Kićo Slabinac,Krunoslav Kićo Slabinac,Duško Lokin,,,Pusti Da Te Prebolim,2005.0,,,,,,,,,,,,,,,,,,,,,,,,2005.0-Pusti Da Te Prebolim,2005.0-Pusti Da Te Prebolim
Krunoslav Kićo Slabinac,Krunoslav Kićo Slabinac,Pusti Da Te Prebolim,3:15,,Pusti Da Te Prebolim,2005.0,Željko Krznarić,Muc Softić,Duško Lokin,,,,,,,,,,,,,,,,,,,,,2005.0-Pusti Da Te Prebolim,2005.0-Pusti Da Te Prebolim
Krunoslav Kićo Slabinac,Krunoslav Kićo Slabinac,"Ljubi Nježno, Ljubi Me / Love Me Tender",3:23,,Pusti Da Te Prebolim,2005.0,Duško Lokin,Zoran Jašek,Vera Matson,,,,,,,,,,,,,,,,,,,,,2005.0-Pusti Da Te Prebolim,2005.0-Pusti Da Te Prebolim
Krunoslav Kićo Slabinac,Krunoslav Kićo Slabinac,Dalmacija Cijela Budi Se,3:31,,Pusti Da Te Prebolim,2005.0,Željko Thes,Branko Bogunović,Željko Thes,,,,,,,,,,,,,,,,,,,,,2005.0-Pusti Da Te Prebolim,2005.0-Pusti Da Te Prebolim
Krunoslav Kićo Slabinac,Krunoslav Kićo Slabinac,Mexico,3:54,,Pusti Da Te Prebolim,2005.0,Željko Thes,Branko Bogunović,Željko Thes,,,,,,,,,,,,,,,,,,,,,2005.0-Pusti Da Te Prebolim,2005.0-Pusti Da Te Prebolim
Krunoslav Kićo Slabinac,Krunoslav Kićo Slabinac,Emily,,,Pusti Da Te Prebolim,2005.0,,,,,,,,,,,,,,,,,,,,,,,,2005.0-Pusti Da Te Prebolim,2005.0-Pusti Da Te Prebolim
Krunoslav Kićo Slabinac,Krunoslav Kićo Slabinac,Vještica,3:29,Senad Galijašević,Pusti Da Te Prebolim,2005.0,,,,,,,,,,,,,,,,,,,,,,,,2005.0-Pusti Da Te Prebolim,2005.0-Pusti Da Te Prebolim
Krunoslav Kićo Slabinac,Krunoslav Kićo Slabinac,"Ljubi, Ljubi",3:20,,Pusti Da Te Prebolim,2005.0,D. Gregurević,Zoran Jašek,D. Gregurević,,,,,,,,,,,,,,,,,,,,,2005.0-Pusti Da Te Prebolim,2005.0-Pusti Da Te Prebolim
Krunoslav Kićo Slabinac,Krunoslav Kićo Slabinac,Mladen Grdović,,,Pusti Da Te Prebolim,2005.0,,,,,,,,,,,,,,,,,,,,,,,,2005.0-Pusti Da Te Prebolim,2005.0-Pusti Da Te Prebolim
Krunoslav Kićo Slabinac,Krunoslav Kićo Slabinac,Odlazim,3:22,Willy Molco,Pusti Da Te Prebolim,2005.0,,,,,,,,,,,,,,,,,,,,,,,,2005.0-Pusti Da Te Prebolim,2005.0-Pusti Da Te Prebolim
Krunoslav Kićo Slabinac,Krunoslav Kićo Slabinac,Vjeruj Mi,3:10,,Pusti Da Te Prebolim,2005.0,Ivo Mikuličin,Hrvoje Hegedušić,Dušan Šarac,,,,,,,,,,,,,,,,,,,,,2005.0-Pusti Da Te Prebolim,2005.0-Pusti Da Te Prebolim
Krunoslav Kićo Slabinac,Krunoslav Kićo Slabinac,Krunoslav Slabinac,,,Pusti Da Te Prebolim,2005.0,,,,,,,,,,,,,,,,,,,,,,,,2005.0-Pusti Da Te Prebolim,2005.0-Pusti Da Te Prebolim
Krunoslav Kićo Slabinac,Krunoslav Kićo Slabinac,Marko Jašek,,,Pusti Da Te Prebolim,2005.0,,,,,,,,,,,,,,,,,,,,,,,,2005.0-Pusti Da Te Prebolim,2005.0-Pusti Da Te Prebolim
Krunoslav Kićo Slabinac,Krunoslav Kićo Slabinac,Mala Ludice,2:54,Marko Jašek,Pusti Da Te Prebolim,2005.0,,,,,,,,,,,,,,,,,,,,,,,,2005.0-Pusti Da Te Prebolim,2005.0-Pusti Da Te Prebolim
Krunoslav Kićo Slabinac,Krunoslav Kićo Slabinac,Ne Traži Me,3:39,Marko Jašek,Pusti Da Te Prebolim,2005.0,,,,,,,,,,,,,,,,,,,,,,,,2005.0-Pusti Da Te Prebolim,2005.0-Pusti Da Te Prebolim
Krunoslav Kićo Slabinac,Krunoslav Kićo Slabinac,Disc 1 - Zabavne Melodije,,,Zlatna Kolekcija,2006.0,,,,,,,,,,,,,,,,,,,,,,,,2006.0-Zlatna Kolekcija,2006.0-Zlatna Kolekcija
Krunoslav Kićo Slabinac,Krunoslav Kićo Slabinac,Zbog Tvoje Ljubavi,02:52,,Zlatna Kolekcija,2006.0,,,,,,,,,,,,,,,,,,,,,,,,2006.0-Zlatna Kolekcija,2006.0-Zlatna Kolekcija/2007.0-The Platinum Collection/2015.0-50 Originalnih Pjesama/2017.0-Cvijet Čežnje - Kićo Dalmaciji
Krunoslav Kićo Slabinac,Krunoslav Kićo Slabinac,Zbog Jedne Divne Crne Zene,04:15,,Zlatna Kolekcija,2006.0,,,,,,,,,,,,,,,,,,,,,,,,2006.0-Zlatna Kolekcija,2006.0-Zlatna Kolekcija
Krunoslav Kićo Slabinac,Krunoslav Kićo Slabinac,Poljubi Me Za Sretan Pu,02:48,,Zlatna Kolekcija,2006.0,,,,,,,,,,,,,,,,,,,,,,,,2006.0-Zlatna Kolekcija,2006.0-Zlatna Kolekcija
Krunoslav Kićo Slabinac,Krunoslav Kićo Slabinac,Balad O Ženi I Djetetu,03:25,,Zlatna Kolekcija,2006.0,,,,,,,,,,,,,,,,,,,,,,,,2006.0-Zlatna Kolekcija,2006.0-Zlatna Kolekcija
Krunoslav Kićo Slabinac,Krunoslav Kićo Slabinac,Ako Zora Ne Svane,03:05,,Zlatna Kolekcija,2006.0,,,,,,,,,,,,,,,,,,,,,,,,2006.0-Zlatna Kolekcija,2006.0-Zlatna Kolekcija
Krunoslav Kićo Slabinac,Krunoslav Kićo Slabinac,Kako Naći Pravi Put,04:02,,Zlatna Kolekcija,2006.0,,,,,,,,,,,,,,,,,,,,,,,,2006.0-Zlatna Kolekcija,2006.0-Zlatna Kolekcija/2007.0-The Platinum Collection/2010.0-Najljepše Ljubavne Pjesme
Krunoslav Kićo Slabinac,Krunoslav Kićo Slabinac,Nek Se Toči Staro Vino,03:00,,Zlatna Kolekcija,2006.0,,,,,,,,,,,,,,,,,,,,,,,,2006.0-Zlatna Kolekcija,2006.0-Zlatna Kolekcija
Krunoslav Kićo Slabinac,Krunoslav Kićo Slabinac,Disc 2 - Tamburaške Pjesme I Kola,,,Zlatna Kolekcija,2006.0,,,,,,,,,,,,,,,,,,,,,,,,2006.0-Zlatna Kolekcija,2006.0-Zlatna Kolekcija
Krunoslav Kićo Slabinac,Krunoslav Kićo Slabinac,"Hej,Bećari",02:22,,Zlatna Kolekcija,2006.0,,,,,,,,,,,,,,,,,,,,,,,,2006.0-Zlatna Kolekcija,2006.0-Zlatna Kolekcija
Krunoslav Kićo Slabinac,Krunoslav Kićo Slabinac,Zaboravi Moja Ljubavi,04:19,,Zlatna Kolekcija,2006.0,,,,,,,,,,,,,,,,,,,,,,,,2006.0-Zlatna Kolekcija,2006.0-Zlatna Kolekcija/2007.0-The Platinum Collection/2010.0-Najljepše Ljubavne Pjesme
Krunoslav Kićo Slabinac,Krunoslav Kićo Slabinac,Šokačka Grana,02:44,,Zlatna Kolekcija,2006.0,,,,,,,,,,,,,,,,,,,,,,,,2006.0-Zlatna Kolekcija,2006.0-Zlatna Kolekcija
Krunoslav Kićo Slabinac,Krunoslav Kićo Slabinac,Nije Moja Duša Prazna,04:13,,Zlatna Kolekcija,2006.0,,,,,,,,,,,,,,,,,,,,,,,,2006.0-Zlatna Kolekcija,2006.0-Zlatna Kolekcija
Krunoslav Kićo Slabinac,Krunoslav Kićo Slabinac,Otišao Je S Mirisima Jutra,03:41,,Zlatna Kolekcija,2006.0,,,,,,,,,,,,,,,,,,,,,,,,2006.0-Zlatna Kolekcija,2006.0-Zlatna Kolekcija
Krunoslav Kićo Slabinac,Krunoslav Kićo Slabinac,Inati Se Slavonijo,03:22,,Zlatna Kolekcija,2006.0,,,,,,,,,,,,,,,,,,,,,,,,2006.0-Zlatna Kolekcija,2006.0-Zlatna Kolekcija/2008.0-Dignite Čaše Svatovi/2015.0-50 Originalnih Pjesama
Krunoslav Kićo Slabinac,Krunoslav Kićo Slabinac,"Slavonijo, Ja Sam Tvoje Dijete",03:46,,Zlatna Kolekcija,2006.0,,,,,,,,,,,,,,,,,,,,,,,,2006.0-Zlatna Kolekcija,2006.0-Zlatna Kolekcija/2015.0-50 Originalnih Pjesama
Krunoslav Kićo Slabinac,Krunoslav Kićo Slabinac,Baranje Se Ne Bi Odreko,03:53,,Zlatna Kolekcija,2006.0,,,,,,,,,,,,,,,,,,,,,,,,2006.0-Zlatna Kolekcija,2006.0-Zlatna Kolekcija
Krunoslav Kićo Slabinac,Krunoslav Kićo Slabinac,CD 1,,,The Platinum Collection,2007.0,,,,,,,,,,,,,,,,,,,,,,,,2007.0-The Platinum Collection,2007.0-The Platinum Collection/2015.0-50 Originalnih Pjesama
Krunoslav Kićo Slabinac,Krunoslav Kićo Slabinac,Nek' Se Toči Staro Vino,,,The Platinum Collection,2007.0,,,,,,,,,,,,,,,,,,,,,,,,2007.0-The Platinum Collection,2007.0-The Platinum Collection/2010.0-Najljepše Ljubavne Pjesme/2015.0-50 Originalnih Pjesama/2017.0-Cvijet Čežnje - Kićo Dalmaciji
Krunoslav Kićo Slabinac,Krunoslav Kićo Slabinac,CD 2,,,The Platinum Collection,2007.0,,,,,,,,,,,,,,,,,,,,,,,,2007.0-The Platinum Collection,2007.0-The Platinum Collection/2015.0-50 Originalnih Pjesama
Krunoslav Kićo Slabinac,Krunoslav Kićo Slabinac,Da Koji Se Pamti,,,The Platinum Collection,2007.0,,,,,,,,,,,,,,,,,,,,,,,,2007.0-The Platinum Collection,2007.0-The Platinum Collection
Krunoslav Kićo Slabinac,Krunoslav Kićo Slabinac,"Goodbye Amerika, Goodbye",,,The Platinum Collection,2007.0,,,,,,,,,,,,,,,,,,,,,,,,2007.0-The Platinum Collection,2007.0-The Platinum Collection
Krunoslav Kićo Slabinac,Krunoslav Kićo Slabinac,Kad U Ponoć Netko Kuca,,,The Platinum Collection,2007.0,,,,,,,,,,,,,,,,,,,,,,,,2007.0-The Platinum Collection,2007.0-The Platinum Collection/2015.0-50 Originalnih Pjesama
Krunoslav Kićo Slabinac,Krunoslav Kićo Slabinac,Dignite Čaše Svatovi,2:44,,Dignite Čaše Svatovi,2008.0,,,,,,,,,,,,,,,,,,,,,,,,2008.0-Dignite Čaše Svatovi,2008.0-Dignite Čaše Svatovi/2015.0-50 Originalnih Pjesama
Krunoslav Kićo Slabinac,Krunoslav Kićo Slabinac,Golubice Spremaj Večeru,3:24,,Dignite Čaše Svatovi,2008.0,,,,,,,,,,,,,,,,,,,,,,,,2008.0-Dignite Čaše Svatovi,2008.0-Dignite Čaše Svatovi
Krunoslav Kićo Slabinac,Krunoslav Kićo Slabinac,"Slavonijo, Kućo Stara",3:22,,Dignite Čaše Svatovi,2008.0,,,,,,,,,,,,,,,,,,,,,,,,2008.0-Dignite Čaše Svatovi,2008.0-Dignite Čaše Svatovi
Krunoslav Kićo Slabinac,Krunoslav Kićo Slabinac,Moj Dida,3:12,,Dignite Čaše Svatovi,2008.0,,,,,,,,,,,,,,,,,,,,,,,,2008.0-Dignite Čaše Svatovi,2008.0-Dignite Čaše Svatovi
Krunoslav Kićo Slabinac,Krunoslav Kićo Slabinac,Nije Meni Važno Mati,3:32,,Dignite Čaše Svatovi,2008.0,,,,,,,,,,,,,,,,,,,,,,,,2008.0-Dignite Čaše Svatovi,2008.0-Dignite Čaše Svatovi
Krunoslav Kićo Slabinac,Krunoslav Kićo Slabinac,Ljudi Moji Što Mi Rade,3:18,,Dignite Čaše Svatovi,2008.0,,,,,,,,,,,,,,,,,,,,,,,,2008.0-Dignite Čaše Svatovi,2008.0-Dignite Čaše Svatovi
Krunoslav Kićo Slabinac,Krunoslav Kićo Slabinac,Rasla Trava,3:04,,Dignite Čaše Svatovi,2008.0,,,,,,,,,,,,,,,,,,,,,,,,2008.0-Dignite Čaše Svatovi,2008.0-Dignite Čaše Svatovi
Krunoslav Kićo Slabinac,Krunoslav Kićo Slabinac,"Dobro Jutro, Moj Svečaru",2:32,,Dignite Čaše Svatovi,2008.0,,,,,,,,,,,,,,,,,,,,,,,,2008.0-Dignite Čaše Svatovi,2008.0-Dignite Čaše Svatovi
Krunoslav Kićo Slabinac,Krunoslav Kićo Slabinac,Kad Pred Oltar Stane Ona,3:16,,Dignite Čaše Svatovi,2008.0,,,,,,,,,,,,,,,,,,,,,,,,2008.0-Dignite Čaše Svatovi,2008.0-Dignite Čaše Svatovi
Krunoslav Kićo Slabinac,Krunoslav Kićo Slabinac,Ošini Po Prašini,2:32,,Dignite Čaše Svatovi,2008.0,,,,,,,,,,,,,,,,,,,,,,,,2008.0-Dignite Čaše Svatovi,2008.0-Dignite Čaše Svatovi/2015.0-50 Originalnih Pjesama
Krunoslav Kićo Slabinac,Krunoslav Kićo Slabinac,Bonus:,,,Dignite Čaše Svatovi,2008.0,,,,,,,,,,,,,,,,,,,,,,,,2008.0-Dignite Čaše Svatovi,2008.0-Dignite Čaše Svatovi
Krunoslav Kićo Slabinac,Krunoslav Kićo Slabinac,Slavonijo Ja Sam Tvoje Dijete,3:45,,Dignite Čaše Svatovi,2008.0,,,,,,,,,,,,,,,,,,,,,,,,2008.0-Dignite Čaše Svatovi,2008.0-Dignite Čaše Svatovi
Krunoslav Kićo Slabinac,Krunoslav Kićo Slabinac,Baranje Se Nebi Odreko,3:54,,Dignite Čaše Svatovi,2008.0,,,,,,,,,,,,,,,,,,,,,,,,2008.0-Dignite Čaše Svatovi,2008.0-Dignite Čaše Svatovi
Krunoslav Kićo Slabinac,Krunoslav Kićo Slabinac,Sinoć Bila Misečina,2:49,,Vesela Je Šokadija,2010.0,,,,,,,,,,,,,,,,,,,,,,,,2010.0-Vesela Je Šokadija,2010.0-Vesela Je Šokadija
Krunoslav Kićo Slabinac,Krunoslav Kićo Slabinac,Đakovo Grade,3:27,,Vesela Je Šokadija,2010.0,,,,,,,,,,,,,,,,,,,,,,,,2010.0-Vesela Je Šokadija,2010.0-Vesela Je Šokadija
Krunoslav Kićo Slabinac,Krunoslav Kićo Slabinac,Gori Lampa,4:08,,Vesela Je Šokadija,2010.0,,,,,,,,,,,,,,,,,,,,,,,,2010.0-Vesela Je Šokadija,2010.0-Vesela Je Šokadija/nan-Untitled
Krunoslav Kićo Slabinac,Krunoslav Kićo Slabinac,Crne Oči,3:42,,Vesela Je Šokadija,2010.0,,,,,,,,,,,,,,,,,,,,,,,,2010.0-Vesela Je Šokadija,2010.0-Vesela Je Šokadija/nan-Untitled
Krunoslav Kićo Slabinac,Krunoslav Kićo Slabinac,A Oj Meni,3:06,,Vesela Je Šokadija,2010.0,,,,,,,,,,,,,,,,,,,,,,,,2010.0-Vesela Je Šokadija,2010.0-Vesela Je Šokadija/nan-Untitled
Krunoslav Kićo Slabinac,Krunoslav Kićo Slabinac,"Tiho,Tiho,Uspomeno",3:37,,Najljepše Ljubavne Pjesme,2010.0,,,,,,,,,,,,,,,,,,,,,,,,2010.0-Najljepše Ljubavne Pjesme,2010.0-Najljepše Ljubavne Pjesme
Krunoslav Kićo Slabinac,Krunoslav Kićo Slabinac,Tvoj Dječak Je tužan,2:58,,50 Originalnih Pjesama,2015.0,,,,,,,,,,,,,,,,,,,,,,,,2015.0-50 Originalnih Pjesama,2015.0-50 Originalnih Pjesama
Krunoslav Kićo Slabinac,Krunoslav Kićo Slabinac,Mili Bože,3:21,,50 Originalnih Pjesama,2015.0,,,,,,,,,,,,,,,,,,,,,,,,2015.0-50 Originalnih Pjesama,2015.0-50 Originalnih Pjesama
Krunoslav Kićo Slabinac,Krunoslav Kićo Slabinac,"Oj, Curice Šil Dil Daj",3:42,,50 Originalnih Pjesama,2015.0,,,,,,,,,,,,,,,,,,,,,,,,2015.0-50 Originalnih Pjesama,2015.0-50 Originalnih Pjesama
Krunoslav Kićo Slabinac,Krunoslav Kićo Slabinac,Baranje Se Ne Bi Odrekao,3:56,,50 Originalnih Pjesama,2015.0,,,,,,,,,,,,,,,,,,,,,,,,2015.0-50 Originalnih Pjesama,2015.0-50 Originalnih Pjesama
Krunoslav Kićo Slabinac,Krunoslav Kićo Slabinac,"Hej, Bećari",2:22,,50 Originalnih Pjesama,2015.0,,,,,,,,,,,,,,,,,,,,,,,,2015.0-50 Originalnih Pjesama,2015.0-50 Originalnih Pjesama
Krunoslav Kićo Slabinac,Krunoslav Kićo Slabinac,CD 3,,,50 Originalnih Pjesama,2015.0,,,,,,,,,,,,,,,,,,,,,,,,2015.0-50 Originalnih Pjesama,2015.0-50 Originalnih Pjesama
Krunoslav Kićo Slabinac,Krunoslav Kićo Slabinac,Rusule Ti Nosin,4:47,,50 Originalnih Pjesama,2015.0,,,,,,,,,,,,,,,,,,,,,,,,2015.0-50 Originalnih Pjesama,2015.0-50 Originalnih Pjesama/2017.0-Cvijet Čežnje - Kićo Dalmaciji
Krunoslav Kićo Slabinac,Krunoslav Kićo Slabinac,Zlatni Snovi,3:32,,50 Originalnih Pjesama,2015.0,,,,,,,,,,,,,,,,,,,,,,,,2015.0-50 Originalnih Pjesama,2015.0-50 Originalnih Pjesama/2017.0-Cvijet Čežnje - Kićo Dalmaciji
Krunoslav Kićo Slabinac,Krunoslav Kićo Slabinac,"Moj Marjane, Adio",3:14,,50 Originalnih Pjesama,2015.0,,,,,,,,,,,,,,,,,,,,,,,,2015.0-50 Originalnih Pjesama,2015.0-50 Originalnih Pjesama/2017.0-Cvijet Čežnje - Kićo Dalmaciji
Krunoslav Kićo Slabinac,Krunoslav Kićo Slabinac,"Good Bye Amerika, Good Bye",3:34,,50 Originalnih Pjesama,2015.0,,,,,,,,,,,,,,,,,,,,,,,,2015.0-50 Originalnih Pjesama,2015.0-50 Originalnih Pjesama
Krunoslav Kićo Slabinac,Krunoslav Kićo Slabinac,Cilog Su Života Tonule Mi Lađe,4:06,,Cvijet Čežnje - Kićo Dalmaciji,2017.0,,,,,,,,,,,,,,,,,,,,,,,,2017.0-Cvijet Čežnje - Kićo Dalmaciji,2017.0-Cvijet Čežnje - Kićo Dalmaciji
Krunoslav Kićo Slabinac,Krunoslav Kićo Slabinac,Zlatna Jesen,3:50,,Cvijet Čežnje - Kićo Dalmaciji,2017.0,,,,,,,,,,,,,,,,,,,,,,,,2017.0-Cvijet Čežnje - Kićo Dalmaciji,2017.0-Cvijet Čežnje - Kićo Dalmaciji
Krunoslav Kićo Slabinac,Krunoslav Kićo Slabinac,Bonus Tracks:,,,Cvijet Čežnje - Kićo Dalmaciji,2017.0,,,,,,,,,,,,,,,,,,,,,,,,2017.0-Cvijet Čežnje - Kićo Dalmaciji,2017.0-Cvijet Čežnje - Kićo Dalmaciji
Krunoslav Kićo Slabinac,Krunoslav Kićo Slabinac,Dalmatinska Elegija,4:56,,Cvijet Čežnje - Kićo Dalmaciji,2017.0,,,,,,,,,,,,,,,,,,,,,,,,2017.0-Cvijet Čežnje - Kićo Dalmaciji,2017.0-Cvijet Čežnje - Kićo Dalmaciji
Krunoslav Kićo Slabinac,Krunoslav Kićo Slabinac,Proplakat Će Zora,3:22,,Cvijet Čežnje - Kićo Dalmaciji,2017.0,,,,,,,,,,,,,,,,,,,,,,,"Klapa ""Bonaca""",2017.0-Cvijet Čežnje - Kićo Dalmaciji,2017.0-Cvijet Čežnje - Kićo Dalmaciji
Krunoslav Kićo Slabinac,Krunoslav Kićo Slabinac,Три Сладки Думи,,,Изпълнения На Круно Слабинац,0.0,,,,,,,,,,,,,,,,,,,,,,,,0.0-Изпълнения На Круно Слабинац,0.0-Изпълнения На Круно Слабинац
Krunoslav Kićo Slabinac,Krunoslav Kićo Slabinac,"Свири Музиканте, Свири",,,Изпълнения На Круно Слабинац,0.0,,,,,,,,,,,,,,,,,,,,,,,,0.0-Изпълнения На Круно Слабинац,0.0-Изпълнения На Круно Слабинац
