,Song_ID,Artist,Artist_diskografija,Song_tekstovinet,Views_tekstovinet,Lyrics_tekstovinet,Url_tekstovinet,Writer_lyricstranslate,Song_lyricstranslate,EngTitle_lyricstranslate,Album_lyricstranslate,Lyrics_lyricstranslate,EngLyrics_lyricstranslate,Url_lyricstranslate,Izvedba_diskografija,Url_diskografija,Song_diskografija,Skladba_diskografija,Stihovi_diskografija,Aranžman_diskografija,Album_1_diskografija,Album_2_diskografija
0,Wal+tKVc_1_0,Maja Šuput,Maja Šuput,Amnezija,9751,"Ref.
Kazu, nocas je gorio grad, amnezija
i da me je zaveo gad bez prezira
i boca se popilo broj, amezija
112, zovi doktora
112, zovi doktora
 
U glavi potres blagi
na tijelu muski trag
jos mi je sve u magli
gubim zrak

Ni sama ne znam razlog
ni zasto smijem se
kome sam dala usne javite

Polako vracam film
da bolje razmislim
ajmo ponovit' sve
jos bolje, najbolje
i sve do jutra, do jutra
da ne ostaju bas tu

Ref.

Ma da sam sinoc znala
na vrijeme rekla ne
bilo bi briga manje, vjerujem

Ref. 2x","https://tekstovi.net/2,1609,45253.html",,Amnezija,Amnesia,,"Kažu, noćas je gorio grad, amnezija
i da me je zaveo gad bez prezira
i boca se popilo broj, amezija
112, zovi doktora
112, zovi doktora. U glavi potres blagi
na tijelu muški trag
još mi je sve u magli
gubim zrak
Ni sama ne znam razlog
ni zašto smijem se
kome sam dala usne? Javite. Polako vraćam film
da bolje razmislim
ajmo ponovit' sve
još bolje, najbolje
i sve do jutra, do jutra
da ne ostaju baš tu. (Refren)
Kažu, noćas je gorio grad, amnezija
i da me je zaveo gad bez prezira
i boca se popilo broj, amezija
112, zovi doktora
112, zovi doktora
Ma da sam sinoć znala
na vrijeme rekla ne
bilo bi briga manje, vjerujem. (Refren)
Kažu, noćas je gorio grad, amnezija
i da me je zaveo gad bez prezira
i boca se popilo broj, amezija
112, zovi doktora
112, zovi doktora","They say that the town was burning tonight, amnesia,
and that a jerk without contempt seduced me,
and there were numerous bottles that were drunk, amnesia,
911, call the doctor,
911, call the doctor.. There's a light concussion in my head,
there's a male trace on my body.
Everything still feels kind of hazy,
I can't breathe.
I don't even know why
I'm laughing,
tell me who did I give my lips to.. I'm slowly remembering,
to think again
let's repeat everything
better, even better
and all the way until morning
so they don't stay here.. Chorus:
They say that the town was burning tonight, amnesia,
and that a jerk without contempt seduced me,
and there were numerous bottles that were drunk, amnesia,
911, call the doctor,
911, call the doctor.
If I knew last night
and said no in time,
I believe that there'd be less worries.. Chorus (2x):
They say that the town was burning tonight, amnesia,
and that a jerk without contempt seduced me,
and there were numerous bottles that were drunk, amnesia,
911, call the doctor,
911, call the doctor.",https://lyricstranslate.com/en/amnezija-amnesia.html-1,['Maja Šuput'],https://diskografija.com/pjesma/amnezija-23260.htm,Amnezija,,,,,
1,Wal+tKVc_1_1,Maja Šuput,Maja Šuput,Diko moja,2565,"Diko moja, zlatni dukatu
dusu tvoju u dobru i zlu
nitko nikad pobijedio nije
s tobom placem i s tobom se smijem 

Diko moja, moj ponosu
sto te volim, sto me opija
to je kuca stara didova
to su tvoja polja siroka
 
Ref. 
Diko moja, vjekovima ti si tu i jos te ima
kad nam sude i nebo i ljudi
tvoje srce ljubavi se budi

Stradala si, al' si rasla iz tisina do visina
Slavonijo, u vjeri i sreci 
ma nitko nikad, nece biti veci

Svako slovo tvoga imena
Slavonijo, znaj da volim ja
tvoje ruke koje otvaras
tvoje srce kojim ozdravljas

Ref. 2x","https://tekstovi.net/2,1609,50071.html",,,,,,,,['Maja Šuput'],https://diskografija.com/pjesma/diko-moja-25523.htm,Diko moja,,,,,
2,Wal+tKVc_1_2,Maja Šuput,Maja Šuput,Djevojacko vece,11871,"Daleko je daleko, daleko je sutra

Cestitam, sutra sam tvoja na papiru
cestitam, u meni imas vatru zivu
al' nisam ti, ni sluskinja, ni mama
imam ja vrlina koliko i mana
hej, da te ne lazem
 
Ref. 2x
Svaku noc djevojacko vece
vino nam kao voda tece
svatovi me cekaju iz jutra
al' daleko je daleko, daleko je sutra

Mira sam ja potrosila odavno
odavde pa sve do neba mi ravno
bit cu ti najbolja od sutra
al' pusti me, danas cura sam do jutra
hej, da te ne lazem

Ref. 2x

Rano ti je rano ti je
 ne zuri se mala
zasto bi se, zasto bi se 
samo njemu dala

Danas pjeva, danas plese
 slavit ce do jutra
al' pustite je, pustite je
 udaje se sutra

Ref. 2x","https://tekstovi.net/2,1609,41654.html",,Djevojačko veče,Bachelorette party,,"Daleko je daleko, daleko je sutra
1. Čestitam, sutra sam tvoja na papiru
čestitam, u meni imaš vatru živu
al' nisam ti, ni sluškinja, ni mama
imam ja vrlina koliko i mana
hej, da te ne lažem. Svaku noć djevojačko veče
vino nam kao voda teče
svatovi me čekaju iz jutra
al' daleko je daleko, daleko je sutra. Svaku noć djevojačko veče
vino nam kao voda teče
svatovi me čekaju iz jutra
al' daleko je daleko, daleko je sutra. Mira sam ja potrošila odavno
odavde pa sve do neba mi ravno
bit ću ti najbolja od sutra
al' pusti me, danas cura sam do jutra
hej, da te ne lažem. Svaku noć djevojačko veče
vino nam kao voda teče
svatovi me čekaju iz jutra
al' daleko je daleko, daleko je sutra. Svaku noć djevojačko veče
vino nam kao voda teče
svatovi me čekaju iz jutra
al' daleko je daleko, daleko je sutra. Rano ti je, rano ti je, ne žuri se mala
žašto bi se, žašto bi se, samo njemu dala
danas pjeva, danas pleše, slavit će do jutra
al' pustite je, pustite je, udaje se sutra. Svaku noć djevojačko veče
vino nam kao voda teče
svatovi me čekaju iz jutra
al' daleko je daleko, daleko je sutra. Svaku noć djevojačko veče
vino nam kao voda teče
svatovi me čekaju iz jutra
al' daleko je daleko, daleko je sutra","Far away, tomorrow is far away. Congratulations, tomorrow I'll be officially yours
Congratulations, you've got vivid fire in me
But I'm not a housekeeper or mother for you
I have as many advantages as defects
Hey, not to lie to you. Every night, bachelorette party
Wine is flowing like water
Nuptial is waiting for me in the morning
But, far away, tomorrow is far away. Every night, bachelorette party
Wine is flowing like water
Nuptial is waiting for me in the morning
But, far away, tomorrow is far away. I've lost calmness a long time ago
Here I'm stright up to the sky
Since tomorrow I'll be the best for you
But let me be, today I'm a damsel till the morning
Hey, not to lie to you. Every night, bachelorette party
Wine is flowing like water
Nuptial is waiting for me in the morning
But, far away, tomorrow is far away. Every night, bachelorette party
Wine is flowing like water
Nuptial is waiting for me in the morning
But, far away, tomorrow is far away. It's early for you, it's early for you, take your time, little girl
Why, why could you give it all only to him
Today she's singing, today she's dancing, she'll be celebrating until the morning
But let her be, let her be, she's going to be married tomorrow. Every night, bachelorette party
Wine is flowing like water
Nuptial is waiting for me in the morning
But, far away, tomorrow is far away. Every night, bachelorette party
Wine is flowing like water
Nuptial is waiting for me in the morning
But, far away, tomorrow is far away",https://lyricstranslate.com/en/djevoja%C4%8Dko-ve%C4%8De-bachelorette-party.html,['Maja Šuput'],https://diskografija.com/pjesma/djevojacko-vece-19954.htm,Djevojačko veče,,,,,
3,Wal+tKVc_1_3,Maja Šuput,Maja Šuput,Dobra djevojka,9102,"Noc je noc a nocu se svasta desi
sad si tu, a briga me sutra gdje si
pogledaj mi vatru iz oka
zar ti stvarno mislis da sam dobra djevojka

U ovom gradu svaki izlazak i bas svaki klub
mene i moje srce dovodi do kraja na rub
muzika, panika i ples za urnebes oko nas
ja trebam ruke da me stisnu
trebam hrabriji glas
 
Trebam slatku laz kad nema granica
jer je bolje sve uz lijepog lazljivca
trebas me, a trebam li te
mozda i glupost napravim da se ziva osijetim

Ref.
Noc je noc, a nocu se svasta desi
sad si tu, a briga me sutra gdje si
vodi me jer ulica nema ime
lopov budi i pred njim ukradi me

Noc je noc, a nocu se svasta desi
sad si tu, a briga me sutra gdje si
pogledaj mi vatru iz oka
zar ti stvarno mislis da sam dobra djevojka

Ref. 2x","https://tekstovi.net/2,1609,34295.html",,Dobro Djevojka,Good Girl,,"Noć je noć, a noću se svašta desi
Sad si tu a briga me sutra gdje si
Noć je noć, a noću se svašta desi
Sad si tu a briga me sutra gdje si
Pogledaj mi vatru iz oka
Zar ti stvarno misliš da sam dobra djevojka. U ovom gradu svaki izlazak i baš svaki klub
Mene i moje srce dovodi do kraja na rub
Muzika panika i ples za urnebes oko nas
Ja trebam ruke da me stisnu
Trebam hrabriji glas. Trebam slatku laž kad nema granica
Jer je bolje sve uz lijepog lažljivca
Trebaš me a trebam li te
Možda i glupost napravim da se živa osjetim. Noć je noć, a noću se svašta desi
Sad si tu a briga me sutra gdje si
Vodi me jer ulica nema ime
Lopov budi i pred njim ukradi me. Noć je noć, a noću se svašta desi
Sad si tu a briga me sutra gdje si
Pogledaj mi vatru iz oka
Zar ti stvarno misliš da sam dobra djevojka. Trebam slatku laž kad nema granica
Jer je bolje sve uz lijepog lažljivca
Trebaš me a trebam li te
Mozda i glupost napravim da se živa osjetim. Noć je noć, a noću se svašta desi
Sad si tu a briga me sutra gdje si
Vodi me jer ulica nema ime
Lopov budi i pred njim ukradi me. Noć je noć, a noću se svašta desi
Sad si tu a briga me sutra gdje si
Pogledaj mi vatru iz oka
Zar ti stvarno misliš da sam dobra djevojka","Night is night and every night it happens
Now you're here but I worry about tomorrow, where will you be?
Night is night and every night it happens
Now you're here but I worry about tomorrow, where will you be?
Look at the fire in my eyes
Do you really think I'm a good girl?. In this city each and every club
Me and my heart leads closer to the edge
Music, panic and pandemonium dance around us
I need to squeeze my hands
Need a brave voice. I need a sweet lie when there are no limits
Because it's better with a nice liar
You need me and I need you
Maybe I am foolish to feel alive. Night is night and every night it happens
Now you're here but I worry about tomorrow, where you will be?
Lead me because this street has no name
The thief awakens and steals me before him. Night is night and every night it happens
Now you're here but I worry about tomorrow, where will you be?
Look at the fire in my eyes
Do you really think I'm a good girl?. I need a sweet lie when there are no limits
Because it's better with a nice liar
You need me and I need you
Maybe I am foolish to feel alive. Night is night and every night it happens
Now you're here but I worry about tomorrow, where will you be?
Lead me because this street has no name
The thief awakens and steals me before him. Night is night and every night it happens
Now you're here but I worry about tomorrow, where will you be?
Look at the fire in my eyes
Do you really think I'm a good girl?",https://lyricstranslate.com/en/good-girl-lyrics.html,,,,,,,,
4,Wal+tKVc_1_4,Maja Šuput,Maja Šuput,"Hej, Balkano!",5963,"Obuci se talijanski
poljubi me francuski
zaplesimo spanjolski
al' voli me, voli, muski

Moze i u Lici, i u Podgorici
na Vardaru il' na Jadranu
svjetsko je, a nase
a najbolje mi pase
nemoj da se lazemo
kad balkanski to radimo
 
Ref.
Hej, hej, hej, Balkano
mi samo uzivamo
brigu ne brini
sve je laganini

Hej, hej, hej, kako cemo
ma pusti lako cemo
moze i ispod stola
bratski pola, pola

Daj mi da prosetam
Dubai, Amsterdam
Atenu i Instanbul
al' ljubi me, ljubi tu

Na Kalemegdanu ili u Mostaru
Sarajevu ili Triglavu
svjetsko je, a nase
a najbolje mi pase
nemoj da se lazemo
kad balkanski to radimo

Ref.","https://tekstovi.net/2,1609,48641.html",,"Hej, Balkano",Hey Balkans,,"Obuci se talijanski
1
poljubi me francuski
zaplešimo španjolski
al voli me voli muški
Može i u Lici i u Podgorici
na Vardaru il na Jadranu
svjetsko je a naše
a najbolje mi paše
nemoj da se lažemo
kad balkanski to radimo. Hej hej hej Balkano
mi samo uživamo
brigu ne vidimo
sve je laganini
Hej hej hej kako ćemo
ma pusti lako ćemo
može i ispod stola
bratski pola pola. Hej hej hej Balkano
mi samo uživamo
brigu ne brini
sve je laganini
Hej hej hej kako ćemo
ma pusti lako ćemo
može i ispod stola
bratski pola pola. Daj mi da prošetam
Dubai, Amsterdam,
Atenu i Instanbul,
al ljubi me ljubi tu
Na Kalemegdanu ili u Mostaru,
Sarajevu ili Triglavu
svjetsko je, a naše
a najbolje mi paše,
nemoj da se lažemo
kad balkanski to radimo. Hej hej hej Balkano
mi samo uživamo
brigu ne brini
sve je laganini
Hej hej hej kako ćemo
ma pusti lako ćemo
može i ispod stola
bratski pola pola. Hej hej hej Balkano
mi samo uživamo
brigu ne brini
sve je laganini
Hej hej hej kako ćemo
ma pusti lako ćemo
može i ispod stola
bratski pola pola","Dress up like Italians do
But kiss me French
Dance Spanish
But love me like men do
You may kiss me in Lika or in Podgorica
In Vardar or on the Adriatic Sea
It is world class but it’s ours
These fit best for me.
Let’s don’t lie,
We lie enough on the Balkans.. Hey, hey, hey Balkans
We’re just enjoying
We don’t care
Everything’s so easy
Hey, hey, hey how are we gonna do this
Let it go, we’ll do it easily
We can do it under the table
It’s the fraternal fifty fifty.. Hey, hey, hey Balkans
We’re just enjoying
We don’t care
Everything’s so easy
Hey, hey, hey how are we gonna do this
Let it go, we’ll do it easily
We can do it under the table
It’s the fraternal fifty fifty.. Let me walk trough
Dubai and Amsterdam
Athens and Istanbul
But love and kiss me here.
Kiss me on the Kalemegdan or in Mostar
In Sarajevo or on the Triglav
It is world class but it' ours
These fit best for me.
Let’s don’t lie,
We lie enough on the Balkans.. Hey, hey, hey Balkans
We’re just enjoying
We don’t care
Everything’s so easy
Hey, hey, hey how are we gonna do this
Let it go, we’ll do it easily
We can do it under the table
It’s fraternal fifty fifty.. Hey, hey, hey Balkans
We’re just enjoying
We don’t care
Everything’s so easy
Hey, hey, hey how are we gonna do this
Let it go, we’ll do it easily
We can do it under the table
It’s fraternal fifty fifty.. Lika – region in Croatia
Podgorica – capital of Montenegro
Vardar – river in Macedonia
Kalemegdan – Belgrade castle
Mostar – city in Bosnia and Herzegovina
Sarajevo – capital of Bosnia and Herzegovina
Triglav – mountains in Slovenia",https://lyricstranslate.com/en/hej-balkano-hey-balkans.html,,,,,,,,
5,Wal+tKVc_1_5,Maja Šuput,Maja Šuput,Lako zaljubljiva,25136,"Lako zaljubljiva

Ulica mirise i to mi je znak
gledam te kako mi dolazis s prozora mog
ma sto je ljepse od tog

Koraci tvoji razgrnu mrak
onda me zagrlis njezno i od srca svog
ma sto je ljepse od tog
 
Dok svoje usne na usne tvoje stavljam
na brige sve zaboravljam

Ref.
Jer ja sam la, la, lako zaljubljiva
kad volim, volim, za ljubav cijela se dam
i super se osjecam

Jer ja sam la, la, lako zaljubljiva
kad volim, volim, jedino za tebe znam
i super se osjecam

U tvoje oci potonem ja
ti znas najkraci put do srca mog
ma sto je ljepse od tog

Kroz prozor otvoren Sunce nam sja
pospano jutro gledam preko ramena tvog
ma sto je ljepse od tog

Dok svoje usne na usne tvoje stavljam
na brige sve zaboravljam

Ref.

Za ljubav se cijela se dam
i super se osjecam

La, la, lako zaljubljiva
kad volim, volim, jedino za tebe znam
i super se osjecam

Lako zaljubljiva","https://tekstovi.net/2,1609,25734.html",,,,,,,,['Maja Šuput'],https://diskografija.com/pjesma/lako-zaljubljiva-15427.htm,Lako zaljubljiva,,,,,
6,Wal+tKVc_1_6,Maja Šuput,Maja Šuput,Lijek,1758,"Lijek, nemam ja lijek
sto protiv tebe pomaze
kada odes ostane bol
al' bar me bol nikad ne laze

Lijek, nemam ja lijek
da me od tebe ozdravi
proci ce zivot, zivot il' dva
dok se srce ne oporavi
 
Ref.
A samo jedno ti meni nisi rekao
da sa pogresnom zenom pravu si cekao
a samo jedno ti meni nisi priznao
kad si izdao mene i sebe si izdao

Lijek, nemam ja lijek
da me od tebe izljeci
jednom moj, moj zauvijek
umrijet cu tebe ljubeci

Lijek, nemam ja lijek
da me od tebe ozdravi
ostajem tu u nasem snu
ti zivot dalje nastavi

Ref.

Ref.","https://tekstovi.net/2,1609,50877.html",,,,,,,,['Maja Šuput'],https://diskografija.com/pjesma/lijek-15429.htm,Lijek,,,,,
7,Wal+tKVc_1_7,Maja Šuput,Maja Šuput,Ljubi gdje me boli (duet Marko Perica),23414,"Napadao snijeg do koljena, a
ko te grije moja voljena, a
i ko sad ljubi tvoja ramena
cija si zena, cija si zena 

Oko mene gola pustinja, a
vjeruj mi da nisam nicija, a
i da jos zelim poljupce tvoje
jedino moje, jedino moje
 
Ref. 2x
Ljubi gdje me boli
daj da ozdravim
svake noci jos te molim
previse te tugo volim
daj da prezivim

Oko mene gola pustinja, a
vjerujem da nisi nicija, a 
a ja jos zelim poljupce tvoje
jedino moje, jedino moje

Ref. 2x

Ref.

Daj da prezivim","https://tekstovi.net/2,1609,19270.html",,,,,,,,"['Maja Šuput', 'Marko Perica']",https://diskografija.com/pjesma/ljubi-gdje-me-boli-9176.htm,Ljubi gdje me boli,['Miro Buljan'],['Nenad Ninčević'],"['Robert Vrbančić', 'G. Kovačić']",2006 - Hrvatski Radijski Festival 2006,2006 - Obori me s nogu - Maja Šuput
8,Wal+tKVc_1_8,Maja Šuput,Maja Šuput,Ljubi me,3656,"Ovaj dan je bio los
i samo jedna kriva rijec
i pokvarit ces ga jos

A ti znas, a znam i ja
da to sto radim hoce znati
cijela drzava
 
I sve je nocas bas kako treba
tijela su tijela, kajanja nema
na usnama vino i mjesec je mlad
samo probaj

Ref.
Ljubi, ljubi me
da trag mi ostane
nju zaboravi
ja nemam nista s tim

Ljubi, ljubi me
nije vazno gdje
ma daj da poludim
samo ljubi me

Mogla sam mu reci ne
i s vrata skinut problem taj
ma pusti k vragu sve

Al' briga me, je l' pametno
kad to je jace od mene
i hocu namjerno

Da me ljubis strasno barem do jutra
savjest neka grize tek sutra
na usnama vino i mjesec je mlad
samo probaj

Ref. 2x","https://tekstovi.net/2,1609,50879.html",,,,,,,,['Maja Šuput'],https://diskografija.com/pjesma/ljubi-me-15426.htm,Ljubi me,,,,,
9,Wal+tKVc_1_9,Maja Šuput,Maja Šuput,Lopove (feat. Dragi),6514,"Nocas ce biti lom
nocas nemoj biti s njom
oko mene se ljube svi
ali ti falis mi

Samo da me mazis
samo da me pazis
ovu noc da ljubis me
crno oko moje uzmi sve je tvoje
kad te nema gubim se
 
Ref.
Lopove, lopove
jedna ruka mazi
druga ruka krade
lopove, lopove
pa te zovem zlato
pa te zovem gade

Vadi sve iz dzepova
obicna si nevolja
dragi znas da mrzim te
dodji i ukradi me
lopove

Nocas ce biti top
nek se ljulja pod i strop
oko mene su ludi svi
samo ti falis mi

Ref.

Svi zivi znamo da je Maja do jaja
natoci mi do vrha i pojacaj do kraja
Vamos a la playa
She's on fire
reci mi sto zelis Maja

Ref.","https://tekstovi.net/2,1609,50246.html",,Lopove,Thief,,"Nocas ce biti lom
1
Nocas nemoj biti s njom
Oko mene se ljube svi
ali ti falis mi. Samo da me mazis
Samo da me pazis
Ovu noc da ljubis me
Crno oko moje uzmi sve je tvoje
Kad te nema gubim se. Lopove, lopove
Jedna ruka mazi
druga ruka krade
Lopove, lopove
pa te zovem zlato
pa te zovem gade. Vadi sve iz dzepova
Obicna si nevolja
Dragi znas da mrzim te
Dodji i ukradi me
Lopove. Nocas ce biti top
Nek se ljulja pod i strop
Oko mene su ludi svi
samo ti falis mi. Samo da me mazis
Samo da me pazis
Ovu noc da ljubis me
Crno oko moje uzmi sve je tvoje
Kad te nema gubim se. Lopove, lopove
Jedna ruka mazi
druga ruka krade
Lopove, lopove
pa te zovem zlato
pa te zovem gade. Vadi sve iz dzepova
Obicna si nevolja
Dragi znas da mrzim te
Dodji i ukradi me
Lopove","The rumpus will be tonight
Don't be with her tonight
Everybody around me is kissing
But I miss you. To cuddle with me
To take care of me
To kiss me this night
My black-eyed one, take it, everything is yours
When you're not here I'm lost. Thief, thief
Your one hand is touching me
Your other hand is stealing
Thief, thief
I call you my treasure
Then I call you bastard. Take out everything from your pockets
You are just trouble
Darling you know that I hate you
Come and steal me
Thief. Tonight will be top
Let's rock the floor and and the ceiling
Everybody around me is crazy
I just miss you. To cuddle with me
To take care of me
To kiss me this night
My black-eyed one, take it, everything is yours
When you're not here I'm lost. Thief, thief
Your one hand is touching me
Your other hand is stealing
Thief, thief
I call you my treasure
Then I call you bastard. Take out everything from your pockets
You are just trouble
Darling you know that I hate you
Come and steal me
Thief",https://lyricstranslate.com/en/lopove-thief.html,['Maja Šuput'],https://diskografija.com/pjesma/lopove-25524.htm,Lopove,,,,,
10,Wal+tKVc_1_10,Maja Šuput,Maja Šuput,Los po mene,14820,"Udjes i srce mi na pod
 ko pokoseno padne znas
poznam ti pogled, glas i hod
 ma tu si da me ubijas

I nemam snage svaki put
 da sve sa tebe ne skinem
da odolim ti i da kazem ne
 a muski bi da jednom poginem
 
Ref.
Ima nesto divlje u nama
 vuce usne prema usnama
nesto jako me tjera duso da tvoja sam
a srce lomis uvijek kad ga dam

Ima nesto divlje u nama
 pusti rjeci, pricaj rukama
sve dok traje 
ma pusti me da uzivam
los po mene odavno si znam
los po mene oduvijek si znam

Otvoris svoje dlanove
 i vidim mapu sudbine
pustam sve planove kad dodjes mi
 prstom po rubu haljine

I traje, traje igra ta
 srce mi grudi probija
u ljubavi, ti bolji gubi sve
 a onaj gori uvijek dobija

Ref.","https://tekstovi.net/2,1609,36744.html",,Loš po mene,Bad for me,,"Uđeš i srce mi na pod
ko pokošeno padne, znaš
poznam ti pogled, glas i hod,
ma tu si da me ubijaš. I nemam snage svaki put
da sve sa tebe ne skinem,
da odolim ti i da kažem ne,
a muški bi da jednom poginem. [Refren]
Ima nešto divlje u nama
vuče usne prema usnama,
nešto jako me tjera, dušo, da tvoja sam,
a srce lomiš uvijek kad ga dam. Ima nešto divlje u nama,
pusti riječi, pričaj rukama,
sve dok traje
ma pusti me da uživam,
loš po mene odavno si, znam
loš po mene oduvijek si, znam. Otvoriš svoje dlanove
i vidim mapu sudbine,
puštam sve planove kad prođeš mi
prstom po rubu haljine. I traje, traje igra ta,
srce mi grudi probija,
u ljubavi ti bolji gubi sve,
a onaj gori uvijek dobija","You enter in and my heart
fall down, you know
I know your look, voice and walk,
You are here to kill me. And I'm not strong enough everytime
to not take off everything from you,
to resist you and to say ''no''
I would like to die like a man once. There's something wild inside us
it is pulling lips to lips,
something strong makes me to be your, baby,
but you are breaking my heart everytime when I give it to you. There's something wild inside us,
leave words, talk to me with hands,
as long as it lasts
let me enjoy it,
long time you are bad for me, I know
since forever you are bad for me, I know. You open your hands
and I see the map of destiny,
I leave all plans behind when you come
with your finger on the edge of my dress. And that game lasts and lasts,
Heart breaks my chest,
In love better person loses all,
and the bad one always wins",https://lyricstranslate.com/en/lo%C5%A1-po-mene-bad-me.html,['Maja Šuput'],https://diskografija.com/pjesma/los-po-mene-19953.htm,Loš po mene,,,,,
11,Wal+tKVc_1_11,Maja Šuput,Maja Šuput,Ne lomi mi srce,5106,"Ljubila sam djavola
bio mi je los
htjela sam ga uvijek jos

Ali nema plakanja
ove noci toci nam
kao da mi je rodjendan
 
Klub je pun a tvoje price prazne
kazes da me volis, pijanu me lazes
vidis da ti svojim srcem masem
kako da ti kazem

Ref.
Ne lomi mi srce, lomi mi krevet
sve su tvoje prazne price
da l' varas me sa jednom ili sa devet
ti razbojnice

Ne lomi mi srce, lomi mi krevet
lomi case jer me volis
koliko me ljubis da modrice pravis
i usne bolis

Ref. 2x","https://tekstovi.net/2,1609,51599.html",,Ne lomi mi srce,Don't break my heart,,"Ljubila sam đavola
1
Bio mi je los, htjela sam ga uvijek još
Ali nema plakanja
Ove noći toči nam kao da mi je rođendan. Klub je pun, a tvoje priče prazne
Kažu da me voliš, pijanu me lažeš
Vidiš da ti svojim srcem mašem
Kako da ti kazem. Refren
Ne lomi mi srce
Lomi mi krevet
Sve su tvoje prazne priče
Jel varaš me s jednom
Ili sa devet, ti razbojniče
Ne lomi mi srce
Lomi mi krevet
Lomi čaše jer me voliš
Koliko me ljubiš da modrice praviš
I usne boliš. Eeeej, a ja lomim te jako
Lomim te u struku
Eeeej, uzalud bježim
Kad usne tebi vuku. Samo da poljubim te Maja
Da ova večer nema kraja. Ljubila sam đavola
Bio mi je los, htjela sam ga uvijek još
Ali nema plakanja
Ove noći toči nam ko da mi je rođendan. Klub je pun, a tvoje priče prazne
Kažu da me voliš, pijanu me lažeš
Vidiš da ti svojim srcem mašem
Kako da ti kazem. Refren Ne lomi mi srce
Lomi mi krevet
Sve su tvoje prazne priče
Jel varaš me s jednom
Ili sa devet, ti razbojniče
Ne lomi mi srce
Lomi mi krevet
Lomi čaše jer me voliš
Koliko me ljubiš da modrice praviš
I usne boliš. Eeeej, a ja lomim te jako
Lomim te u struku
Eeeej, uzalud bježim
Kad usne tebi vuku. Samo da poljubim te Maja
Da ova večer nema kraja. Refren
Ne lomi mi srce
Lomi mi krevet
Sve su tvoje prazne priče
Jel varaš me s jednom
Ili sa devet, ti razbojniče
Ne lomi mi srce
Lomi mi krevet
Lomi čaše jer me voliš
Koliko me ljubiš da modrice praviš
I usne boliš","I loved the devil
He was bad, I always wanted him even more
But I won't cry
Tonight pour it as if it is my birthday. Club is crowded and your talk is empty
They say you love me, I'm drunk and you're lying to me
Can't you see I'm waving with my heart
How to tell you.... Don't break my heart
Break my bed
Your whole talk is empty
Do you cheat on me with one girl
Or with nine of them, you robber
Don't break my heart
Break my bed
Break glasses because you love me
You're kissing me so much that I have bruises
And my lips are hurting",https://lyricstranslate.com/en/ne-lomi-mi-srce-dont-break-my-heart.html,['Maja Šuput'],https://diskografija.com/pjesma/ne-lomi-mi-srce-26567.htm,Ne lomi mi srce,,,,,
12,Wal+tKVc_1_12,Maja Šuput,Maja Šuput,Neizljecivo (feat. Romalen),1737,"Svirajte za sve ljubavnice
jer i tanke i njezne mog srca su zice
i ovu noc s tobom bi bila
al' ni ptica ne leti kad slome krila

Sada putujem gdje ljubav boli
jos me nocas voli
 
Ref.
Neizljecivo srce je moje
otkako je bez ljubavi tvoje
svijet ce propasti, kraj nam se sprema
tebe ocekujem, a tebe nema

Ko mjesec mlad suze se cakle
i jos boli me mjesto gdje moje usne su me takle
i ovu noc s tobom bi bila
al' ni ptica ne leti kad slome krila

Ref.

Ref. 2x","https://tekstovi.net/2,1609,50880.html",,,,,,,,"['Maja Šuput', 'Romalen']",https://diskografija.com/pjesma/neizljecivo-15431.htm,Neizlječivo,,,,2011 - Nevaljala,2011 - Nevaljala - unplugged - Maja Šuput & Maredo
13,Wal+tKVc_1_13,Maja Šuput,Maja Šuput,Nek ti bude krivo,27845,"Duso pitam se kamo sve to vodi
pa kazem sama sebi, daj se oslobodi
dosta je noci u suzama i znoju
skidam sa sebe ovu sivu boju
oblacim crveno i pravit cu se ja
da ne volim te oci boje indiga
 
Nocas izlazim u grad i ulice zapalit cu
i na tebe i na nju dragi, tocku stavit cu
ostavljam tugu s prasinom na cesti
nije me briga da li cu te sresti
oblacim crveno i nocas moj je grad
ne zanima me vise ni gdje si sad

Ref. 2x
Svirajte mi zivo nek muzika me spasi
nek se tresu stolovi sa kojih cemo pasti
a kad ti neka druga krevet namjesti
ti zatvori oci pa me zamisli
i nek ti bude krivo sto me vise nemas
nek ti bude krivo, sada kad me trebas

Ref. 2x","https://tekstovi.net/2,1609,38582.html",,Nek' ti bude krivo,May you feel sorry,,"Dušo pitam se kamo sve to vodi
1
pa kažem sama sebi, daj se oslobodi
dosta je noći u suzama i znoju
skidam sa sebe ovu sivu boju
oblačim crveno i pravit ću se ja
da ne volim te oči boje indiga. Noćas izlazim u grad i ulice zapalit ću
i na tebe i na nju dragi, točku stavit ću
ostavljam tugu s prašinom na cesti
nije me briga da li ću te sresti
oblačim crveno i noćas moj je grad
ne zanima me više ni gdje si sad. Svirajte mi živo nek muzika me spasi
nek se tresu stolovi sa kojih ćemo pasti
a kad ti neka druga krevet namjesti
ti zatvori oči pa me zamisli
i nek ti bude krivo što me više nemaš
nek ti bude krivo, sada kad me trebaš","Honey, I wonder where all this leads
And I tell myself ''free yourself''
I'm tired of night in tears and sweat
I'm taking off of myself this gray color
I dress myself in red and I'll pretend
I do not like those indigo eyes. Tonight I'm going out in the town and I'll set streets on fire
I'll put an end to you and to her too, my darling
I'm leaving sadness with dust on the road
I do not care will I meet you
I dress myself and town is mine tonight
I don't care anymore where are you now. Play me cheerful music so music will save me
Let shake the tables from which we will fall
And when some other girl set your bed
Close your eyes and imagine me
And I wish you will feel sorry because you don't have me anymore
I wish you will feel sorry now, when you need me",https://lyricstranslate.com/en/nek-ti-bude-krivo-may-you-feel-sorry.html,['Maja Šuput'],https://diskografija.com/pjesma/nek-ti-bude-krivo-19952.htm,Nek ti bude krivo,,,,,
14,Wal+tKVc_1_14,Maja Šuput,Maja Šuput,Nemam koga volim najvise,17517,"Mirises li jos po poljskom cvijecu
nisu blaga dovoljna za srecu
ne znam kud sa sobom 
sve bih dala za minutu s tobom
a tu minutu docekati necu

Ref. 2x
Svega imam, sve sto pozelim
i s drugima rado podjelim
svega imam cak i previse
nemam koga volim najvise
 
Nisu vise tako topla ljeta
i bas cesto uhvati me sjeta
grijeh je da se covjek zali
ali sve mi tvoje fali
sto ne starim s tobom bas je steta

Ref. 2x

I nisu vise tako topla ljeta 
i bas cesto uhvati me sjeta
grijeh je da se covjek zali
ali sve mi tvoje fali
sto ne starim s tobom bas je steta","https://tekstovi.net/2,1609,24694.html",,,,,,,,['Maja Šuput'],https://diskografija.com/pjesma/nemam-koga-volim-najvise-10156.htm,Nemam koga volim najviše,['Denis Dumančić'],['Faruk Buljubašić Fayo'],"['Robert Vrbančić', 'Goran Kovačić']",2006 - Obori me s nogu,2007 - Hit Records Party 2
15,Wal+tKVc_1_15,Maja Šuput,Maja Šuput,Neprilika,7582,"Pice i muzika
treba mi isprika
da nestanem 
da zaboravim
ti si mi prilika
a mozda i neprilika
 
Noc je ko stvorena
da nam se posreci
taman smo popili
sreca je u nesreci
treba mi sretan kraj
prespavaj

Ref. 2x
Svjetla ugasite
da ga ne vidim
ruke mi svezite
da ga ne grlim

Jer to mi pada napamet
kad smo sami ja i ti
to mi pada napamet
a sto bi drugo radili
to mi pada napamet
ja lopov, a ti prilika i neprilika 

Ref. 

Svjetla ugasite
ruke mi svezite","https://tekstovi.net/2,1609,44413.html",,Neprilika,Trouble,,"Piće i muzika treba mi isprika
1
da ne stanem da zaboravim
ti si mi prilika
a možda i neprilika. Noć je k'o stvorena da nam se posreći
taman smo popili sreća je u nesreći
treba mi sretan kraj prespavaj. Svjetla ugasite
da ga ne vidim
ruke mi svežite
da ga ne grlim. Jer to mi pada napamet
kad smo sami ja i ti
to mi pada napamet
a što bi drugo radili
to mi pada napamet
ja lopov a ti prilika i neprilika. Svjetla ugasite,
da ga ne vidim
ruke mi svežite,
da ga ne grlim. Jer to mi pada napamet
kad smo sami ja i ti
to mi pada napamet
a što bi drugo radili
to mi pada napamet
ja lopov a ti prilika i neprilika. Noć je k'o stvorena da nam se posreći
taman smo popili sreća je u nesreći
treba mi sretan kraj prespavaj. Svjetla ugasite
da ga ne vidim
ruke mi svežite
da ga ne grlim. Jer to mi pada napamet
kad smo sami ja i ti
to mi pada napamet
a što bi drugo radili
to mi pada napamet
ja lopov a ti prilika i neprilika. Svjetla ugasite
ruke mi svežite. Jer to mi pada napamet
kad smo sami ja i ti
to mi pada napamet
a što bi drugo radili
to mi pada napamet
ja lopov a ti prilika i neprilika. Jer to mi pada napamet
kad smo sami ja i ti
to mi pada napamet
a što bi drugo radili
to mi pada napamet
ja lopov a ti prilika i neprilika.","Drink and music, I need an excuse
to disappear, to forget
You are my opportunity (chance to do that)
Or maybe you are trouble. Night is perfect for us to get lucky
We drank enough, there's blessing in disguise
I need a happy ending, stay over here. Turn off the lights
so I won't see him
Tie my hands
so I won't hug him. Because that comes to mind
when we are alone
That comes to my mind
And what else we are supposed to do
That comes to my mind
I am a thief and you are opportunity and trouble. Turn off the lights
so I won't see him
Tie my hands
so I won't hug him. Because that comes to mind
when we are alone
That comes to my mind
And what else we are supposed to do
That comes to my mind
I am a thief and you are opportunity and trouble. Night is perfect for us to get lucky
We drank enough, there's blessing in disguise
I need a happy ending, stay over here",https://lyricstranslate.com/en/neprilika-trouble.html,['Maja Šuput'],https://diskografija.com/pjesma/neprilika-19955.htm,Neprilika,,,,,
16,Wal+tKVc_1_16,Maja Šuput,Maja Šuput,Nevaljala,27032,"Sto ona ima da ja nemam
pokazi mi i odmah mijenjam
i bit cu posesivna
bit cu sve sto treba

Ref. 2x
Kazu da sam ja nevaljala
nevaljala, nevaljala
da sam drska i
bezobrazna, bezobrazna
 
Jesam, pa sta
ne dam sta je moje
tudje prokleto je
takva sam ti ja
kad ona je ta sto te otima

Gdje god da podjem kruze price
s kime spavam, kog' se tice
zao prati me glas
ali ne dam na nas

Ref. 2x","https://tekstovi.net/2,1609,30430.html",,Nevaljala,Bad girl,,"Što ona ima da ja nemam?
Pokaži mi - odmah mijenjam
I bit ću posesivna
Bit ću sve što treba. (Refren)
Kažu da sam ja nevaljala
Nevaljala, nevaljala
Da sam drska i
Bezobrazna, bezobrazna
Jesam, pa šta?
Ne dam šta je moje,
Tuđe prokleto je
Takva sam ti ja,
Kad ona je ta što te otima. Gdje god da pođem, kruže priče
S kime spavam - kog se tiče?
Zao prati me glas,
Ali ne dam na nas. (Refren)","What does she have that I don't have?
Show me and I'll change it right now
And I'll be possessive
And I'll be everything I have to be. Chorus 2x
They say that I'm bad girl
Bad girl, bad girl
That I'm cheeky and impudent
Impudent, impudent
Yes, I am, so what?. I don't give away anything that's mine
And everything that belongs to other is cursed
That's the way I am
When she's the one that steals you. Wherever I go, rumours go around
Who do I sleep with - whose business is that?!
I have a bad reputation
But I don't let anything destroy us. Chorus 2x",https://lyricstranslate.com/en/nevaljala-bad-girl.html,['Maja Šuput'],https://diskografija.com/pjesma/nevaljala-15424.htm,Nevaljala,,,,,
17,Wal+tKVc_1_17,Maja Šuput,Maja Šuput,Ni na nebu ni na zemlji,24985,"Bilo gdje s tobom sam spremna otputovati
i na rijec sve sto mi kazes povjerovati
bilo kad s tobom bih mogla, vjeruj, krenuti
i za sobom vise se nikada ne okrenuti

Ref. 2x
Ni na nebu ni na zemlji sam 
sva sad drhtim kad te ugledam
daj mi reci da si moj
to htjela bih da znam
jer ovako ni na nebu 
ni na zemlji sam

Budjenja sa mnom bi bila puna radosti
imas li dovoljno ljubavi i hrabrosti
poljubac vise od rijeci bi ti rekao
bilo bi ti zao, sto si toliko cekao

Ref. 4x

Ni na nebu","https://tekstovi.net/2,1609,23899.html",,,,,,,,['Maja Šuput'],https://diskografija.com/pjesma/ni-na-nebu-ni-na-zemlji-10155.htm,Ni na nebu ni na zemlji,,,,,
18,Wal+tKVc_1_18,Maja Šuput,Maja Šuput,Pacijenti ljubavi,1555,"Casu digla sam vec
pa vas molim za rijec
prvi put bih priznala
kako me je ljubav izdala

Njemu dala sam sve
a on prodao me
znate kako ide to
prica vam zvuci poznato
 
I zato sad vas molim
da nocas ga prebolim

Ref. 
Dobra noc gospodo
mogu li ja za vas sto
da mu casom nesrece
nazdravim

Do vrha tocite
dusu svi otvorite
nije vazno sto mi ime ne znate
u bolu rod smo svi
anonimni pacijenti ljubavi","https://tekstovi.net/2,1609,54740.html",,,,,,,,,,,,,,,
19,Wal+tKVc_1_19,Maja Šuput,Maja Šuput,Poljubi me kraj rijeke,2521,"Ref.
Poljubi me kraj rijeke
gdje smo djeca bili mi
ponesi i gitaru
kao nekad sviraj mi

Poljubi me kraj rijeke
moja prva ljubavi
tu jednu zelju staru
meni nocas ispuni
 
Neveni i ruze u travi mirisu
odavno moje grudi za tobom uzdisu
nebo puno zvijezda na tvome ramenu
ptice nas iz gnijezda u cudu gledaju

Ref.

Ref.","https://tekstovi.net/2,1609,50878.html",,,,,,,,['Maja Šuput'],https://diskografija.com/pjesma/poljubi-me-kraj-rijeke-15428.htm,Poljubi me kraj rijeke,,,,,
20,Wal+tKVc_1_20,Maja Šuput,Maja Šuput,Premija,2735,"Tip si koji zavodi
vidim kamo ovo vodi 
izgledas kao moja 
sljedeca pogreska 

Paznja i skupi darovi 
to je ono sto godi mi 
da mi pricas price
koje na romane slice 
 
Ref. 
Lazi mi, kazi mi
da sam ti najbolja 
lazem ti, kazem ti
da si prava premija 

Nemoj reci da te nisam upozorila 
igrac sam kao ti, losa sam s imenima 
nisam ja za veze, to me ne zanima 
danas sam tvoja, sutra nicija 

Imam prazno mjesto 
u avionu ludila 
vezi se, polijecemo 
sutra je amnezija

Ref.

Ref.","https://tekstovi.net/2,1609,53062.html",,Premija,Premium,,"Tip si koji zavodi
1
vidim kamo ovo vodi
izgledaš kao moja
sljedeća pogreška. Pažnja i skupi darovi
to je ono što godi mi
da mi pričaš priče koje na
romane sliče. -Refren-. Laži mi kaži mi
da sam ti najbolja
lažem ti kažem ti
da si prava premija
nemoj reći da te nisam
upozorila. Igrač sam kao ti
loša sam s imenima
nisam ja za veze
to me ne zanima
danas sam tvoja
sutra ničija. Imam prazno mjesto
u avionu ludila
veži se polijećeno
sutra je amnezija. Pažnja i skupi darovi
to je ono što godi mi
da mi pričaš priče koje na
romane sliče. - Refren 2x -. Laži mi kaži mi
da sam ti najbolja
lažem ti kažem ti
da si prava premija
nemoj reći da te nisam
upozorila. Igrač sam kao ti
loša sam s imenima
nisam ja za veze
to me ne zanima
danas sam tvoja
sutra ničija","You're a guy who seduces
I see where this is leading
You look like mine
The next mistake. Attention and expensive gifts
That's what I enjoy
You are telling stories that are
in novels. -Chorus-. Lie to me, tell me
That I am your best
I'm lying to you, I tell you
That you're a premium right
Don't say I didn't
warn you. I'm a player, like you
I'm bad with names
I'm not for relationships
I don't care
Today I am yours
Tomorrow I am nobody's. I have an empty place
Aboard the plane of madness
Let's get off the hook
Tomorrow is forgotten. Attention and expensive gifts
That's what I enjoy
You are telling stories that are
in novels. - Chorus 2x -. Lie to me, tell me
That I am your best
I'm lying to you, I tell you
That you're a premium right
Don't say I didn't
warn you. I'm a player, like you
I'm bad with names
I'm not for relationships
I don't care
Today I am yours
Tomorrow I am nobody's",https://lyricstranslate.com/en/premium-lyrics.html,,,,,,,,
21,Wal+tKVc_1_21,Maja Šuput,Maja Šuput,Raj i pakao,80317,"Moje su oci plavo ledene, plavo ledene 
a usne vatrene
ti volis moje lice andjela, lice andjela 
i ruke djavola

Zvao si me 
sve do kraja svijeta
do najdaljih planeta
do zemlje Aljaske
 
A nasla sam te
negdje na Balkanu
u njenome stanu
kako ljubis je

Ref.
Raj i pakao, gdje god si me takao
igra gotova, imas srce lopova
Pariz, London, Rim, putuj da te ne vidim
jer ti, ti, ti lagao si mi

Moja je ljubav prava iskrena, prava iskrena 
na minut ili dva
bila si, bila meni jedina, meni jedina 
jos jedna naivna

Zvao si me
preko sinjeg mora
preko sedam gora
sedam planina

A nasla sam te
negdje na Balkanu
u njenome stanu
kako ljubis je

Ref. 2x

Ref. 2x","https://tekstovi.net/2,1609,26110.html",,Raj i pakao,Heaven and hell,,"Moje su oči plavo ledene, plavo ledene.
1
A usne vatrene.
Ti voliš moje lice anđela, lice anđela.
I ruke đavola.. Zvao si me
sve do kraja svijeta,
do najdaljih planeta,
do zemlje Aljaske.. A našla sam te
negdje na Balkanu,
u njenome stanu,
kako ljubiš je.. Refren
Raj i pakao, gdje god si me takao,
igra gotova, imaš srce lopova.
Pariz, London, Rim, putuj da te ne vidim,
jer ti, ti, ti lagao si mi.. Moja je ljubav prava iskrena, prava iskrena
na minut ili dva bila si,
bila meni jedina, meni jedina,
još jedna naivna.. Zvao si me
preko sinjeg mora,
preko sedam gora,
sedam planina.. A našla sam te
negdje na Balkanu,
u njenome stanu,
kako ljubiš je.. Refren 2x","My eyes are as blue as ice, as blue as ice
And lips like fire.
You love my angel face, angel face
And devil hands.. You've called me
to the end of the world
to the furthest planets
to Alaska.. And I've found you
somewhere on Balkan
in her apartment
you were kissing her. Ref
Heaven and hell, wherever you've touched me
game over, you have a heart of a thief.
Pariz, London, Rim, go, I don't wanna see you
'cause you, you, you have lied to me.. My love is real honest, real honest
for a minute or two you were
my only one, only one
another naive one.. You've called me
to the end of the world
to the furthest planets
to Alaska.. And I've found you
somewhere on Balkan
in her apartment
you were kissing her. Ref x2",https://lyricstranslate.com/en/raj-i-pakao-heaven-and-hell.html,['Maja Šuput'],https://diskografija.com/pjesma/raj-i-pakao-13875.htm,Raj i pakao,,,,2008 - Hrvatski Radijski Festival 2008 - 40 najbolja,2011 - Nevaljala
22,Wal+tKVc_1_22,Maja Šuput,Maja Šuput,"Skidaj se, ljubavi (feat. Milos Vujanovic)",2536,"Mogla si da imas sve 
sto pozelis, ljubavi 
s tom lepotom nevinom 
i sto nisi mogla si 

Ali ti si sve sto 
ti se nudi odbila 
i za mene se k'o za 
vazduh borila 
 
Opet sam na dnu 
s porocima sam 
al' jedno znam 

Ref. 
Ponovo, ponovo 
ti bi sve ponovo 
ne idu zajednoo 
krila i olovo 

Ne idi zajedno 
dve vere, veruj mi 
veran sam porocima 
al' meni si verna ti 
skidaj se sa ljubavi 

Mogao si ti imati 
sto pozelis, ljubavi 
mogao si birati 
prstom birati 

Ali ti si 
bas svaku odbio 
i za mene se k'o za 
vazduh borio

Ref. 2x","https://tekstovi.net/2,1609,53730.html",,Skidaj se sa ljubavi,Give up on love,,"[Miloš Vujanović]
Mogla si da imaš sve
Što poželiš, ljubavi
S tom lepotom, nevinom
I što nisi, mogla si. Ali ti si sve što
Ti se nudi odbila
I za mene se k'o za
Vazduh borila. Opet sam na dnu
S porocima sam
Al' jedno znam. Ponovo, ponovo
Ti bi sve ponovo
Ne idu zajedno
Krila i olovo. Ne idu zajedno
Dve vere, veruj mi
Veran sam porocima
Al' meni si verna ti
Skidaj se sa ljubavi. [Maja]
Mogao si ti imati
Što poželiš, ljubavi
Mogao si birati
Prstom birati. Ali ti si
Baš svaku odbio
I za mene se k'o za
Vazduh borio. Opet sam na dnu
S porocima sam
Al' jedno znam. Ponovo, ponovo
Ti bi sve ponovo
Ne idu zajedno
Krila i olovo. Ne idu zajedno
Dve vere, veruj mi
Veran sam porocima
Al' meni si verna ti
Skidaj se sa ljubavi. [Maja i Miloš]
Ponovo ponovo
ti bi sve ponov
ne idu zajednoo
krila i olovo. Ne idu zajedno
Dve (vjere) vere, veruj mi
Vjerana (veran) sam porocima
Al' meni si (verna) vjeran ti
Skidaj se sa ljubavi","MILOŠ VUJANOVIĆ:
You could had everything
you want, love
with that innocent beauty
and what you didn´t do, you could. But you´re all that
what was offered to you, you refused
and you fight for me
like for the air. I´m at the bottom again
I´m with losers
but I know one thing. Again, again
you would do it all again
it can´t be together
wings and lead. It can´t be together
two religions, belive me
I´m faithful to vices
but you´re faithful to me
give up on love. MAJA:
You could had
whatever you wanted, love
you could choose
choose with finger. But you´re all that
what was offered to you, you refused
and you fight for me
like for the air. I´m at the bottom again
I´m with losers
but I know one thing. Again, again
you would do it all again
it can´t be together
wings and lead. It can´t be together
two religions, belive me
I´m faithful to vices
but you´re faithful to me
give up on love. MAJA and MILOŠ:
Again, again
you would do it all again
it can´t be together
wings and lead. It can´t be together
two (religions) religions, belive me
I´m faithful (faithful) to vices
but you´re faithful (faithful) to me
give up on love",https://lyricstranslate.com/en/skidaj-se-sa-ljubavi-give-love.html,,,,,,,,
23,Wal+tKVc_1_23,Maja Šuput,Maja Šuput,Sutra u podne,16289,"Ljubav je okrutna
ma nek' sam prokleta
i sve mi ovo s tobom nije trebalo

Ma nisam nervozna
tek malo nemirna
al' kazu to ce proci, to je normalno
 
A nekad pomislim mozda oprostim
al' koja mi korist od tog'
prvo me povrijedis, zatim izgubis
tebi na dusu je to

Ref.
I jos na kraju samo svrati sutra u podne
da uzmes stvari i ostavis kljuc
i nemoj me pitat' da l' sretna sam s njim
gledaj me posljednji put

Svrati sutra u podne
da jos uzmes sto ostalo je
a ja ti, sreco, propasti necu
i suti kada dodjes, molim te

Hej moje maleno
dobar si jedino
za jednu noc il' dvije najvise

Ne vrijedjam namjerno
to je srce slomljeno
a ova kap je i za casu previse

A nekad pomislim mozda oprostim
al' koja mi korist od tog'
prvo me povrijedis, zatim izgubis
tebi na dusu je to

Ref. 

Ref.","https://tekstovi.net/2,1609,24479.html",,,,,,,,,,,,,,,
24,Wal+tKVc_1_24,Maja Šuput,Maja Šuput,Svatovska,101968,"Gle vesele nam svatove
sretan kog se u njih zove
hajmo popiti sve sto imamo
sami sjedit na to pravo nocas nemamo

Ref.
Vadi kume kes, kes
nema nocas os, nes
nema nocas ima, nema
nikome se ne drijema
 
Vidi nasu lipu mladu
ma, nema je u selu, gradu
pogledajte nju, tu ljepoticu
cini ti se k'o da gledas sliku svetacku

Ref.

Gle mladenca, blago meni
odmah vidis 'ko se zeni
do jucer se jos za svakom okreco
al' je danas drugi covjek jer se obeco

Ref.

Hajde, kume, 'drisi kesu
ma, kumovi su to sto jesu
sto da sviramo tebi na uho
al' svatovi nas ne mogu pratit na suho

Ref. 2x","https://tekstovi.net/2,1609,28181.html",,,,,,,,"['Maja Šuput', 'Maredo']",https://diskografija.com/pjesma/svatovska-15430.htm,Svatovska,,,,,
25,Wal+tKVc_1_25,Maja Šuput,Maja Šuput,Varas me,1942,"Nije to ljubav
 jer ljubav voli i ne zavidi
ljubav sve prasta i sve podnosi
nije to sto mi radis ti

Sto ti je zivot, kap iz srece
kisa tuge, sreca
jer tu za ljude drugi mijenjam
svaki vuk dlaku ali cut
mijenjati to je uzalud
 
Ref.
Varas me nocima, nocima
sa suzama u ocima, ocima
to mozes skrivati od ljudi
nebo nek prasta, ja ti sudim

Varaj me, ali znaj, ali znaj
jednom kad prodje taj lazni sjaj
postelja svilena, a prazna
tvoj zlocin, tvoja je i kazna
za kraj

Nije mi nista, slagat cu 
to mi je pametnije
ljubav je stvorena za sretnije
plakat cu sutra radije

Ref. 2x","https://tekstovi.net/2,1609,50875.html",,,,,,,,['Maja Šuput'],https://diskografija.com/pjesma/varas-me-15425.htm,Varaš me,,,,,
26,Wal+tKVc_1_26,Maja Šuput,Maja Šuput,Zauvijek zajedno,2782,"Za tri srca zivim ja
sreco moja jedina
jedno srce tvoje je
drugo srce moje je

A trece dobrog andjela
da nam ljubav zauvijek sacuva
 
Ref.
Zauvijek zajedno ostat cemo mi
kad prodju godine i kad se ostari
i kad se ostari

Zauvijek zajedno u dobru i u zlu
ljubav ne umire kad vjerujes u nju
kad vjerujes u nju

Hvala sretnoj zvijezdi toj
koja mi te vodila
zbog tebe sam zivjela
za tebe se rodila

Nije ljubav zlata sjaj
ljubav je srece osjecaj

Ref.

Ref.","https://tekstovi.net/2,1609,50876.html",,,,,,,,['Maja Šuput'],https://diskografija.com/pjesma/zauvijek-zajedno-14572.htm,Zauvijek zajedno,,,,2010 - Split 2010,2011 - Nevaljala
27,Wal+tKVc_1_27,Maja Šuput,Maja Šuput,Zeno draga,1609,"Sredila se jedna zena
kao jabuka rumena 
gledaju je, pa je zale
 uvatila se budale

Zeno draga, zeno draga 
vec te volim kao sestru
 ne daj Boze da te nema
 ja bi bila na tvom mijestu
 
Svadbena cuju se zvona
 danas ce tebe da zeni
 uzasne radit ce stvari
 ko sto je radio meni

Ref. 2x
A ja cu suze da ti predvidim 
ko sto kisa lije
tvoju tugu vec sam zivjela
dobar bio nije

Sredila se jedna zena
ispred kuce stoji lijepa
ima oba oka zdrava
 pitaju se da l' je slijepa

Ref. 2x

Ref. 2x","https://tekstovi.net/2,1609,64209.html",,,,,,,,,,,,,,,
