Unnamed: 0,Song_ID,Artist,Artist_diskografija,Song_tekstovinet,Views_tekstovinet,Lyrics_tekstovinet,Url_tekstovinet,Writer_lyricstranslate,Song_lyricstranslate,EngTitle_lyricstranslate,Album_lyricstranslate,Lyrics_lyricstranslate,EngLyrics_lyricstranslate,Url_lyricstranslate,Izvedba_diskografija,Url_diskografija,Song_diskografija,Album_1_diskografija,Album_2_diskografija,Skladba_diskografija,Stihovi_diskografija,Album_3_diskografija,Aranžman_diskografija,Album_4_diskografija,Lyrics_cuspajz,Song_cuspajz,Url_cuspajz
0,+RXzsM0Y_1_0,Mate Bulić,Mate Bulić,Ako se ikad na nebu sretnemo,11664,"Kad mi tuga srce opije
kad ni vino mi ne pomaze
ne moze se protiv sudbine
sad mi dusa pusta ostade
2x

Nit' osmjeha tvoga kada nema
da mi samocu razbije
sanjam tvoju nestvarnu ljepotu
sve si meni bila u zivotu
 
Ref.
Ako se ikad na nebu sretnemo
da li ces me, duso, i tad znati
hoces li mi ruke svoje pruziti
hoces li mi tugu otjerati

Ako se ikad na nebu sretnemo
da li ces ime moje pamtiti
hoces li mi oprostiti sve
sta ce mi zivot bez tebe","https://tekstovi.net/2,729,26465.html",,,,,,,,['Mate Bulić'],https://diskografija.com/pjesma/ako-se-ikad-na-nebu-sretnemo-12947.htm,Ako se ikad na nebu sretnemo,,,,,,,,,,
1,+RXzsM0Y_1_1,Mate Bulić,Mate Bulić,Bilo jednom sretnih dvoje,11334,"Ne znas, moja tugo
kako dusa pati
kako ova ljubav boli 
kad je nemam kome dati

Ne znas, moja tugo
nikad neces znati
kako je kad nekog cekas 
a neces ga docekati
 
Ref. 2x
Bilo jednom sretnih dvoje 
bilo jednom zlato moje
suze, suze, suze, samo suze
a sve drugo nestalo je

Ne znas, moja tugo
sve sam tebi dao
al' jos nisam nase dane
sreco moja, isplakao

Ref. 3x","https://tekstovi.net/2,729,26461.html",,,,,,,,['Mate Bulić'],https://diskografija.com/pjesma/bilo-jednom-sretnih-dvoje-12948.htm,Bilo jednom sretnih dvoje,1994 - Gdje ste noćas prijatelji stari,2001 - Sve najbolje,,,,,,,,
2,+RXzsM0Y_1_2,Mate Bulić,Mate Bulić,Bog samo zna,25059,"Tamo gdje smo bili sretni ja i ti
sad se drugi ljube kao nekad mi
a ti, a ti, da l' na mene pomislis
jos mirisu lipe, cvijece pred oltarom
jos ti nudim srce, jos je sve po starom
a ti, a ti, da l' na mene pomislis
 
Ref. 2x
Bog samo zna sto te volim ja
sto cu te voljeti jos sto godina

Ako poludim zbog ljubavi
nek ti nebo oprosti
a ja necu, vjeruj mi

Ref.","https://tekstovi.net/2,729,15806.html",,Bog samo zna,Bóg tylko wie,,"Tamo gdje smo bili sretni ja i ti
sad se drugi ljube kao nekad mi
a ti, a ti, da l' na mene pomislis. jos mirisu lipe, cvijece pred oltarom
jos ti nudim srce, jos je sve po starom
a ti, a ti, da l' na mene pomislis. Ref. 2x
Bog samo zna sto te volim ja
sto cu te voljeti jos sto godina. Ako poludim zbog ljubavi
nek ti nebo oprosti
a ja necu, vjeruj mi. Tamo gdje smo bili sretni ja i ti
sad se drugi ljube kao nekad mi
a ti, a ti, da l' na mene pomislis. jos mirisu lipe, cvijece pred oltarom
jos ti nudim srce, jos je sve po starom
a ti, a ti, da l' na mene pomislis. Ref. 2x
Bog samo zna sto te volim ja
sto cu te voljeti jos sto godina. Ako poludim zbog ljubavi
nek ti nebo oprosti
a ja necu, vjeruj mi","Tam, gdzie byliśmy szczęśliwi Ty i ja
Teraz inni się całują, jak kiedyś my
A Ty, a Ty, czy (jeszcze) o mnie myślisz. Wciąż pachną lipy, kwiaty przed ołtarzem
Wciąż Ci ofiaruję serce, wciąż jest wszystko po staremu
A Ty, a Ty, czy (jeszcze) o mnie myślisz. Ref. 2x
Bóg tylko wie, jak ja Cię kocham
Że będę Cię kochał jeszcze sto lat. Jeśli oszaleję z powodu miłości
Niech Ci niebo wybaczy
A ja nie mogę, uwierz mi. Tam, gdzie byliśmy szczęśliwi Ty i ja
Teraz inni się całują, jak kiedyś my
A Ty, a Ty, czy (jeszcze) o mnie myślisz. Wciąż pachną lipy, kwiaty przed ołtarzem
Wciąż Ci ofiaruję serce, wciąż jest wszystko po staremu
A Ty, a Ty, czy (jeszcze) o mnie myślisz. Ref. 2x
Bóg tylko wie, jak ja Cię kocham
Że będę Cię kochał jeszcze sto lat. Jeśli oszaleję z powodu miłości
Niech Ci niebo wybaczy
A ja nie mogę, uwierz mi",https://lyricstranslate.com/en/bog-samo-zna-b%C3%B3g-tylko-wie.html,['Mate Bulić'],https://diskografija.com/pjesma/bog-samo-zna-6992.htm,Bog samo zna,"1999 - Uživo, Split - uživo",2004 - Megamix,['Đorđe Novković'],['Štefanija Soldan'],,,,"Tamo gdje smo bili sretni ja i ti
sad se drugi ljube kao nekad mi
a ti, a ti, da l' na mene pomislis
jos mirisu lipe, cvijece pred oltarom
jos ti nudim srce, jos je sve po starom
a ti, a ti, da l' na mene pomislis

Bog samo zna sto te volim ja
sto cu te voljeti jos sto godina

Ako poludim zbog ljubavi
nek ti nebo oprosti
a ja necu, vjeruj mi",Bog samo zna,https://cuspajz.com//tekstovi-pjesama/pjesma/mate-bulic/bog-samo-zna.html
3,+RXzsM0Y_1_3,Mate Bulić,Mate Bulić,Boli glava,12668,"Boli glava od nevjerstva tvoga
boli glava zbog pijanstva moga

Ref. 2x
Nevjerstvo tvoje i pijanstvo moje
kad se spoje, tuga caruje
 
Slavi narod zbog nevjerstva tvoga
slavi narod zbog pijanstva moga

Ref. 2x

Rastasmo se zbog nevjerstva tvoga
rastasmo se zbog pijanstva moga

Ref. 4x","https://tekstovi.net/2,729,26464.html",,,,,,,,['Mate Bulić'],https://diskografija.com/pjesma/boli-glava-7003.htm,Boli glava,1999 - Pjevajte sa mnom,2004 - Megamix,['Siniša Vuco'],['Siniša Vuco'],,,,,,
4,+RXzsM0Y_1_4,Mate Bulić,Mate Bulić,Bozic u tudjini,1892,"Daleko od rodnog kraja
opet kazem, to je zadnji put
stisne ceznja uvijek kada
Bozic je pred vratima

Cesta duga kojoj nema kraja
preda mnom je tko zna koji put
dok se kisne kapi
u pahulje pretvaraju
 
Dok se kisne kapi
u pahulje pretvaraju

Ref.
Sve sto mogu, odavno sam dao
uvijek iste darove sam slao
k'o da tako umirit cu srce
sto za domom vene

Varljiva je sreca koju trazis
tu gdje nemas nikog svog
uvijek zaigra mi srce
kad se sjetim doma mog

U mom kraju okitit ce jelku
zapjevati kao nekada
mene tamo nece biti
k'o ni proslih godina

Mene tamo opet nece biti
k'o ni proslih godina

Ref. 2x","https://tekstovi.net/2,729,55276.html",,,,,,,,,,,,,,,,,,,,
5,+RXzsM0Y_1_5,Mate Bulić,Mate Bulić,"Casa bila, razbila se",9816,"Evo, zora tek sto nije
a ja vino nisam popio
kao da se cijeli zivot 
u tu casu tuge skupio

Ali srce ne bi htjelo 
da se iza vina sakrije
nek se zato ova casa 
ko moj zivot sva razbije
 
Ref.
Ne sudite mi, prijatelji 
sto sam zbog nje casu razbio
ne bih nocas pijan bio 
da je nisam ludo volio

Casa bila, razbila se 
i neka se plati
ali zivot cijene nema 
kad se voli, kad se pati","https://tekstovi.net/2,729,18023.html",,,,,,,,['Mate Bulić'],https://diskografija.com/pjesma/casa-bila-razbila-se-12966.htm,Čaša bila razbila se,,,,,,,,,,
6,+RXzsM0Y_1_6,Mate Bulić,Mate Bulić,Da nije Mostara,1940,"Da nije Mostara
da nije Mostara
ni pjesama ne bi tako lijepih bilo

Pjevale se ne bi sa toliko zara
da nije Mostara
da nije Mostara
 
Ref. 2x
Sve prolazi, sve se mijenja
idu dani, idu godine
samo Mostar uvijek ostaje
srce moje Hercegovine

Da nije Mostara
da nije Mostara
ni Neretva ne bi tako lijepa bila

Protjecala ne bi sa toliko cara
da nije Mostara
da nije Mostara

Ref. 2x","https://tekstovi.net/2,729,58594.html",,,,,,,,,,,,,,,,,,,,
7,+RXzsM0Y_1_7,Mate Bulić,Mate Bulić,Da si me vise voljela,839,"Ja nisam htio da odes s njim
i nisam htio da bude tako
nadah se vjecnoj sreci sa tobom
nadah se da me ti volis jako

Ref.
Da si me vise voljela ti
sve je moglo biti od nas
ali ti si poslusala neki tudji glas
 
Sad se kajes, mene trazis
gotovo je s tim
da si me vise voljela ti
ne bi nikad posla s njim

U mom zivotu bila si sve
ti si to dobro i sama znala
i htjedoh da te na jesen zenim
ali si ljubav drugome dala

Ref.

Kazu da nisi sad srecna s njim
i zelis opet da mi se vratis
al' ja te sada vise ne zelim
sada je kasno, moras da shvatis

Ref.","https://tekstovi.net/2,729,58595.html",,,,,,,,,,,,,,,,,,,,
8,+RXzsM0Y_1_8,Mate Bulić,Mate Bulić,Dabogda se i ti udala,21876,"Idi seko neka ti je siroko i ravno
zbog tebe sam 
s pameti se rasto' odavno 

Neka drugi usreci se mjesto 
mene mala, nisam lud 
da tebe zenim jer si varala
 
Ref. 2x 
Dabogda se i ti udala
ne za mene, vec za drugoga 
nek' ti dragi bude drugi neko 
samo budi od mene daleko

Hoces, neces ti ces draga 
izgubiti mene
necemo jos dugo
kako god se okrene 

Ne treba ti puno mene 
da napravis ludim
nisam blesav da se s tobom 
na brak usudim

Ref. 4x","https://tekstovi.net/2,729,9970.html",,,,,,,,['Mate Bulić'],https://diskografija.com/pjesma/dabogda-se-i-ti-udala-4338.htm,Dabogda se i ti udala,2003 - Etnofest Neum 2003,2003 - Gori borovina,['Marko Perković Thompson'],"['Marko Perković Thompson', 'Faruk Buljubašić Fayo']",2004 - Megamix,,,,,
9,+RXzsM0Y_1_9,Mate Bulić,Mate Bulić,Dan po dan,9406,"Ja sam sestro rodjen
za igre na srecu
ne mogu izgubiti

Cekam da me krene
odustati necu
pa ces me poljubiti
 
Koga lazem
na krivom sam putu
tu se glava gubi za minutu

Ref.
Dan po dan, noc po noc
cekajuci tebe sestro
zivot ce mi proc'

Dan po dan, noc po noc
kladit cu se da ces meni prije zore doc'

Znam ja da me volis
i cesto se molis
da me prodje ludilo

Al' jos jednom samo
moram poci tamo
iz sna me probudilo

Koga lazem
na krivom sam putu
tu se glava gubi za minutu

Ref.

Koga lazem
na krivom sam putu
tu se glava gubi za minutu

Ref.

Dan po dan, noc po noc
kladit cu se da ces meni prije zore doc'","https://tekstovi.net/2,729,26010.html",,,,,,,,['Mate Bulić'],https://diskografija.com/pjesma/dan-po-dan-12490.htm,Dan po dan,,,['Marko Perković Thompson'],['Faruk Buljubašić Fayo'],,['Branimir Mihaljević'],,,,
10,+RXzsM0Y_1_10,Mate Bulić,Mate Bulić,Djevojka iz mog kraja,18507,"Ref.
Za djevojku iz mog kraja
mene nesto jako spaja
pa me zelja kuci vuce
bez nje mi je nemoguce

U mom kraju svi me znaju 
dragom Bogu hvala
u toj lijepoj zemlji 
gdje se Gospa ukazala
 
Na me ceka ljubav prava
kosa joj je plava
vratit cu se zbog te kose
vec me noge nose

Ref.

Mene moja draga voli
brine se i moli
dragi Boze milost prospi
dok se moli Gospi

Ref. 3x","https://tekstovi.net/2,729,10020.html",,,,,,,https://lyricstranslate.com/en/language/english,['Mate Bulić'],https://diskografija.com/pjesma/djevojka-iz-mog-kraja-6987.htm,Djevojka iz mog kraja,2003 - Gori borovina,2004 - Megamix,['Marko Perković Thompson'],['Faruk Buljubašić Fayo'],,['Branimir Mihaljević'],,,,
11,+RXzsM0Y_1_11,Mate Bulić,Mate Bulić,"Dodijalo, pajdo",909,"Dodijalo, pajdo, 'vako svaki dan
samo radi, rintaj, vazda umoran
jedva cekam petak pa da lumpujem
do zore, do jutra rana

Nek' sviraci sviraju sta bilo
meni treba provoda
 
Ref.
Daj meni, daj svima jos po jednu turu
ja castim sve po redu i najlipsu curu
daj meni, daj svima, nisu vazne pare
u zivotu ni'ko nema i jare i pare

Kad bi festa bila skoro svaki dan
ja bi' rado bio stalno mamuran
volim pravo drustvo, pjesmu, a i ples
do zore, do jutra rana

Nek' sviraci sviraju sta bilo
meni treba provoda

Ref. 2x","https://tekstovi.net/2,729,59441.html",,,,,,,,['Mate Bulić'],https://diskografija.com/pjesma/dodijalo-pajdo-7001.htm,Dodijalo pajdo,1997 - Dodijalo pajdo,"1999 - Uživo, Split - uživo",['Ivan Mikulić'],['Ivan Mikulić'],2001 - Sve najbolje,['Nikša Bratoš'],2004 - Megamix,"Dodijalo pajdo, vako svaki dan
Samo radi rintaj, vazda umoran.
Jedva čekam petak, pa da lumpujem
Do zore, do jutra rana.

Nek svirači sviraju, šta bilo
Meni treba provoda.

Daj meni, daj svima, još po jednu turu
Ja častim sve po redu, i najlipšu curu
Daj meni, daj svima, nisu važne pare
U životu nitko nema, i jare i pare.

Kad bi fešta bila, skoro svaki dan
Ja bi rado bio, stalno mamuran.
Volim pravo društvo, pjesmu a i ples
Do zore, do jutra rana.

Nek svirači sviraju, šta bilo
Meni treba provoda.

Daj meni, daj svima, još po jednu turu
Ja častim sve po redu, i najlipšu curu
Daj meni, daj svima, nisu važne pare
U životu nitko nema, i jare i pare.",Dodijalo pajdo,https://cuspajz.com//tekstovi-pjesama/pjesma/mate-bulic/dodijalo-pajdo.html
12,+RXzsM0Y_1_12,Mate Bulić,Mate Bulić,Domu mom,69365,"Vodila me pjesma 
na sve strane svijeta
putovala sa mnom
uvjek vjera sveta
daleko u tudjem kraju
a mislima u zavicaju
domu mom, jedinom
 
A 'ko ima tako ljepo plavo more 
te ravnice zlatne i planinske gore
nema mi na tudjoj grudi
obicaja mojih ljudi
doma mog, jedinog

Ref. 2x
Jednom kada zivot
moje oci sklopi
kamenom me pokri
Neretvom poskropi

Uz kriz mi napisi
becarina ova
voljela je pjesmu  
i zemlju pradjedova

Ej da mi se vratit u vremena prosla
ne bi moja noga u tudjinu posla
nego da me sunce grije
tu gdje mi je najmilije
domu mom, jedinom

Ref. 4x","https://tekstovi.net/2,729,32272.html",,,,,,,,['Mate Bulić'],https://diskografija.com/pjesma/domu-mom-15393.htm,Domu mom,,,,,,,,,,
13,+RXzsM0Y_1_13,Mate Bulić,Mate Bulić,Dvije lude (duet Maja Suput),41843,"Zivio sam brzo, ljubio polako
al' mi prava ljubav stigla zadnjim vlakom
pristajes uz moje tijelo kao najljepse odijelo
tvoja mi ljepota vrijedi sto zivota 

Birati sam mogla kojega pozelim
molila sam Boga da nekom se veselim
da mi dade dobru dusu 
nekog kada vijetri pusu
i sve noci, dane, da se brine za me
 
Nek ne brise covjek to sto nebo pise
jednom kad das srce ne vracaj ga vise 

Ref.
Dvije lude za nas kazu 
pusti to nek ljudi lazu
a ja nosim te ko tetovazu

Dvije lude pa neka smo 
samo sretni, sretni da smo 
i nek vide da nam dobro ide

Bog zna da smo bili mi siromasi ljubavi 
od kada smo zajedno, do neba smo bogati

Ref. 2x","https://tekstovi.net/2,729,34686.html",,Dvije lude,,Domu mom (2011),"Živio sam brzo, ljubio polako
al' mi prava ljubav stigla zadnjim vlakom
pristaješ uz moje tijelo kao najljepše odijelo
tvoja mi ljepota vrijedi sto života. Birati sam mogla kojega poželim
molila sam Boga da nekom se veselim
da mi dade dobru dušu
nekog kada vijetri pušu
i sve noći, dane, da se brine za me. Nek ne briše čovjek to što nebo piše
jednom kad daš srce ne vraćaj ga više. Ref.
Dvije lude za nas kažu
pusti to nek ljudi lažu
a ja nosim te ko tetovažu. Dvije lude pa neka smo
samo sretni, sretni da smo
i nek vide da nam dobro ide. Bog zna da smo bili mi siromasi ljubavi
od kada smo zajedno, do neba smo bogati. Ref. 2x",,https://lyricstranslate.com/en/mate-buli%C4%87-dvije-lude-lyrics.html,"['Maja Šuput', 'Mate Bulić']",https://diskografija.com/pjesma/dvije-lude-15394.htm,Dvije lude,2011 - Domu mom,2012 - Vrući ljetni hitovi 2012,,,2014 - Najljepše ljubavne pjesme - Valentinovo - Maja Šuput,,,"Živio sam brzo ljubio polako
Al mi prava ljubav stigla zadnjim vlakom,
Pristaješ uz moje tijelo kao najljepše odijelo,
Tvoja mi ljepota vrijedi sto života

Birati sam mogla kojega poželim
Molila sam Boga da nekom se veselim
Da mi dade dobru dušu,
Nekog kada vijetri pušu,
I sve noći dane da se brine zame

Nek ne briše čovjek to što nebo piše
Jednom kad daš srce ne vraćaj ga više

Dvije lude za nas kažu, pusti to nek ljudi lažu,
A ja nosim te ko tetovažu,
Dvije lude pa neka smo
Samo sretni, sretni da smo i nek vide da nam dobro ide

Bog zna da smo bili mi siromasi ljubavi
Od kada smo zajedno, do neba smo bogati

Nek ne briše čovjek to što nebo piše,
Jednom kad daš srce ne vraćaj ga više,

Dvije lude za nas kažu, pusti to nek ljudi lažu,
A ja nosim te ko tetovažu,
Dvije lude pa neka smo
Samo sretni, sretni da smo i nek vide da nam dobro ide

Bog zna da smo bili mi siromasi ljubavi,
Od kada smo zajedno, do neba smo bogati",Dvije lude (duet Maja Šuput),https://cuspajz.com//tekstovi-pjesama/pjesma/mate-bulic/dvije-lude-duet-maja-suput.html
14,+RXzsM0Y_1_14,Mate Bulić,Mate Bulić,Eh da je srce stijena,3352,"Naucite me zivjeti bez nje
pa da opet nebu poletim
kada druge usne poljubim
da ih opet stvarno osjetim

Naucite me zivjeti bez nje
kada sanjam da je ne vidim
da za druge zivim, ginem ja
a da njoj se vise ne divim
 
Ref.
Eh da je srce stijena
bila bi vec prezaljena
ne bi kad me svirci prate
sve sjecalo na te

Eh da je srce stijena
bila bi vec prezaljena
bolujem svake zime
a u ljeto dozivam tvoje ime

Ref.","https://tekstovi.net/2,729,48478.html",,,,,,,,['Mate Bulić'],https://diskografija.com/pjesma/eh-da-je-srce-stijena-25097.htm,Eh da je srce stijena,,,,,,,,,,
15,+RXzsM0Y_1_15,Mate Bulić,Mate Bulić,Ej kavano kuco stara,4492,"Noc je crna, noc je hladna
a u mene dusa gladna
samo pjesmu nocas trazim
samo tugu da ublazim

Noc je crna, noc je hladna
samo pjesmu nocas trazim
samo tugu da ublazim
noc je crna, noc je hladna
 
Ref.
Ej, kavano, ej, kavano
tugo moja, moja rano
ej, kavano sva od zlata
otvori mi sirom vrata
otvori mi sirom vrata
ej, kavano, kuco stara
daj jos jednu za becara
ej, kavano, kuco stara

Noc je crna, noc je pusta
a u mene suva usta
samo pjesmu nocas zelim
samo da se proveselim

Noc je crna, noc je pusta
samo pjesmu nocas zelim
samo da se proveselim
noc je crna, noc je pusta

Ref. 2x","https://tekstovi.net/2,729,54870.html",,,,,,,,,,,,,,,,,,,,
16,+RXzsM0Y_1_16,Mate Bulić,Mate Bulić,"Ej sudbino, sestro",824,"Bila mi je i secer i voda
i boginja sto po zemlji hoda
bila mi je sunce sto me grije
moje zlato, moje najmilije

Ref.
Ej sudbino, sestro, sto mi ljubav ote
zalit' cu za njome sve do svoje stote
hej sudbino, sestro, dusa mi je prazna
bez nje zivot nije zivot, nego kazna
 
Bila mi je i melem i rana
moja prva suza isplakana
bila mi je sto nijedna druga
moja sreca, moja vjerna tuga

Ref. 3x","https://tekstovi.net/2,729,59437.html",,,,,,,,['Mate Bulić'],https://diskografija.com/pjesma/ej-sudbino-sestro-7004.htm,Ej sudbino sestro,1997 - Dodijalo pajdo,"1999 - Uživo, Split - uživo",['Duško Kuliš'],['Bratislav Zlatanović'],2001 - Sve najbolje,['Nikša Bratoš'],2004 - Megamix,,,
17,+RXzsM0Y_1_17,Mate Bulić,Mate Bulić,"Ej, kavano",28802,"Jutro svice, a ja u noc gledam
caso moja nikome te ne dam
stiscem te u ruku svoju
kao nekad dragu moju

Petorica iza onog puta
odvode me sa mojega puta
od kavane, do kavane
sve dok zora ne osvane
 
Ref. 
Ej, kavano posl'o bi te kvragu
zbog tebe sam izgubio dragu
ej, kavano da si bogda zena
ne bi nikad bila ostavljena

Kratke noci, a dugi mi dani
prolazi mi zivot u kavani
ispred mene stoji starost
iza mene osta mladost

Ref. 4x","https://tekstovi.net/2,729,10018.html",,,,,,,,['Mate Bulić'],https://diskografija.com/pjesma/ej-kavano-6990.htm,"Ej, kavano","1999 - Uživo, Split - uživo","2001 - Sve najbolje
Aranžman: Branimir Mihaljević",['Marko Perković Thompson'],"['Marko Perković Thompson', 'Faruk Buljubašić Fayo']","2003 - Gori borovina
Aranžman: Branimir Mihaljević",,2004 - Megamix,,,
18,+RXzsM0Y_1_18,Mate Bulić,Mate Bulić,"Evo, Ana, opet jorgovana",1328,"Sto me tjera da prolazim opet
tom ulicom gdje smo stanovali
tu odavno ne ceka me niko
mi smo svoje snove odsanjali

Ref. 2x
Evo, Ana, opet jorgovana
na sve strane rascvale se grane
doslo, Ana, proljece i cvijece
doslo svima, samo nama nece
 
Svi pricaju o dva lice srece
kad tad jedno pokuca na vrata
kog' da krivim to sto meni nece
nece, nece, kao iz inata

Ref. 2x","https://tekstovi.net/2,729,56621.html",,,,,,,,,,,,,,,,,,,,
19,+RXzsM0Y_1_19,Mate Bulić,Mate Bulić,Golubice bijela,35394,"Golubice bijela
sto si nevesela
3x

Kako ne bi bila 
jadna nevesela
 

Kad moj golub leti 
od jata do jata
3x

I on ljubi lice 
druge golubice
3x

Moj golube bijeli
kad ces doci k meni
3x

Za dvi godinice 
moja golubice
3x","https://tekstovi.net/2,729,26548.html",,,,,,,https://lyricstranslate.com/en/idiom/sinje-more#n2126636,,,,,,,,,,,,,
20,+RXzsM0Y_1_20,Mate Bulić,Mate Bulić,Gori borovina,36434,"Gori gora
gori borovina
gori gora
gori borovina

Gori gora, gori borovina
gori duso nasa hladovina
nije meni zao borovine
vec je meni zao hladovine
 
Ref. 2x
Nesta mala debeloga hlada
di cemo se milovati sada

Gori nebo, gori tvrda stina
nesta nasa lipa hladovina
gori vatra, gore uspomene
izgorilo draga pola mene

Ref. 2x

Gori gora, gori borovina","https://tekstovi.net/2,729,9968.html",,Gori borovina,Pine Wood is on Fire,,"Gori gora, gori borovina, gori.... borovina, gori gora, gori borovina. Gori gora, gori borovina,
Gori dušo naša ladovina
Nije meni žao borovine
Već je meni žao ladovine. Nesta mala debeloga hlada
Di ćemo se milovati sada. Gori nebo, gori tvrda stina
Nesta naša lipa ladovina
Gori vatra, gore uspomene
Izgorilo draga pola mene. Nesta mala debeloga hlada
Di ćemo se milovati sada. Nesta mala debeloga hlada
Di ćemo se milovati sada. Gori gora, gori borovina.","Pine wood is on fire, pine wood is on fire, on fire... pine wood. The hill is on fire, pine wood is on fire
Our shade, my soul, is on fire
I don't feel sorry for the pine wood
But for the shade. Deep shade disappeared, my honey,
Where are we going to caress now?. The sky is on fire, hard rocks are on fire
Our pretty shade is gone
Fire is burning, memories are burning
Half of me, dear, burned down. Deep shade disappeared, my honey,
Where are we going to caress now?. Deep shade disappeared, my honey,
Where are we going to caress now?. The hill is on fire, pine wood is on fire",https://lyricstranslate.com/en/gori-borovina-pine-wood-fire.html,['Mate Bulić'],https://diskografija.com/pjesma/gori-borovina-6982.htm,Gori borovina,2003 - Gori borovina,2004 - Megamix,['Marko Perković Thompson'],"['Faruk Buljubašić Fayo', 'Narodna']",,['Branimir Mihaljević'],,,,
21,+RXzsM0Y_1_21,Mate Bulić,Mate Bulić,Grijeh mladosti,9066,"Volio sam jednu zenu 
plava oka dva
usetala u moj zivot 
ko iz nekog sna

Zelio sam iz sveg srca 
ostariti s njom
mastali smo 
ljubav, djecu, i nas topli dom
 
 Ludu mladost nije lako
obuzdati brate 
zbog ludosti, mnoga srca pate

Ref.
Prijatelju odnesi joj cvijece
 jer je srce zaboravit nece
prijatelju zbog nje srecu prosi
jos i danas, grijeh mladosti nosim

Imao sam svijet na dlanu
dok je bila tu
ni sad ne znam sto mi dodje
da prevarim nju

Ej da mi je vrijeme vratit
opet biti njen 
ne bi srecu prokockao
bio izgubljen

Ref. 2x","https://tekstovi.net/2,729,35599.html",,,,,,,https://lyricstranslate.com/en/translations/16/328?page=1,['Mate Bulić'],https://diskografija.com/pjesma/grijeh-mladosti-15398.htm,Grijeh mladosti,,,,,,,,,,
22,+RXzsM0Y_1_22,Mate Bulić,Mate Bulić,Herceg Bosno,32448,"Herceg Bosno, u srcu te nosim
kud god krenem s tobom se ponosim
lijepa tvoja brda i doline
kao sunce kad iz gore sine

Volim tvoje rodne vinograde
kad ih beru citlucanke mlade
volim Ljubuski kad je pun behara
Kupres, Livno pa sve do Mostara
 
Sa Sirokog puse povjetarac
tu se pjeva ganga i becarac
volim Capljinu, Posusje i Grude
Stolac, Ravno, sve postene ljude

Tomislave, grade od starina
Sujica je i tebi blizina
svoj na svome sada mi zivimo
i sa time svi se ponosimo","https://tekstovi.net/2,729,18024.html",,"Herceg-Bosno, U Srcu Te Nosim","Herceg-Bosna, I Carry You In My Heart",,"Herceg Bosno, u srcu te nosim,
Kud god krenem s tobom se ponosim.
Lijepa tvoja brda i doline,
Kao sunce kad iz gore sine.. Volim tvoje rodne vinograde
Kad ih beru čitlučanke mlade.
Volim Ljubuški kad je pun behara,
Kupres, Livno pa sve do Mostara.. Sa širokog puše povjetarac
Tu se pjeva ganga i bećarac.
Volim Čapljinu, Posušje i Grude,
Stolac, Ravno, sve poštene ljude.. Tomislave, grade od starina,
Šujica je i tebi blizina.
Svoj na svome sada mi živimo
I sa time svi se ponosimo.","Herceg-Bosna1, I carry you in my heart,
Wherever I go, I am proud of you.
Beautiful are your hills and valleys,
Like the sun rising behind the mountains.. I love your fruitful vineyards
When the young people harvest their grapes.
I love Ljubuški when it is in full blossom,
Kupres, Livno all the way to Mostar.. With the Scirocco a breeze spreadens widely,
There, [?] and bachelors sing.
I love Čapljina, Posušje and Grude,
Stolac, Ravno, all honest people.. Tomislav, town of old times,
Šujica is close to you as well.
This is where we live now
And what we are proud of.",https://lyricstranslate.com/en/herceg-bosno-u-srcu-te-nosim-herceg-bosna-i-carry-you-my-heart.html,,,,,,,,,,,,,
23,+RXzsM0Y_1_23,Mate Bulić,Mate Bulić,Hodam krivom stranom,16854,"Zora siva, lice skriva 
bas mi ne ide 
iste moje uspomene 
kisa ispere

Drhte oci od ponoci 
ko lisce jesenje 
koga snivas, zasto skrivas 
sve to od mene
 
Ref.
Meni zivot putuje 
od nesrece, do nesrece
meni zivot tuguje 
bez tebe, bez tebe 

Hodam, hodam
hodam krivom stranom
hej moja noci 
sto ce bit' sa danom

Ref. 2x","https://tekstovi.net/2,729,9966.html",,,,,,,,['Mate Bulić'],https://diskografija.com/pjesma/hodam-krivom-stranom-6983.htm,Hodam krivom stranom,2003 - Gori borovina,2004 - Megamix,['Đorđe Novković'],['Zlatko Sabolek'],,['Nikša Bratoš'],,,,
24,+RXzsM0Y_1_24,Mate Bulić,Mate Bulić,Hvala ti za sve (Mojoj zeni),5627,"Lane moje, otkada si tu
mom zivotu dajes radost svu
vino pijem, dusu grijem
i u svom te srcu krijem, hej

Otkad gnijezdo mi smo savili
putevi me svijetom vodili
ti si uvijek bila, draga
cuvarica naseg praga, hej
 
Ref. 2x
Za sve, dobri andjele
hvala ti za sve
nije lako, moja stara
muzikanta i becara voljeti

Kao sto si mene ti
kao sto sam tebe ja
nasa vjernost nas je cuvala
u teskim danima i nocima
kad suze zasjaju u ocima

Ref. 2x","https://tekstovi.net/2,729,53069.html",,,,,,,,['Mate Bulić'],https://diskografija.com/pjesma/hvala-ti-za-sve-mojoj-zeni-15396.htm,Hvala ti za sve (mojoj ženi),,,,,,,,,,
25,+RXzsM0Y_1_25,Mate Bulić,Mate Bulić,I ja sam covjek od krvi,410,"Kad oci slopim, ko da se topim
na tvojim usnama
kada se budim ja pamet gubim
na tvojim rukama 

Ref. 2x
I ja sam covjek od krvi
zivio sam burno
mozda ti nisam prvi
al' posljednji sigurno
 
Volim kad spavam i tebe sanjam
u dugim nocima
kad ti se predam, ja sebe gledam
u tvojim ocima 

Nocima mastam i sveti prastam
na tvome ramenu
kada te volim s tobom da gorim
u tvome plamenu 

Ref. 2x","https://tekstovi.net/2,729,63252.html",,I ja sam čovjek,I'm Also a Human,,"Kad oči sklopim
ko da se topim
na tvojim usnama
Kada se budim
ja pamet gubim
na tvojim rukama. Kad oči sklopim
ko da se topim
na tvojim usnama
Kada se budim
ja pamet gubim
na tvojim rukama. Refren 2x
I ja sam čovjek od krvi
živio sam burno
možda ti nisam prvi
al posljednji sigurno. Volim kad spavam
i tebe sanjam
u dugim noćima
Kad ti se predam
ja sebe gledam
u tvojim očima. Volim kad spavam
i tebe sanjam
u dugim noćima
Kad ti se predam
ja sebe gledam
u tvojim očima. Refren 2x
I ja sam čovjek od krvi
živio sam burno
možda ti nisam prvi
al posljednji sigurno. Noćima maštam
i sve ti praštam
na tvome ramenu
Kada te volim
s tobom da gorim
u tvome plamenu. Noćima maštam
i sve ti praštam
na tvome ramenu
Kada te volim
s tobom da gorim
u tvome plamenu. Refren 2x
I ja sam čovjek od krvi
živio sam burno
možda ti nisam prvi
al posljednji sigurno","When I close my eyes
it's like I'm melting
on your lips
When I wake up
I'm losing my mind
on your arms. When I close my eyes
it's like I'm melting
on your lips
When I wake up
I'm losing my mind
on your arms. Chorus 2x
I'm also a human made of blood
I was living stormily
maybe I'm not your first one
but I'm certainly your last one. I like to sleep
dreaming about you
in the long nights
When I surrender to you
I'm looking at myself
in your eyes. I like to sleep
dreaming about you
in the long nights
When I surrender to you
I'm looking at myself
in your eyes. Chorus 2x
I'm also a human made of blood
I was living stormily
maybe I'm not your first one
but I'm certainly your last one. I'm daydreaming in the nights
and I'm forgiving you
on your shoulder
When I love you
I wanna burn with you
in your flame. I'm daydreaming in the nights
and I'm forgiving you
on your shoulder
When I love you
I wanna burn with you
in your flame. Chorus 2x
I'm also a human made of blood
I was living stormily
maybe I'm not your first one
but I'm certainly your last one",https://lyricstranslate.com/en/i-ja-sam-%C4%8Dovjek-im-also-human.html,,,,,,,,,,,,,
26,+RXzsM0Y_1_26,Mate Bulić,Mate Bulić,Idemo na silo,8807,"Lipe li su noci u jeseni
doslo vrime momci da se zeni

I sinoc sam u Stipana bija
mrzle ruke kraj komina grija
stari Stipan ima lipe kceri
i svaka me malo okom mjeri
 
Najdraza mi njegova je Iva
tilo oganj, oci vatra ziva
sitno svitlo baca uljanica
odavde se ne bi nikad mica

Lipe li su noci u jeseni
doslo vrime momci da se zeni

Ref. 2x
Subota je idemo na silo
oduvik je kod nas tako bilo
sastanu se momci prije mraka
pa u kuce pune divojaka

I nocas cu Stipanu na pice
kcer mu lipa mirise ka cvice
njegova mi Andja vino toci
pa se meni zagleda u oci

Cuvaj Boze nase obicaje 
stari zivot nek u njima traje
nek se pisma po selima cuje
da je novo vrime ne otruje

Lipe li su noci u jeseni
doslo vrime momci da se zeni

Ref. 2x","https://tekstovi.net/2,729,26011.html",,,,,,,,['Mate Bulić'],https://diskografija.com/pjesma/idemo-na-silo-12489.htm,Idemo na silo,,,['Sretan Bogdan'],"['Faruk Buljubašić Fayo', 'Jakov Đonlić']",,['Branimir Mihaljević'],,,,
27,+RXzsM0Y_1_27,Mate Bulić,Mate Bulić,Ilindan,3931,"Nema meni milijega dana 
nego kad me budi zora Ilindana

Zapjevala ptica bijela grlicica
s cvjetnih grana
da se slavi ime toga 
svetog dana Ilindana
 
Dodjes li mi jednoga dana
procvasti ce suha grana

Uzeglo je sunce
 al' na moje srce tuga parla
nestalo veselja
 osta samo zelja Bogu hvala

Ref.
Nek' me pogodi grom
necu ostaviti dom
niti zaboraviti san
u srcu mi Ilindan

Haljina ti bijela
 majka kose splela boljih dana
sto li si mi krila 
kad si meni bila obecana

Ref.

Zapjevala ptica bijela grlicica
s cvjetnih grana","https://tekstovi.net/2,729,42023.html",,,,,,,,['Mate Bulić'],https://diskografija.com/pjesma/ilindan-15399.htm,Ilindan,,,,,,,,,,
28,+RXzsM0Y_1_28,Mate Bulić,Mate Bulić,Ivana,37208,"Hej Ive, ej Ivana, Ivana
zbog tebe sam Ive moja
ost'o nezenja
ej ti moja luda glavo
sto napravi ja
ostavila mene moja
mala Ivana
 
Ref.
Hej Ivana, hej jedina
bez tebe dan k'o godina
vratices se Ive
dace dragi Bog
ne mozes ti dugo
bez poljupca mog
vratices se Ive
opet na moj prag
ne mozes bez mene
ja sam tebi drag

Hej Ive, ej Ivana, Ivana
ti si moja lipotica
ali lazljiva
ukrala si moje srce
zar te nije sram
zbog tebe sam mala Ive
i dan danas sam

Ref. 3x
","https://tekstovi.net/2,729,8773.html",,,,,,,,['Mate Bulić'],https://diskografija.com/pjesma/ivana-6989.htm,Ivana,2003 - Gori borovina,2004 - Megamix,['Marko Perković Thompson'],['Faruk Buljubašić Fayo'],,['Branimir Mihaljević'],,,,
29,+RXzsM0Y_1_29,Mate Bulić,Mate Bulić,Ja jos uvijek kao momak zivim,29458,"Ref.
Ja jos uvijek kao momak zivim
za kavane i za zene
da se vracam nemam kome
ostale su uspomene

Nisi ti zena za mene
ja ne vladam i nemam moc
za mene postoje druge srece
jer ja sam covjek za jednu noc
 
Ref. 2x

Nisi ti zena za mene
a nisi ni ljubav ni san
za mene postoje druge srece
jer ja sam covjek za jedan dan

Ref. 2x","https://tekstovi.net/2,729,22331.html",,,,,,,,['Mate Bulić'],https://diskografija.com/pjesma/ja-jos-uvijek-kao-momak-zivim-7005.htm,Ja još uvijek kao momak živim,"1999 - Uživo, Split - uživo",2001 - Sve najbolje,['Mate Bulić'],['A. Lovrić'],2004 - Megamix,,,"Ja još uvijek kao momak živim
Za kavane i za žene.
Da se vračam, nemam kome,
Ostale su uspomene.

Nisi ti žena za mene,
Ja ne vladam i nemam moć.
Za mene postoje, druge sreće,
Jer ja sam čovjek za jednu noć.
Za mene postoje, druge sreće,
Jer ja sam čovijek za jednu noć.

Nisi ti žena za mene,
A nisi ni ljubav ni san.
Za mene postoje, druge sreće,
Jer ja sam čovjek za jedan dan.
Za mene postoje, druge sreće,
Jer ja sam čovjek za jedan dan.",Ja još uvijek kao momak živim,https://cuspajz.com//tekstovi-pjesama/pjesma/mate-bulic/ja-jos-uvijek-kao-momak-zivim.html
30,+RXzsM0Y_1_30,Mate Bulić,Mate Bulić,Ja sam na te ponosan (feat. Tarapana Band),25533,"Stari moj, nije lako ostati 
pravi covjek postati
teska su vremena

Sine moj, prvi si do srca mog 
nek' te cuva dragi Bog
drugog blaga nema 
 
Ref.
Ja sam na te ponosan
kao sebe ja te znam
bit' cu sjena tvoja

Ako treba zivot stat'
za te spreman ja sam dat'
jer ti krv si moja

Ti i ja smo s kamena
molim Boga da ti da
svega osim tuge
mi smo navikli na to
da je zivot mazio
uvijek neke druge 

Ja sam na te ponosan

Stari moj, da li cujes vjetra glas 
cijeli zivot siba nas
takva nam je sreca 

Sine moj, vjetar nece prestati 
kad vec mora sibati
nek' ti je u ledja

Ref. 2x","https://tekstovi.net/2,729,57917.html",,,,,,,,,,,,,,,,,,,,
31,+RXzsM0Y_1_31,Mate Bulić,Mate Bulić,Jablani,19887,"Mirise smilje poljima
u svim si mislima mojima
i nema puta sto necu proc'
da tebi pozelim laku noc
2x

Ref. 2x
Dok grane njisu jablani
tko da nam ljubav zabrani
i sve dok sunce na nebu sija
srcu si mome najmilija
 
U svim si dragim pjesmama
tvoje je ime na usnama
putovat cu i noc i dan
da poljubim te za rodjendan
2x

Ref. 2x

Dok grane njisu jablani","https://tekstovi.net/2,729,26142.html",,,,,,,,['Mate Bulić'],https://diskografija.com/pjesma/jablani-12488.htm,Jablani,,,['Amir Kazić Leo'],['Faruk Buljubašić Fayo'],,['Branimir Mihaljević'],,,,
32,+RXzsM0Y_1_32,Mate Bulić,Mate Bulić,Jednom ces i ti plakati,969,"Ruke moje ispruzene
nocu kasno tebe traze
vracaju se uspomene
ali nista ne pomaze

Oci moje uplakane
uzalud je, nema srece
svakome bar jednom svane
samo meni nikad nece
 
Ref. 2x
Jednom ces i ti plakati
al' bit' ce kasno sve
jednom ces za mnom zaliti
kad me ne bude

Ref. 3x","https://tekstovi.net/2,729,59439.html",,,,,,,,['Mate Bulić'],https://diskografija.com/pjesma/jednom-ces-i-ti-plakati-12944.htm,Jednom ćeš i ti plakati,1994 - Gdje ste noćas prijatelji stari,2001 - Sve najbolje,,,,,,,,
33,+RXzsM0Y_1_33,Mate Bulić,Mate Bulić,Jesi l' svoju srecu nasla,6661,"Zavjesom od inja skriven vjetar sjeverni
jednog jutra opet mene donijet ce
da osjetim kako zemlja mirise
i da cujem djeram kako okrece

Preko Save ja cu prijeci ladjom necujno
kada zora tamu poljem isprati
kad se u mom oku zito pozlati
ispred tvojih vrata tad cu zastati
 
Ref.
Jesi l' svoju srecu nasla 
u meni se slutnje bore
sto ce biti kad te vidim
da l' od goreg ima gore

Il' ces mozda kao nekad 
usred noci, topla, snena
pasti oko moga vrata
kao zena zaljubljena

Kad se konji razuzdani s nebom igraju
kada vino pjesmu trazi, novci sipaju
tamburasi poznat valcer kada sviraju
moje misli opet tebi putuju

Ref.","https://tekstovi.net/2,729,26456.html",,,,,,,,['Mate Bulić'],https://diskografija.com/pjesma/jesi-l-svoju-srecu-nasla-12492.htm,Jesi l' svoju sreću našla,,,['Kornelije Kovać'],"['Miroslav Drljača Rus', 'Ranko Slijepčević']",,['Branimir Mihaljević'],,,,
34,+RXzsM0Y_1_34,Mate Bulić,Mate Bulić,Kada pijem,11910,"Opit cu se ja, imam razloga
da mi istina bude drugacija
zalim, duso, sto cu tebi
biti samo uspomena
zalim sto kraj tvoga nece
biti moga imena
 
Ref.
Kada pijem, pijem cisto
jer bez tebe nije isto
takav zivot malo vrijedi
sve me na te podsjeti

Kada pijem, pijem cisto
da ne kvarim okus vina
jer jos uvijek si mi draga
i u mom te srcu ima

Napit cu se sam, imam razloga
bez tebe sam ja beskucnik, skitnica
zalim, duso, sto cu tebi
biti samo uspomena
zalim sto kraj tvoga nece
biti moga imena

Ref. 2x","https://tekstovi.net/2,729,26459.html",,,,,,,,['Mate Bulić'],https://diskografija.com/pjesma/kada-pijem-12495.htm,Kada pijem...,"2007 - Kako mi je, tako mi je",2008 - Hrvatski Radijski Festival 2008 - 40 najbolja,['Hrvoje Grčević'],['Jadranka Krištof'],,['Hrvoje Grčević'],,,,
35,+RXzsM0Y_1_35,Mate Bulić,Mate Bulić,Krila mladosti,7604,"Mastao sam u nocima dugim
da ti opet tijelo milujem
sanjao sam da si pored mene
usnama da te dodirujem

Zelio sam da ostanes sa mnom
da ti vjecnu ljubav darujem
ali ti si izabrala drugog
i za tobom sada tugujem
 
Ref.
Odnjela su te 
krila mladosti
na tom putu ja ti zelim
puno srece i radosti

Kada ti vrijeme dodje
i pozelis gnijezdo sviti
nek te misli k' meni vrate
potrazi me tu cu biti

Potrazi me tu cu biti
(2x)","https://tekstovi.net/2,729,26609.html",,,,,,,,['Mate Bulić'],https://diskografija.com/pjesma/krila-mladosti-12967.htm,Krila mladosti,,,,,,,,,,
36,+RXzsM0Y_1_36,Mate Bulić,Mate Bulić,Kuco stara,32711,"Kuco stara, kuco stara
ko te sad otvara
je l' jos vatra na ognjistu gori
il' su pusti mog djetinjstva dvori

Ref.
Nit su vrata otvorena 
nit je vatra nalozena
a dvoriste kuce moje
sve u travu zaraslo je
 
Kuco stara, kuco stara
ko te sad otvara
sa sjevera vjetar kad zapiri
ima l' iko da u tebi zivi

Ref. 2x

Kuco stara, kuco stara
ko te sad otvara
majke nema na pragu da ceka
sina da se vrati iz daleka

Ref. 3x","https://tekstovi.net/2,729,26141.html",,,,,,,,['Mate Bulić'],https://diskografija.com/pjesma/kuco-stara-12487.htm,Kućo stara,,,"['Narodna', 'Mate Bulić']","['Faruk Buljubašić Fayo', 'Narodna']",,['Branimir Mihaljević'],,,,
37,+RXzsM0Y_1_37,Mate Bulić,Mate Bulić,Limunada,690,"Draga me je ostavila 
opet ljubav zavrsila 
ionako bila osrednja

Nije jedina na svijetu
a ja ptica jos u letu 
nije prva, a ni posljednja
 
Ljubav je k'o limunada
malo srece, malo jada
ali svaka jednom prestane

Kad tek pocne bude slatko
poslije gorko, ali kratko
iza tuge sreca osvane

Ref.
Veceras bi s vama bio
sve vas pozdravljam
zasvirajte mi, sviraci
s pjesmom ozdravljam

Nazdravite, prijatelji
zivot prolazi
zapjevajmo
poslije kise sunce dolazi

Ref.","https://tekstovi.net/2,729,59103.html",,,,,,,https://lyricstranslate.com/en/translator/barsiscev-page-52&sort=asc&order=Artist,['Mate Bulić'],https://diskografija.com/pjesma/limunada-7536.htm,Limunada,,,['G. Nikolić'],['G. Nikolić'],,,,,,
38,+RXzsM0Y_1_38,Mate Bulić,Mate Bulić,"Ljubim tebe, Slavonijo",3137,"Pricao mi stari djeda
zavladalo glad i bijeda
sunce przi, sija
a sjeme ne klija
spas je bila Slavonija
spas je bila Slavonija
 
Zemlja suma, polja, ploda
Sokackoga slavnog roda
otvorila vrata od suhoga zlata
udomio brat je brata

Ref.
Ljubim tebe, Slavonijo
ljubim kao oci majke
nek' ti bude pjesma ova
hvala nasih pradjedova

Ljubim tebe, Slavonijo
ljubim kao oci majke
andjeosko ti si krilo
bez tebe nas ne bi bilo

Ti ravnico lijepih snasa
kulena i tamburasa
Slavonijo mila
gnijezdo si nam svila
i svoju djecu othranila

Ref. 2x","https://tekstovi.net/2,729,54491.html",,Volim tebe Slavonijo,Kocham Ciebie Slawonio,,"Pričao mi stari djeda
Zavladalo glad i bijeda
Sunce prži, sija
A sjeme ne klija
Spas je bila Slavonija
Spas je bila Slavonija. Zemlja šuma, polja, ploda
Šokačkoga slavnog roda
Otvorila vrata od suhoga zlata
Udomio brat je brata. Ljubim tebe, Slavonijo
Ljubim kao oči majke
Nek ti bude pjesma ova
Hvala nasih pradjedova. Ljubim tebe, Slavonijo
Ljubim kao oči majke
Anđeosko ti si krilo
Bez tebe nas ne bi bilo. Ti ravnico lijepih snaša
Kulena i tamburaša
Slavonijo mila
gnijezdo si nam svila
i svoju djecu othranila","Opowiadał mi stary dziadek
(jak) Zwyciężał głód I bieda
Słońce parzy, świeci
A ziarno nie kiełkuje (nie wschodzi)
Ratunkiem była Slawonia
Ratunkiem była Slawonia. Ziemia (kraina) lasów, łąk, owoców
Sławnego szokackiego rodu
Otworzyła szczerozłote wrota
Przyjęła braci w domu brata. Kocham Ciebie Slawonio
Kocham jak oczy matki
Niech będzie ta piosenka
Na chwałę naszych pradziadów. Kocham Ciebie Slawonio
Kocham jak oczy matki
Anielskie są Twoje skrzydła
Bez Ciebie nas by nie było. Ty równino pięknych kobiet
Kiełbasy i gitarzystów
Slawonio ukochana
Gniazdo nam uwiłaś
I swoje dzieci ochroniłaś",https://lyricstranslate.com/en/volim-tebe-slavonijo-kocham-ciebie-slawonio.html,,,,,,,,,,,,,
39,+RXzsM0Y_1_39,Mate Bulić,Mate Bulić,"Mala moja, oko plavo",19653,"Oko plavo, kada te poljubim
kad te poljubim
ja ne mogu, a da ne poludim
da ne poludim

Varao sam i druge, i sebe 
jesam varao
ali samo volio sam tebe
tebe jedino
 
Ref. 2x
Mala moja, oko plavo 
sedam noci nisam spav'o
sedam noci, sedam dana 
ja sam zadnji gost kavana

Mala moja, oko plavo
oko plavo, plavo
volis li me, reci pravo
zenska glavo, glavo

Pa da mogu medju ljude
medju ljude, ljude
da mi dusi lakse bude
lakse bude, bude

Ref. 4x","https://tekstovi.net/2,729,26535.html",,,,,,,,['Mate Bulić'],https://diskografija.com/pjesma/mala-moja-oko-plavo-6994.htm,Mala moja oko plavo,"1999 - Uživo, Split - uživo",2004 - Megamix,['Ante Lasan Toni'],['Bratislav Zlatanović'],,,,"Oko plavo kada te poljubom, kad te poljubim,
Ja ne mogo a da ne poludim, da ne poludim.
Varao sam i druge i sebe, jesam varao
Ali samo volio sam tebe, tebe jedino.

Mala moja oko plavo, sedam noći nisam spavo
Sedam noći, sedam dana, ja sam zadnji gost kavana.

Mala moja oko plavo, oko plavo plavo,
Voliš li me reci pravo, ženska glavo glavo.
Pa da mogu među ljude, među ljude ljude
Da mi duši lakše bude, lakše bude bude.

Mala moja oko plavo, sedam noći nisam spavo
Sedam noći, sedam dana, ja sam zadnji gost kavana.",Mala moja oko plavo,https://cuspajz.com//tekstovi-pjesama/pjesma/mate-bulic/mala-moja-oko-plavo.html
40,+RXzsM0Y_1_40,Mate Bulić,Mate Bulić,Moja Hercegovina,151587,"Grlim nocu hladne jastuke
dusa mi je prazna bez tebe
otis'o sam, morao sam
dio tebe ponio sam
tvoje ime, moje prezime

Ref. 2x
Kamen, krs i maslina
vino, ganga, Neretva
sve to ima zemlja ta
moja Hercegovina
 
Svake noci tebe sanjam ja
ranila me pusta tudjina
vracam ti se zemljo sveta
iz daleka tudjeg svijeta
ne odlazim vise nikada

Ref. 2x","https://tekstovi.net/2,729,10016.html",Branimir Jovanovac,Moja Hercegovina,My Herzegovina,Gori Borovina,"Grlim noću
1
Hladne jastuke
Duša mi je
Prazna bez tebe. Otišo sam, morao sam
Dio tebe, ponio sam
Tvoje ime, moje prezime. Otišo sam, morao sam
Dio tebe, ponio sam
Tvoje ime, moje prezime. Kamen, krš i maslina
Vino, ganga, Neretva
Sve to ima zemlja ta
Moja Hercegovina. Kamen, krš i maslina
Vino, ganga, Neretva
Sve to ima zemlja ta
Moja Hercegovina. Svake noći
Tebe sanjam ja
Ranila me
Pusta tuđina. Vraćam ti se
Zemljo sveta
Iz daleka
Tuđeg svijeta
Ne odlazim više nikada. Kamen, krš i maslina
Vino, ganga, Neretva
Sve to ima zemlja ta
Moja Hercegovina. Kamen, krš i maslina
Vino, ganga, Neretva
Sve to ima zemlja ta
Moja Hercegovina. Sve to ima zemlja ta
Moja Hercegovina","I'm crying at night
Cold cushions
It's my soul
Empty without you. I left, I had to
Part of you, I brought
Your name, my last name. I left, I had to
Part of you, I brought
Your name, my last name. Stone, Karst and Olive
Wine, ganga, Neretva
All this land has that
My Herzegovina. Stone, Karst and Olive
Wine, ganga, Neretva
All this land has that
My Herzegovina. Every night
I'm dreaming of you
She ravished me
When she released me. I'm coming back
To the Holy land
From the distance
The Other World
I will not ever go again. Stone, Karst and Olive
Wine, ganga, Neretva
All this land has that
My Herzegovina. Stone, Karst and Olive
Wine, ganga, Neretva
All this land has that
My Herzegovina. All this land has that
My Herzegovina",https://lyricstranslate.com/en/moja-hercegovina-my-herzegovina.html,['Mate Bulić'],https://diskografija.com/pjesma/moja-hercegovina-6985.htm,Moja Hercegovina,2003 - Gori borovina,2004 - Megamix,['Branimir Jovanovac'],['Branimir Jovanovac'],,['Branimir Jovanovac'],,,,
41,+RXzsM0Y_1_41,Mate Bulić,Mate Bulić,Naoruzan sam do zuba,13449,"Naoruzan sam do zuba
harmonika, gajde, truba
pod tvoj prozor s pjesmom dolazim
stizem da te mladu zaprosim

Dugi dani, kratke noci
hoces li mi ikad doci
suze bistre, mutna vina
sad nas dijeli sto daljina
 
Zemlja tvrda, jastuk meki
zar smo tako predaleki
brzi ritam, prsti spori
svakim danom sve sam gori

Ref.
Naoruzan sam do zuba
harmonika, gajde, truba
pod tvoj prozor s pjesmom dolazim
naoruzan sam do zuba
harmonika, gajde, truba
stizem da te mladu zaprosim

Usne vruce ljube hladno
kao da sam pao na dno
srce tiho pjeva glasno
znam da za nas nije kasno

Zemlja tvrda, jastuk meki
zar smo tako predaleki
brzi ritam, prsti spori
svakim danom sve sam gori

Ref.

Iz daljine sto se cuje
to mi dragi porucuje
i sviraci dolaze sa njim 
stizem da te mladu zaprosim

Ref.","https://tekstovi.net/2,729,26457.html",,,,,,,,['Mate Bulić'],https://diskografija.com/pjesma/naoruzan-sam-do-zuba-10927.htm,Naoružan sam do zuba,2007 - Hrvatski Radijski Festival 2007 -Zabavna i narodna,2007 - Hrvatski Radijski Festival 2007 - Finale,['Branimir Mihaljević'],['Faruk Buljubašić Fayo'],"2007 - Kako mi je, tako mi je",['Branimir Mihaljević'],,,,
42,+RXzsM0Y_1_42,Mate Bulić,Mate Bulić,Narodno veselje,40868,"Kreni iz Osijeka, vec te pice ceka
dovedi nam Mata iz Slavonskog brata
bez naseg' Franje zabava je manje
iz Zagreba podji i sto prije dodji

Ref.
Hajde, Mate, skupi prijatelje
neka pocne narodno veselje
nek se festa i neka se pije
zajedno smo ko nam i sta smije
prva, druga, treca, nek nas prati sreca
osma, sedmu brise, a ko ce brojat' vise

Brzo kreni, Ivo, vec se hladi pivo
javi Livcanima kol'ko god da ih ima
ajde, dodji, Ante, znaj da svi smo za te
Hercegovci stizu, vec se case dizu

Ref.

Samo dodji, Duje, nek se pisma cuje
Ajduka povedi i grlo ne stedi
cekamo te, Lino, tu je dobro vino
sva Istra i Rijeka, jos se na vas ceka

Ref. 2x","https://tekstovi.net/2,729,10868.html",,,,,,,,['Mate Bulić'],https://diskografija.com/pjesma/narodno-veselje-4431.htm,Narodno veselje,2005 - Hrvatski Radijski Festival 2005,2005 - Hrvatski Radijski Festival 2005 - 24 najbolja,['Marko Perković Thompson'],['Faruk Buljubašić Fayo'],2005 - Hitomanija 1,['Branimir Mihaljević'],"2007 - Kako mi je, tako mi je",,,
43,+RXzsM0Y_1_43,Mate Bulić,Mate Bulić,Ne kuni me (duet Ivan Stapic),8461,"Na prstima u snove udje
pa mi dane popravlja
nema grad ljepse ni ludje
to se ne zaboravlja

Ref. 2x
Ne kuni me kad popijem
i kad cijeli svijet k'o casu razbijem
ne kuni me, jer znas me ti
uvijek cu samo tebe voljeti
 
Ma kriv sam ja i moji geni
jos je becar u meni
a voljela me i prastala
o nasoj sreci mastala

Ref. 2x","https://tekstovi.net/2,729,49919.html",,,,,,,,"['Mate Bulić', 'Ivan Stapić']",https://diskografija.com/pjesma/ne-kuni-me-25642.htm,Ne kuni me,,,,,,,,,,
44,+RXzsM0Y_1_44,Mate Bulić,Mate Bulić,Ne pjevajte o mom kraju,1783,"Druge pjesme pjevajte
o mom kraju nemojte
kada dusa zaboli
pjesma srce ne tjesi

Kada zice zazvone
uspomenu probude
misli kraju lutaju
slike mi se vracaju
 
Ref.
Vidim majku kako place
prijatelje sto mi znace
ne pjevajte o mom kraju
zaboli me samo jace

Vidim rijeku, livade
ruze procvjetale tek
ne pjevajte o mom kraju
samo vise boli me

Kada zice zazvone...

Ref.","https://tekstovi.net/2,729,54869.html",,,,,,,,['Mate Bulić'],https://diskografija.com/pjesma/ne-pjevajte-o-mom-kraju-12969.htm,Ne pjevajte o mom kraju,,,,,,,,,,
45,+RXzsM0Y_1_45,Mate Bulić,Mate Bulić,"Ne spremaj mi, majko, svate",9838,"Ne pitaj me sto sam kasno kuci dosao
zadnji put sam rijec joj rek'o, od nje posao
ne pricaj mi o zivotu i da nisam mlad
ja je mogu prezaliti, oprostiti nikad

Ref. 2x
Ne spremaj mi, majko, svate
do vijeka cu sam ostati
ne, ja nisam rodjen za nju
za drugoga ce se udati
 
Ne pitaj me sto sam kasno kuci dosao
sve sam joj u lice rek'o, pa se napio
ne pitaj me sto cu sutra, kada ostarim
pusti, pusti sam da placem, da je mozda prebolim

Ref. 3x","https://tekstovi.net/2,729,26463.html",,,,,,,,['Mate Bulić'],https://diskografija.com/pjesma/ne-spremaj-mi-majko-svate-12942.htm,Ne spremaj mi majko svate,,,,,,,,,,
46,+RXzsM0Y_1_46,Mate Bulić,Mate Bulić,Necu leci prije zore,22255,"Ne placite oci njene
ne ljubi joj suzo lice
otisla je ona s ljetom 
odletjele sa njom ptice

Ne diraj joj vjetre kosu
ne povijaj ruke hladne
u tisini nema sjena
jer nje su mi usne gladne
 
Ref.2x
Necu leci prije zore 
ne zovi me sinje more
moli, bjesni, kleci, lazi 
nek' se vrati ti joj kazi

Ne diraj joj vjetre kosu
ne povijaj ruke hladne
u tisini nema sjena
jer nje su mi usne gladne

Ref. 2x","https://tekstovi.net/2,729,9971.html",,Neću Leći Prije Zore,,,"Ne plačite oči njene
ne ljubi joj suzo lice
otišla je ona s ljetom
odletjele sa njom ptice. Ne diraj joj vjetre kosu
ne povijaj ruke hladne
u tišini nema sjena
jer nje su mi usne gladne. [Refren]
Neću leći prije zore
ne zovi me sinje more
moli, bjesni, kleči, laži
nek' se vrati ti joj kaži. Ne diraj joj vjetre kosu
ne povijaj ruke hladne
u tišini nema sjena
jer nje su mi usne gladne. [Refren]",,https://lyricstranslate.com/en/mate-buli%C4%87-ne%C4%87u-le%C4%87i-prije-zore-lyrics.html,['Mate Bulić'],https://diskografija.com/pjesma/necu-leci-prije-zore-6981.htm,Neću leći prije zore,2003 - Gori borovina,2004 - Megamix,['Marko Perković Thompson'],['Marko Perković Thompson'],,['Branimir Mihaljević'],,,,
47,+RXzsM0Y_1_47,Mate Bulić,Mate Bulić,Nema zena ruznih,9392,"Nema, nema, nema zena ruznih
ima, ima samo zena tuznih
sve su lijepe zene zaljubljene
sve su tuzne zene ne ljubljene

Ref. 2x
A ja ne znam barabu
koji nece tarabu
zbog ljubavi preskociti
lijepu zenu poljubiti
 
Nema, nema, nema zena ruznih
ima, ima samo zena tuznih
a tuzan se pogled odmah gubi
s lica zena koja sretno ljubi

Ref.

I mi cemo barabe
preskociti taraba
mladu, staru usreciti
lijepu zenu poljubiti

Nema, nema, nema zena ruznih
ima, ima samo zena tuznih
a meni se srce uvijek slama
kada vidim da je zena sama

Ref. 2x

I mi cemo barabe
preskociti taraba
mladu, staru usreciti
lijepu zenu poljubiti

Zbog ljubavi preskociti
lijepu zenu poljubiti","https://tekstovi.net/2,729,26500.html",,,,,,,,['Mate Bulić'],https://diskografija.com/pjesma/nema-zena-ruznih-12494.htm,Nema žena ružnih,"2007 - Kako mi je, tako mi je",2007 - Zlatne Žice Slavonije 2007 - Večer pjesme i vina,['Mario Mihaljević'],['Mario Mihaljević'],,['Branimir Mihaljević'],,,,
48,+RXzsM0Y_1_48,Mate Bulić,Mate Bulić,Neretva,6686,"Duge su noci, na tebe mislim ja
od onog dana kada si otisla 
tad si mi rekla - tvoja il' nicija 
po rijeci srebro prosu mjesecina 

Ref.
Tebe nema, voda tece 
gdje su nasi dani srece 
ljube moja, zeljo jedina 
 
Stoji li jos bagrem bijeli
ispod kojeg smo se sreli 
behar cvao, tekla Neretva

Ti jos si uvijek u mojim snovima 
k'o lijek na rani u hladnim nocima
u srcu bol je i tuga velika 
kao sto je rijeka pod mostom duboka

Ref.","https://tekstovi.net/2,729,49783.html",,,,,,,,['Mate Bulić'],https://diskografija.com/pjesma/tiho-tece-neretva-7008.htm,Tiho teče Neretva,"1999 - Uživo, Split - uživo",2004 - Megamix,['V. Rašić'],['V. Rašić'],,,,,,
49,+RXzsM0Y_1_49,Mate Bulić,Mate Bulić,Nije casa kriva sto je casa,22813,"Jos me jutro gleda ispod oka
a sunce se smije sa visoka
pozna lice mi ne umivano
da se smirim, meni jos je rano

Ref. 2x
Nije casa kriva sto je casa
i sto ce zavrsiti na podu
nisi ni ti kriva sto si zena
boljet ces me kad svi drugi odu
 
Noc mi ljubav, zora sestra mi je
a volim ih isto obadvije
svaki dan ko posljednji ja zivim
tebe branim, a sebe jos krivim

Ref. 2x","https://tekstovi.net/2,729,26458.html",,,,,,,,['Mate Bulić'],https://diskografija.com/pjesma/nije-casa-kriva-sto-je-casa-12493.htm,Nije čaša kriva što je čaša,,,['Denis Dumančić'],['Faruk Buljubašić Fayo'],,['Branimir Mihaljević'],,,,
50,+RXzsM0Y_1_50,Mate Bulić,Mate Bulić,"Oj, Jelena",13284,"Oj, Jelena, Jelo
dolazim ti ja na prelo

Ima jedna lijepa Jela
djevojka iz drugog sela
svi pricaju u mom kraju 
da je ona za udaju
svi pricaju u mom kraju
da je Jela za udaju
 
Ref. 2x
Oj, Jelena, Jelo
dolazim ti ja na prelo
u subotu da te zaprosim
ti si, Jelo, nase gore list

Prosao sam mjesta svakojaka
nagled'o se lijepih djevojaka
obis'o sam i sela, i prela
al' ni jedna nije kao Jela

Ref. 4x","https://tekstovi.net/2,729,26455.html",,,,,,,,['Mate Bulić'],https://diskografija.com/pjesma/oj-jelena-12491.htm,Oj Jelena,,,['Zdenko Hršak'],['Zdenko Hršak'],,['Hrvoje Grčević'],,,,
51,+RXzsM0Y_1_51,Mate Bulić,Mate Bulić,Okovi ljubavi,9195,"Kad mene ne mozes voljeti
mojoj me sudbini ostavi
jedno cu od tebe moliti
skini mi okove ljubavi

Ref. 2x
Zasto vrijeme da gubimo 
kad se ne volimo
bolje da se rastanemo
jedno drugo zaboravimo
 
Ti mozes pjesmom drugoga
rumenim jutrima buditi
sta imas, djevojko, od toga
sto cu ja za tobom zuditi

Ref. 2x

Sve nade odnesi sa sobom
i bol, i tugu, i sve sto bi
da ne bi zalio za tobom
skini mi okove ljubavi

Ref. 4x","https://tekstovi.net/2,729,26467.html",,,,,,,,['Mate Bulić'],https://diskografija.com/pjesma/okovi-ljubavi-12964.htm,Okovi ljubavi,"1999 - Uživo, Split - uživo",2001 - Sve najbolje,['Ante Lasan Toni'],['I. Ivančić'],,,,,,
52,+RXzsM0Y_1_52,Mate Bulić,Mate Bulić,"Ostarit cu, nikad necu znati",23110,"Ref.
Ostarit cu, nikad necu znati
jesi li se mojom htjela zvati
jesi li se mojom htjela zvati
il' si samo htjela ljubovati

Jesi l' nasla srecu s nekim drugim
falim li ja tebi u nocima dugim
ova luda glava znala ti je dati
sto ti netko drugi moze tek obecati
 
Ref. 2x

Je l' ti pjesma dusu dotaknula
jesi l' od kog glas o meni cula
mojoj glavi uvijek kasno sine
sad bih htio, eh, da mogu vratit' godine

Ref. 3x","https://tekstovi.net/2,729,23083.html",,,,,,,,['Mate Bulić'],https://diskografija.com/pjesma/ostarit-cu-nikad-necu-znati-3008.htm,"Ostarit' ću, nikad neću znati",2004 - Hrvatski Radijski Festival 2004 - 24 najbolja,2004 - Hrvatski Radijski Festival 2004,['Marko Perković Thompson'],"['Marko Perković Thompson', 'Faruk Buljubašić Fayo']","2007 - Kako mi je, tako mi je",['Branimir Mihaljević'],,,,
53,+RXzsM0Y_1_53,Mate Bulić,Mate Bulić,Piva tica,5398,"Piva tica na maslinovoj garni
piva tica piva ka i lani
piva tica ne da joj se stati
ona piva a prolaze svati

Piva tica piva pismu svoju
ne zna bidna za nevolju moju
ne zna bidna da mi draga ode
ona piva a nju svati vode
 
Ref. 2x
Pivaj tico kad ti moze biti
pivam i ja necu suze liti
pivam i ja a draga mi ode
sad k'o tica pivam sa slobode

Piva tica na maslinovoj grani
piva tica piva ka i lani
piva tica ne fali joj zara
moja draga stigla do oltara

Piva tica piva pismu svoju 
ne zna bidna za nevolju moju
ne zna bidna da mi draga ode
ona piva a nju svati vode

Ref. 2x

Sad k'o tica pivam sa slobode","https://tekstovi.net/2,729,26650.html",,,,,,,,,,,,,,,,,,,,
54,+RXzsM0Y_1_54,Mate Bulić,Mate Bulić,Pjevaj mi sokole,17605,"Pjevaj mi, pjevaj, sokole
pjevaj mi, pjevaj, pjevaj, sokole
salaj, sokole

K'o sto si sinoc pjevao
k'o sto si sinoc, sinoc pjevao
salaj, pjevao
 
Pod moje drage prozorom
pod moje drage, drage prozorom
salaj, prozorom

Moja je draga zaspala
moja je draga, draga zaspala
salaj, zaspala

Studen joj kamen pod glavom
studen joj kamen, kamen pod glavom
salaj, pod glavom

Ja sam joj kamen izmak'o
ja sam joj kamen, kamen izmak'o
salaj, izmak'o

I svoju ruku podmak'o
i svoju ruku, ruku podmak'o
salaj, podmak'o

I desnom rukom milov'o
i desnom rukom, rukom milov'o
salaj, milov'o","https://tekstovi.net/2,729,47232.html",,,,,,,,,,,,,,,,,,,,
55,+RXzsM0Y_1_55,Mate Bulić,Mate Bulić,"Pjevaj, sestro, pjevaj, brate",38469,"Pjevaj, sestro, pjevaj, brate
zapjevajmo sada svi

Otisla si u Njemacku ti
koferi ti bili preteski
nasa ljubav nece prestati
sad kad zivis u dijaspori
 
Govore mi prijatelji svi
nece ti se ona vratiti
ma, ja im kazem bit ce svatovi
ja cu s tobom trusu povesti

Ref. 2x
Pjevaj, sestro, pjevaj, brate
zapjevajmo sada svi
udaje se Hercegovka
najljepsa je, svega mi

S mercedesom doc cu po tebe
nazvat cu te ja na mobitel
obuci cu bijele carape
kazu da nas znaju po tome

Govore mi prijatelji svi
nece ti se ona vratiti
a ja im kazem bit ce svatovi
ja cu s svojim cacom gangati

Ref. 3x","https://tekstovi.net/2,729,26550.html",,,,,,,,['Mate Bulić'],https://diskografija.com/pjesma/pjevaj-sestro-pjevaj-brate-7006.htm,"Pjevaj sestro, pjevaj brate",,,['Ivan Mikulić'],['R. Bilinovac'],,,,"Pjevaj sestro, pjevaj brate,
Zapjevajmo sada svi!

Otišla si ti studirati,
Koferi ti bili preteški
Naša ljubavi neće prestati
Sad kad živiš u metropoli.

Govore mi prijatelji svi
Neće ti se ona vratiti
Ja im kažem bit će svatovi!
Ja ću s tobom trusu povesti

Pjevaj sestro, pjevaj brate,
Zapjevajmo sada svi!
Udaje se Hercegovka,
Najljepša je svega mi!

Kad u Zagreb pođem po tebe
Nazvat ću te ja na mobitel
Obući ću bijele čarape,
Kažu da nas znaju po tome

Govore mi prijatelji svi
Neće ti se ona vratiti
Ja im kažem bit će svatovi,
Ja ću s tvojim ćaćom gangati....","Pjevaj sestro, pjevaj brate",https://cuspajz.com//tekstovi-pjesama/pjesma/mate-bulic/pjevaj-sestro-pjevaj-brate.html
56,+RXzsM0Y_1_56,Mate Bulić,Mate Bulić,Pjevajte sa mnom,1649,"Nisam trazio previse toga
drugi su uvijek birali prije
'ko mi je onda ukrao dusu
kad sreca na korak bila mi je

Nijednu suzu pustiti necu
jos snage imam, jos se ne dam
makar veceras nije mi lako
dok njene oci u casi gledam
 
Ref. 2x
Pjevajte sa mnom, dignimo case
nek' se do zore pije
barem je tuga siroke ruke
ako to sreca nije

Nisam trazio previse toga
i to je ono sto mi je zao
tako je malo pruzila meni
a sve sto imam njoj sam dao

Ref. 4x","https://tekstovi.net/2,729,54489.html",,,,,,,,['Mate Bulić'],https://diskografija.com/pjesma/pjevajte-sa-mnom-7000.htm,Pjevajte sa mnom,1999 - Pjevajte sa mnom,2001 - Sve najbolje,['Dražen Zečić'],['Dražen Zečić'],2004 - Megamix,['Bratislav Zlatanović'],,,,
57,+RXzsM0Y_1_57,Mate Bulić,Mate Bulić,Pjevam i placem,5194,"Kad me neka pjesma stara
sjeti na nas dva becara 
sto smo skupa zore cekala

Ti si zivot za dom dao,
a ja sam tebi obecao 
da cu uvijek cuvat sina tvog
 
Ref. 
Pjevam ti pjesmu, prijatelju moj
pjevam i placem u veselju tom
danas ti zenim sina jedinog
volim ga, brate, kao da je moj
mirno spavaj, prijatelju moj

I sad gledam tvoga sina
a u njemu sva milina
tvoja slika, tvoje duse glas

Dok si ti kod dragog Boga 
sokola cu cuvat tvoga 
sve dok dodje i moj zadnji cas

Ref. 2x

A ti mirno spavaj","https://tekstovi.net/2,729,54492.html",,Pjevam i plačem,Ich singe und weine,,"Kad me nekad pjesma stara,
Sjeti na nas dva bećara,
Kad smo skupa zore čekali
Ti si za dom život dao,
A ja sam tebi obećao,
Da ću uvijek, čuvat sina tvog.... [Refren]
Pjevam ti pjesmu, prijatelju moj
Pjevam i plačem, u veselju tom
Danas ti ženim sina jedinog
Volim ga, brate, kao da je moj
Mirno spavaj, prijatelju moj.... I sad gledam tvoga sina,
A u njemu sva milina,
Tvoja slika, tvoje duše glas,. Dok si ti kod dragog Boga,
Sokola ću čuvat tvoga,
Sve dok dođe, i moj zadnji čas...","Wenn mich manchmal ein
altes Lied an uns zwei Rumtreiber erinnert,
als wir gemeinsam auf den Morgen gewartet haben
du hast dein Leben für die Heimat gegeben
und ich hab dir versprochen,
dass ich mich immer um deinen Sohn kümmern werde.... Refrain:
Ich sing dir ein Lied, mein Freund
singe und weine in dieser Freude
heute verheirate ich deinen einzigen Sohn
Bruder, ich liebe ihn als wär er meiner
schlaf in Frieden, mein Freund. jetzt sehe ich deinen Sohn an,
und in ihm all die Freude,
dein Bild, die Stimme deiner Seele. Während du beim lieben Gott bist
werde ich deinen Falken schützen
solange bis auch mein letzter Augenblick kommt....",https://lyricstranslate.com/en/pjevam-i-placem-ich-singe-und-weine.html,['Mate Bulić'],https://diskografija.com/pjesma/pjevam-i-placem-15402.htm,Pjevam i plačem,,,,,,,,,,
58,+RXzsM0Y_1_58,Mate Bulić,Mate Bulić,Posto poto (duet Drazen Zecic),11348,"'Zalud se za mene brinu
ja sam takav kakav jesam
dobro mi je gdje sam
i ne slusam sta se prica
pustim srce da me vuce 
godine me uce
 
U svakom danu, svakom satu
jedan drugom ko brat bratu
bili smo i bit cemo, to znamo
sve dok srca nam ne stanu
jedan drugom drzi stranu
jedan na drugoga ne damo

Ref. 2x
Posto poto zivot trosimo
svaki dan ko zadnji zivimo
posto poto, samo uzivaj
jer nam svima brzo dodje kraj

Bas se pitam ove noci 
gdje cu jutro docekati
volio bih znati
to je stvarno tesko reci 
put nas vodi na sve strane
zora dok ne svane

Ref. 4x","https://tekstovi.net/2,729,26139.html",,,,,,,,['Mate Bulić'],https://diskografija.com/pjesma/posto-poto-12485.htm,Pošto poto,,,['Marko Perković Thompson'],['Faruk Buljubašić Fayo'],,['Branimir Mihaljević'],,,,
59,+RXzsM0Y_1_59,Mate Bulić,Mate Bulić,Pozdravi je ti,20024,"Jos se uvijek iz sna 
budim cesto jer ja nisam 
gdje je meni mjesto 
majka sina nije dugo srela 
ti poleti do nje ptico bijela

Ref. 2x 
Pozdravi je ti i ne zaboravi
kazi majci mojoj 
da mi ozdravi 
 
Pozdravi je ti 
i nek' je cuva Bog 
ljubav srca mog

Teret mi je na dusi sve tezi
ona tamo u samoci lezi
moje misli prema majci krenu
pa mi oko zasuzi u trenu

Ref. 4x","https://tekstovi.net/2,729,9965.html",,,,,,,,['Mate Bulić'],https://diskografija.com/pjesma/pozdravi-je-ti-6986.htm,Pozdravi je ti,2003 - Gori borovina,2004 - Megamix,['Marko Perković Thompson'],['Faruk Buljubašić Fayo'],,['Branimir Mihaljević'],,,,
60,+RXzsM0Y_1_60,Mate Bulić,Mate Bulić,Prasina se dize,35374,"Ljubila me materina Mara
namigusa, becarusa stara
na oca se umetnula svoga
starog lolu kralja becarskoga

Volila je derneke i sila
prva cura u selima bila
kad se sa mnom u'vati u kolo
vrtit ce se nebo na okolo
 
Ref. 2x
Igraj Mare, prasina se dize
siri ruke okreci se brze
prasina te ovila u bilo
ajde Mare dotakni mi tilo

Krenula je u nedilju svetu
sa Kupresa prema Prgometu
zvizdan pece, pritisnula susa
putem sam je grlio i kusa

Sveti Stipan vruce litnje doba
dugo sam je ljubio i proba
prasna cesta, nebo, kamen plavi
kolo krece selo festu slavi

Ref. 2x

Ajde Mare dodirni me
primakni se blize
skoci Mare, skoci Mare 
prasina se dize

Ref. 2x","https://tekstovi.net/2,729,10019.html",,,,,,,,['Mate Bulić'],https://diskografija.com/pjesma/igraj-mare-prasina-se-dize-6991.htm,Igraj Mare prašina se diže,2003 - Gori borovina,2004 - Megamix,['Sretan Bogdan'],['Jakov Džolić'],,['Ivo Lesić'],,,,
61,+RXzsM0Y_1_61,Mate Bulić,Mate Bulić,Pune case ispijam,30532,"Jutrom mene budi majka
ustaj, sine, zora svanula
glava boli, a ja ne znam
koja me je nocas ljubila

Tako mi je lijepo bilo 
dok mi vino dusu grijalo
ali ipak nakon svega
samo njeno ime ostalo
 
Ref.
Pune case ispijam, tudje zene osvajam
cini mi se, tako ozdravljam
kad se jutrom trijeznim ja 
shvatim da sam nesretan
tesko, tesko te zaboravljam","https://tekstovi.net/2,729,26462.html",,,,,,,,['Mate Bulić'],https://diskografija.com/pjesma/pune-case-ispijam-7007.htm,Pune čaše ispijam,"1999 - Uživo, Split - uživo",2001 - Sve najbolje,['Dražen Zečić'],['Dražen Zečić'],2004 - Megamix,,,"Jutrom mene budi majka, ustaj sine zora svanula
Glava boli a ja ne znam koja me je noćas ljubila
Tako mi je lijepo bilo dok mi vino dušu grijalo
Ali ipak nakon svega samo njeno ime ostalo

Pune čaše ispijam, tuđe žene osvajam
Čini mi se tako ozdravljam
Kad se jutrom trijeznim ja shvatim da sam nesretan
Teško teško te zaboravljam

Kad se jutrom trijeznim ja shvatim da sam nesretan
Teško teško te zaboravljam

Kako mi je lijepo bilo dok mi vino dušu grijalo
Ali ipak nakon svega samo njeno ime ostalo",Pune čaše ispijam,https://cuspajz.com//tekstovi-pjesama/pjesma/mate-bulic/pune-case-ispijam.html
62,+RXzsM0Y_1_62,Mate Bulić,Mate Bulić,Rob ljubavi,7269,"Zaljubi se srce moje
sada kuca za oboje
zlato zlatu, cvijece cvijecu
ti mi nosis srecu

Otkako sam sreo tebe
vise ne znam ni za sebe
za tobom umrijet cu
 
Ref. 2x
Rob ljubavi za zivota svoga
okove si bacila oko srca moga

Bez tebe mi nema lijeka
ljubit cu te sve do vijeka
zlato zlatu, cvijece cvijecu
ti mi nosis srecu

Otkako sam sreo tebe
vise ne znam ni za sebe
za tobom umrijet cu

Ref. 2x

Otkako sam sreo tebe
vise ne znam ni za sebe
za tobom umrijet cu

Ref. 2x

Okove si bacila oko srca moga","https://tekstovi.net/2,729,26651.html",,,,,,,https://lyricstranslate.com/en/language/english,['Mate Bulić'],https://diskografija.com/pjesma/rob-ljubavi-12954.htm,Rob ljubavi,1997 - Dodijalo pajdo,2001 - Sve najbolje,['Duško Kuliš'],['Bratislav Zlatanović'],,['Nikša Bratoš'],,,,
63,+RXzsM0Y_1_63,Mate Bulić,Mate Bulić,Samo jedan cvijet,10076,"Ti si sinu ime dala 
da se zove kao ja
lagala si, lagala si 
da me nisi voljela

Nisi htjela sirotana
ali protiv srca svog
zeljela si zaboravit'
al' ti nije dao Bog
 
Mene zove nebo plavo
mene zovu polja sna
kad se nocu zvijezde pale
to ti pozdrav saljem ja

Nisi htjela sirotana
ali protiv srca svog
zeljela si zaboravit'
al' ti nije dao Bog

Ref.
Samo jedan cvijet ti baci na moj dom
da bar nesto tvoje nosim sa sobom
samo jedan cvijet i casu crnog vina
da za tvoju dusu pijem s andjelima","https://tekstovi.net/2,729,26549.html",,,,,,,,['Mate Bulić'],https://diskografija.com/pjesma/samo-jedan-cvijet-7534.htm,Samo jedan cvijet,,,['Nenad Ninčević'],['Nenad Ninčević'],,,,,,
64,+RXzsM0Y_1_64,Mate Bulić,Mate Bulić,Srce stalo,6665,"Cekao sam takvu zenu
tuznom pjesmom opcinjenu
da joj suze same krenu
i da ima ih sve vise
moj poljubac da ih brise

Setali smo niz ulicu
pahulje na njenom licu
i u kosi jos se sjaje
taj poljubac i sad traje
i noc je za zagrljaje
 
Ref.
Srce stalo, srce stalo
to je ona ljubav koja 
nema godina ni broja
ostala je uvijek moja

Srce stalo, sve je stalo
to je ona ljubav koja 
nema godina ni broja
ostala je uvijek moja

Pahulje na licu njenom
i snenom, i zaljubljenom
a i ja sam svakim trenom 
sve vise i vise znao
da sam dragu upoznao

Ref. 2x","https://tekstovi.net/2,729,26140.html",,,,,,,,['Mate Bulić'],https://diskografija.com/pjesma/srce-stalo-12486.htm,Srce stalo,,,['Branimir Mihaljević'],['Faruk Buljubašić Fayo'],,['Branimir Mihaljević'],,,,
65,+RXzsM0Y_1_65,Mate Bulić,Mate Bulić,Srebro moje srebreno,1500,"Ja sam oblak bez svog neba
sto ga ludi vjetar nosi
zadnji putnik na toj cesti
koji mrvu srece prosi
koji mrvu srece prosi

Ref. 2x
Srebro moje srebreno
sto si mi nevjerno
nije mi, nije sudjeno
tvoje oko zeleno
 
Ja sam ptica u oluji
sto nemocno siri krila
ja sam covjek na tom putu
koga crna noc je skrila
koga crna noc je skrila

Ref. 2x","https://tekstovi.net/2,729,59440.html",,,,,,,,['Mate Bulić'],https://diskografija.com/pjesma/srebro-moje-srebreno-12946.htm,Srebro moje srebreno,,,,,,,,,,
66,+RXzsM0Y_1_66,Mate Bulić,Mate Bulić,Sto smo duso na tom svijetu (duet Dolores),10007,"Savila se jorgovana grana
savila se jer je neubrana
a i ti ces uvenuti mala
ne budes li sa mnom ljubovala

Ref.
Sto smo duso na tom svijetu
zasto li nas rodi mati
neka drugi novce broje
a mi cemo ljubovati
 
Neka njima srebra zlata
meni tvoje ruke oko vrata
neka njima svakog blaga
a ti budi moja draga

Rodila se u planini vila
rodila se, pa je tuzna bila
na kamenu zaspala je sama
pokrilo je nebo sa zvijezdama

Ref. 2x","https://tekstovi.net/2,729,10023.html",,,,,,,,['Mate Bulić'],https://diskografija.com/pjesma/sto-smo-duso-na-tom-svijetu-6988.htm,Što smo dušo na tom svijetu,2003 - Gori borovina,2004 - Megamix,['Nenad Ninčević'],['Nenad Ninčević'],,['Nikša Bratoš'],,,,
67,+RXzsM0Y_1_67,Mate Bulić,Mate Bulić,Sto zivota dao bi,25983,"Kad bi znao da bi ja tvoj bio 
Livanjsko bi polje pregazio
zbog tebe, zbog tebe

Presao bi preko Velebita 
preko puta strnovita
zbog tebe, zbog tebe
 
Ja sam becar, a ti vila najljepsa 
ja sam sokol, a ti
ptica bijela, golubica

Ref.
Sto zivota dao bi
 samo da me ljubis ti
 bez tebe dusa ne moze

Sto zivota dao bi 
samo da me ljubis ti 
umro bi ko prosjak ljubavi 

Samo za taj pogled tvoga oka
 isao bih za njim do Iloka
Dunava duboka

Za tobom bi sve do Palagruze
 prosipao morem zute ruze 
za tebe, za tebe

Ja sam becar, a ti vila najljepsa 
ja sam sokol, a ti
ptica bijela, golubica

Ref.","https://tekstovi.net/2,729,32376.html",,,,,,,https://lyricstranslate.com/en/translations/16?page=1,['Mate Bulić'],https://diskografija.com/pjesma/sto-zivota-dao-bi-15395.htm,Sto života dao bi',,,,,,,,"Kad bi' znao da bi ja tvoj bio
Livanjsko bi' polje pregazio
Zbog tebe, zbog tebe
Prešao bi' preko Velebita
Preko puta strnovita
Zbog tebe, zbog tebe
Ja sam bećar, a ti vila najljepša
Ja sam sokol, a ti ptica bijela golubica

Sto života dao bi' samo da me ljubiš ti
Bez tebe duša ne može
Sto života dao bi' samo da me ljubiš ti
Umro bi' k'o prosjak ljubavi, umro bi' k'o prosjak ljubavi

Samo za taj pogled tvoga oka
Išao bi' za njim do Iloka, Dunava duboka
Za tobom bi' sve do Palagruže prosipao morem
Žute ruže za tebe za tebe
Ja sam bećar, a ti vila najljepša
Ja sam sokol, a ti ptica bijela golubica

Sto života dao bi' samo da me ljubiš ti
Bez tebe duša ne može
Sto života dao bi' samo da me ljubiš ti
Umro bi' k'o prosjak ljubavi, umro bi' k'o prosjak ljubavi

Ja sam bećar, a ti vila najljepša 
Ja sam sokol, a ti ptica bijela golubica

Sto života dao bi' samo da me ljubiš ti
Bez tebe duša ne može
Sto života dao bi' samo da me ljubiš ti
Umro bi' ko prosjak ljubavi, umro bi' ko prosjak ljubavi",Sto života dao bi',https://cuspajz.com//tekstovi-pjesama/pjesma/mate-bulic/sto-zivota-dao-bi.html
68,+RXzsM0Y_1_68,Mate Bulić,Mate Bulić,Svatovska,24699,"Spremaj, majko, oce, svate 
primak'o se dan
e moj kume, stari svate 
mlada kao san

Sto da radim, mila majko 
sto da radim ja
zanijela me ocima cura malena
Samo sam je malo, majko pogledao ja
a ona se nasmijala, gotov sam ti ja
 
Ref.
Hocu da se zenim, rode 
vec je dosao dan
neka cura mladicima 
odoh kvragu ja

Spremaj, majko, oce, svate 
primak'o se dan
e moj kume, stari svate 
mlada kao san

Godinama momak bio, momkovao ja
a sada me ova mala sasvim smotala
zovite mi svecenika, necu umrijet' ja
hocu samo da se zenim, i mala je za

Ref.","https://tekstovi.net/2,729,11537.html",,,,,,,https://lyricstranslate.com/de/maja-%C5%A1uput-lyrics.html,['Mate Bulić'],https://diskografija.com/pjesma/svatovska-7535.htm,Svatovska,,,['Goran Šimunović'],['Goran Šimunović'],,,,,,
69,+RXzsM0Y_1_69,Mate Bulić,Mate Bulić,Svatovska (Mojoj kceri),21456,"Zasvirale orgulje sa hora
lijepo poput andjeoskog zbora
toj ljubavi i nebo se veseli
pa tu radost skupa s nama dijeli

Ref.
Ej, svatovi podignimo case
nazdravimo za mladence nase
rujno vino ispijmo do dna
 
Zazelimo najljepse im zelje
zapjevajmo nek pocme veselje
nek im svatko blagoslov svoj da

Rasulo se po oltaru cvijece
zadivljen sam od ljepote stao
u trenutku neizmjerne srece
moje zlato u nov' zivot krece

Ref.

Kceri moja od danas si zena
uz svog muza ti ces gnijezdo sviti
sretna bila s njim za sva vremena
u mom srcu ti ces uvijek biti

Rasla si mi ko trska iz vode
i iz pupoljka lijepe cvijetak cvao
znadem da na dobro ti od mene ode
rastanak je pa mi ipak zao

Sve dok zivis bit ces moje dijete
moja maza, moj dragulj bez cijene
sretno kceri, sretno dragi zete
vasa ljubav nikad ne nevene
Zivjeli

Ref.","https://tekstovi.net/2,729,33053.html",,,,,,,https://lyricstranslate.com/de/maja-%C5%A1uput-lyrics.html,['Mate Bulić'],https://diskografija.com/pjesma/svatovska-7535.htm,Svatovska,,,['Goran Šimunović'],['Goran Šimunović'],,,,,,
70,+RXzsM0Y_1_70,Mate Bulić,Mate Bulić,"Tiho, tiho tece Neretva",64358,"Mostar grade podno Veleza
meka srca, tvrda kamena
tu je mene majka rodila
tu je moja mladost ostala

Volim tebe grade rodjeni
ne dam tvrdi kamen Hrvatski
jorgovani tu su cvali, tu smo tajno ljubovali
jedno drugom njezno saptali
 
Ref.
Tiho, tiho tece Neretva
nema vise duso mostova
ostali smo samo ti i ja
moja iskra, moja krijesnica

Tiho, tiho tece Neretva
nema vise duso mostova
kraj Neretve samo ti i ja
miris rose, vedro nebo
zvijezda Danica, zvijezda Danica

Ref.","https://tekstovi.net/2,729,20485.html",,Tiho tiho teče Neretva,,,"Mostar grade podno Veleža,
Meka srca, tvrda kamena
Tu je mene majka rodila,
Tu je moja mladost ostala. Volim tebe grade rođeni,
Nedam tvrdi kamen Hrvatski.
Jorgovani tu su cvali, tu smo tajno ljubovali
Jedno drugom nježno šaptali. Tiho tiho teče Neretva,
Nema više dušo mostova
Ostali smo samo ti i ja
Moja iskra moja krijesnica. Tiho tiho teče Neretva,
Nema više dušo mostova
Kraj Neretve samo ti ja
Miris rose, vedro nebo, zvijezda Danica
Zvijezda Danica",,https://lyricstranslate.com/en/mate-buli%C4%87-tiho-tiho-te%C4%8De-neretva-lyrics.html,,,,,,,,,,,"Mostar grade podno Veleža,
Meka srca, tvrda kamena
Tu je mene majka rodila,
Tu je moja mladost ostala

Volim tebe grade rođeni,
Nedam tvrdi kamen Hrvatski.
Jorgovani tu su cvali, tu smo tajno ljubovali
Jedno drugom nježno šaptali

Tiho tiho teče Neretva,
Nema više dušo mostova
Ostali smo samo ti i ja
Moja iskra moja krijesnica

Tiho tiho teče Neretva,
Nema više dušo mostova
Kraj Neretve samo ti ja
Miris rose, vedro nebo, zvijezda Danica
Zvijezda Danica","Tiho, tiho teče Neretva",https://cuspajz.com//tekstovi-pjesama/pjesma/mate-bulic/tiho-tiho-tece-neretva.html
71,+RXzsM0Y_1_71,Mate Bulić,Mate Bulić,Trusa,18681,"Hercegovci, gange zapivajte
zapivajte, trusu zaigrajte
svud se cuju pisme od momaka
od momaka i od divojaka

Pivam i ja, sto drugo da radim
bacve punim, a vinom se sladim
cuvaj, rode, pisme od starina
drz' se gange i bukare vina
 
Jesen dosla, zenidbe i sila
svaka cura udat' bi se tila
vrime proslo, gange ispivane
pitaj cace, mala, 'oces poci za me

Sto je moja naumila mala
u mene se mlada zagledala
reci, mala, os li moja biti
na vincanje ja cu te voditi

Hercegovci, gange zapivajte
zapivajte, trusu zaigrajte
cuvaj, rode, pisme od starina
drz' se gange i bukare vina","https://tekstovi.net/2,729,26466.html",,,,,,,,['Mate Bulić'],https://diskografija.com/pjesma/trusa-6999.htm,Trusa,1997 - Dodijalo pajdo,2001 - Sve najbolje,['Goran Šimunović'],['Fra Vladimir Ereš'],2004 - Megamix,['Nikša Bratoš'],,,,
72,+RXzsM0Y_1_72,Mate Bulić,Mate Bulić,Vijavica,18063,"Pun je mjesec hladna noc
a ja kuci moram poc'
studen stegla svaku moju venu 
tu na cesti vidjeh lijepu zenu

Ne vidim na nebu svijece 
svud po zemlji bijelo cvijece
studen bije vjetar lomi sve 
dodji blize, budi kraj mene
 
Ref. 
Zamela nas vijavica bijela
nigdje puta vec je zima ljuta
pred nama je noc hladna i cijela
ti se skloni ispod mog kaputa

Ispruzila hladne ruke 
da ih zgrijem od te muke 
skidam kaput usred noci te 
da ne zebe, Boze hladno je

Ref. 2x","https://tekstovi.net/2,729,9996.html",,,,,,,,['Mate Bulić'],https://diskografija.com/pjesma/vijavica-6984.htm,Vijavica,2003 - Gori borovina,2004 - Megamix,['Marko Perković Thompson'],"['Faruk Buljubašić Fayo', 'M. Sučić']",,['Branimir Mihaljević'],,,,
73,+RXzsM0Y_1_73,Mate Bulić,Mate Bulić,Vino i rakija,9961,"Tebe sam volio
za tebe zivio
a ti me varala
drugoga ljubila

Od mene odlazi
nemoj me traziti
nek ti je sa srecom
mene zaboravi
 
Ref.
Samo vino i rakija
dva su moja prijatelja
meni vise ne treba
tvoja dusa prokleta

Samo vino i rakija
dva su moja prijatelja
nocas hladna postelja
vreli miris jastuka

Tebe sam volio
za tebe zivio
a ti me varala
drugoga ljubila

Jesam te volio
a mene nisi ti
al' kad se napijem 
ja sve zaboravim

Ref.

Nocas hladna postelja
vreli miris jastuka","https://tekstovi.net/2,729,26493.html",,,,,,,,['Mate Bulić'],https://diskografija.com/pjesma/vino-i-rakija-12952.htm,Vino i rakija,1997 - Dodijalo pajdo,2001 - Sve najbolje,['Ivan Mikulić'],['R. Bilinovac'],,['Nikša Bratoš'],,,,
74,+RXzsM0Y_1_74,Mate Bulić,Mate Bulić,Vjecni sokol,2880,"Pomislio stari sokol
da ce umrijeti
pa pozeli Liku svoju
jos jednom preletjeti

Ref. 2x
Ne, ne, moj sokole
neces umrijeti
ti i Vila Velebita
vjecno cete zivjeti
 
Tebe przi sunce s neba
grom siloviti
tvoja krila od celika
nece moci slomiti

Ref. 2x

Ti ces vjecno, moj sokole
nebom letjeti
a Lika ce mirno spavat
dok je budes cuv'o ti

Ref. 2x","https://tekstovi.net/2,729,54490.html",,,,,,,,,,,,,,,,,,,,
75,+RXzsM0Y_1_75,Mate Bulić,Mate Bulić,Volio sam i ja jednom,13900,"Sreo sam te jedne noci
zavele me tvoje oci
sto me ceka nisam znao
ljubav sam ti svoju dao

Kad se sjetim rano moja
suzama se ne zna broja
pa pozelim da me nema
sreco moja nesudjena
 
Ref.
Volio sam kao nikad u zivotu svom
dusu si mi otrovala, napravila lom
volio sam a i sada za tobom sam lud
dusu si mi zacarala nemam vise kud

Sreo sam te jedne noci
zavele me tvoje oci
sto me ceka nisam znao
sve sam tebi vjerovao

Kad se sjetim rano moja
suzama se ne zna broja
pa pozelim da me nema
bolujem od uspomena

Ref. 2x

","https://tekstovi.net/2,729,19368.html",,,,,,,,['Mate Bulić'],https://diskografija.com/pjesma/volio-sam-i-ja-jednom-7002.htm,Volio sam i ja jednom,1997 - Dodijalo pajdo,2004 - Megamix,['Ante Lasan Toni'],['Bratislav Zlatanović'],,['Nikša Bratoš'],,,,
76,+RXzsM0Y_1_76,Mate Bulić,Mate Bulić,Zeno,7024,"Usamljen sam zeljo stara
kao pas bez gospodara
'ko nebeski svod bez zvijezda
kao ptice bez svog gnjezda

Vodu pila zedna bila
zasto si me ostavila
gdje god stala zaplakala
sto si drugom ruku dala, e
 
Ref.
Zeno, zeno, lijepa zeno
od Boga ti oprosteno
al' od mene, al' od mene
nikad ne zaboravljeno

Pamtim nase noci, dane
drhtim 'ko na snijegu lane
pa se pitam zar u dusi
tako puno boli stane

Ref. 2x","https://tekstovi.net/2,729,38913.html",,,,,,,,['Mate Bulić'],https://diskografija.com/pjesma/zeno-15400.htm,Ženo,,,,,,,,,,
77,+RXzsM0Y_1_77,Mate Bulić,Mate Bulić,Zlatne niti nase srece,15695,"Kao vino ti opijas mene
od ljubavi i od uspomene
sto bih bez ljepote tvoje
ti si lijek za srce moje
ti si pravi lijek za srce moje

Ref. 2x
Zlatne niti nase srece 
pokidati nitko nece
nijedna mi u zivotu 
nije bila kao ti
 
Kao pjesma u mojoj si dusi
ljubit cu te, i svijet nek se srusi
u zivotu sve sam prosa
dok u srce nisi dosla
dok u moje srce nisi dosla

Ref. 3x","https://tekstovi.net/2,729,26460.html",,,,,,,,['Mate Bulić'],https://diskografija.com/pjesma/zlatne-niti-nase-srece-9185.htm,Zlatne niti naše sreće,2006 - Hrvatski Radijski Festival 2006,2006 - Hrvatski Radijski Festival 2006 - 24 najbolja,['Marko Perković Thompson'],['Faruk Buljubašić Fayo'],2006 - Hitomanija 3,['Branimir Mihaljević'],"2007 - Kako mi je, tako mi je",,,
78,+RXzsM0Y_1_78,Mate Bulić,Mate Bulić,Zuta ruza,10863,"Da l' jos cuvas zutu ruzu
uz Neretvu sto smo brali
il' si sve zaboravila
kao da se nismo znali

Ref. 2x
Ja te molim ne spominji
i ne pisi o tom cvijetu
da ne sanjas vise mene
baci ruzu u Neretvu
 
Da l' je cuvas il' mi lazes
tvoje rijeci nisu svete
znam ja dobro da ne sanjas
zutu ruzu sa Neretve

Ref. 2x

Da ne sanjas vise mene
baci ruzu u Neretvu","https://tekstovi.net/2,729,26502.html",,,,,,,,['Mate Bulić'],https://diskografija.com/pjesma/zuta-ruza-12951.htm,Žuta ruža,1997 - Dodijalo pajdo,2001 - Sve najbolje,['Đorđe Novković'],['Mario Rašić'],,['Nikša Bratoš'],,,,
