Artist,Artist_discogs,Song_discogs,Song_duration_discogs,Lyrics By_discogs,Album_title_discogs,Album_year_discogs,Arranged By_discogs,Music By_discogs,Written-By_discogs,Guest_discogs,Composed By_discogs,Vocals [Duet]_discogs,Featuring_discogs,Vocals_discogs,Album_year_title_discogs,All_albums_discogs
Mladen Grdović,Mladen Grdović,Ona Sad Živi Daleko,,Maja Perfiljeva,Ona Sad Živi Daleko / Ako Me Sretneš,1977.0,,,,,,,,,1977.0-Ona Sad Živi Daleko / Ako Me Sretneš,1977.0-Ona Sad Živi Daleko / Ako Me Sretneš/nan-Doviđenja
Mladen Grdović,Mladen Grdović,Ako Me Sretneš,,Ivan Glišić,Ona Sad Živi Daleko / Ako Me Sretneš,1977.0,,,,,,,,,1977.0-Ona Sad Živi Daleko / Ako Me Sretneš,1977.0-Ona Sad Živi Daleko / Ako Me Sretneš
Mladen Grdović,Mladen Grdović,Huanita,,Namik Tarabić,Huanita / I Srce Je K'o Gitara,1978.0,Namik Tarabić,Rajmond Ruić,,,,,,,1978.0-Huanita / I Srce Je K'o Gitara,1978.0-Huanita / I Srce Je K'o Gitara
Mladen Grdović,Mladen Grdović,I Srce Je K'o Gitara,,Željko Pavičić,Huanita / I Srce Je K'o Gitara,1978.0,,Đorđe Novković,,,,,,,1978.0-Huanita / I Srce Je K'o Gitara,1978.0-Huanita / I Srce Je K'o Gitara
Mladen Grdović,Mladen Grdović,Između Poljupca Dva,,Željko Sabol,Između Poljupca Dva / Kupit Ću Bijelog Konja,,,Rajmond Ruić,,,,,,,nan-Između Poljupca Dva / Kupit Ću Bijelog Konja,nan-Između Poljupca Dva / Kupit Ću Bijelog Konja/nan-Doviđenja/1994.0-Tu Je Moj Dom/nan-18 Zlatnih Hitova/nan-Za Sva Vrimena - Mix Hitova/2014.0-50 Originalnih Pjesama
Mladen Grdović,Mladen Grdović,Kupit Ću Bijelog Konja,,Đorđe Novković,Između Poljupca Dva / Kupit Ću Bijelog Konja,,,Đorđe Novković,,,,,,,nan-Između Poljupca Dva / Kupit Ću Bijelog Konja,nan-Između Poljupca Dva / Kupit Ću Bijelog Konja
Mladen Grdović,Mladen Grdović,Zadnja Noć U Zadru,4:34,,Songs From Zadar,1990.0,,,,,,,,,1990.0-Songs From Zadar,1990.0-Songs From Zadar/nan-Za Sva Vrimena - Mix Hitova
Mladen Grdović,Mladen Grdović,Rastanak U Zoru,3:34,,Songs From Zadar,1990.0,,,,,,,,,1990.0-Songs From Zadar,1990.0-Songs From Zadar
Mladen Grdović,Mladen Grdović,Zadarski Kanal,2:57,,Songs From Zadar,1990.0,,,,,,,,,1990.0-Songs From Zadar,1990.0-Songs From Zadar/nan-Za Sva Vrimena - Mix Hitova
Mladen Grdović,Mladen Grdović,Leros,2:27,,Songs From Zadar,1990.0,,,,,,,,,1990.0-Songs From Zadar,1990.0-Songs From Zadar
Mladen Grdović,Mladen Grdović,Zaljublijena Mare,3:00,,Songs From Zadar,1990.0,,,,,,,,,1990.0-Songs From Zadar,1990.0-Songs From Zadar
Mladen Grdović,Mladen Grdović,More I Mornari,3:18,,Songs From Zadar,1990.0,,,,,,,,,1990.0-Songs From Zadar,1990.0-Songs From Zadar
Mladen Grdović,Mladen Grdović,"Voga, Voga",2:16,,Songs From Zadar,1990.0,,,,,,,,,1990.0-Songs From Zadar,1990.0-Songs From Zadar
Mladen Grdović,Mladen Grdović,Eco Da Lontano,2:50,,Songs From Zadar,1990.0,,,,,,,,,1990.0-Songs From Zadar,1990.0-Songs From Zadar
Mladen Grdović,Mladen Grdović,Richiamo Dal Mare,3:00,,Songs From Zadar,1990.0,,,,,,,,,1990.0-Songs From Zadar,1990.0-Songs From Zadar
Mladen Grdović,Mladen Grdović,Maria Graziella,2:25,,Songs From Zadar,1990.0,,,,,,,,,1990.0-Songs From Zadar,1990.0-Songs From Zadar
Mladen Grdović,Mladen Grdović,Dolce Corazon,2:23,,Songs From Zadar,1990.0,,,,,,,,,1990.0-Songs From Zadar,1990.0-Songs From Zadar
Mladen Grdović,Mladen Grdović,Sull'onda  Del Mare,3:40,,Songs From Zadar,1990.0,,,,,,,,,1990.0-Songs From Zadar,1990.0-Songs From Zadar
Mladen Grdović,Mladen Grdović,Odlazim,3:22,Tomislav Ivčić,Doviđenja,,,,Willy Molco,,,,,,nan-Doviđenja,nan-Doviđenja/1993.0-Nedostaješ Mi Ti/nan-Za Zaljubljene/nan-18 Zlatnih Hitova/nan-Za Sva Vrimena - Mix Hitova/2004.0-20 hitova/2005.0-Pusti Da Te Prebolim/nan-Največi Hitovi Dalmacije/2007.0-Zlatna Kolekcija/2009.0-Evo Mene Moji Ljudi! (Koncert)/2010.0-Najljepše Ljubavne Pjesme/2014.0-50 Originalnih Pjesama
Mladen Grdović,Mladen Grdović,Doviđenja,4:07,,Doviđenja,,,,,,,,,,nan-Doviđenja,nan-Doviđenja/nan-18 Zlatnih Hitova
Mladen Grdović,Mladen Grdović,Sve Zbog Ljubavi Nevjerne,3:43,Soro Paleka,Doviđenja,,,Mihovil Seko,,,,,,,nan-Doviđenja,nan-Doviđenja
Mladen Grdović,Mladen Grdović,Emanuela,4:47,,Doviđenja,,,,,,,,,,nan-Doviđenja,nan-Doviđenja/nan-Ako Odeš Ti/nan-18 Zlatnih Hitova/2007.0-Zlatna Kolekcija/2010.0-Najljepše Ljubavne Pjesme
Mladen Grdović,Mladen Grdović,"Snivaj Mi, Majko",4:35,Petar Lendić,Doviđenja,,,Petar Lendić,,,,,,,nan-Doviđenja,nan-Doviđenja
Mladen Grdović,Mladen Grdović,Volio Sam Jednu Ženu,3:25,,Doviđenja,,,,,,,,,,nan-Doviđenja,nan-Doviđenja/nan-Za Sva Vrimena - Mix Hitova/2007.0-Zlatna Kolekcija/2010.0-Najljepše Ljubavne Pjesme/2014.0-50 Originalnih Pjesama/2017.0-The Best Of Collection
Mladen Grdović,Mladen Grdović,Oči Nebeske,3:20,,Doviđenja,,,,,,,,,,nan-Doviđenja,nan-Doviđenja/nan-Ako Odeš Ti/2010.0-Najljepše Ljubavne Pjesme
Mladen Grdović,Mladen Grdović,Sve Smo Suze Isplakali,4:12,,Doviđenja,,,,,,,,,,nan-Doviđenja,nan-Doviđenja/nan-Za Sva Vrimena - Mix Hitova/2017.0-The Best Of Collection
Mladen Grdović,Mladen Grdović,Hrvatska  Lađa ,,,Hrvatska  Lađa ,1991.0,,,,,,,,,1991.0-Hrvatska  Lađa ,1991.0-Hrvatska  Lađa 
Mladen Grdović,Mladen Grdović,Zaplakale Oči Moje Majke,,,Hrvatska  Lađa ,1991.0,,,,,,,,,1991.0-Hrvatska  Lađa ,1991.0-Hrvatska  Lađa /1993.0-Nedostaješ Mi Ti/nan-18 Zlatnih Hitova/nan-Za Sva Vrimena - Mix Hitova/2007.0-Zlatna Kolekcija/2010.0-Najljepše Ljubavne Pjesme/2014.0-50 Originalnih Pjesama/2017.0-The Best Of Collection
Mladen Grdović,Mladen Grdović,Nek' Mi Noćas Suze Liju,,,Hrvatska  Lađa ,1991.0,,,,,,,,,1991.0-Hrvatska  Lađa ,1991.0-Hrvatska  Lađa 
Mladen Grdović,Mladen Grdović,Crno Vino,,,Hrvatska  Lađa ,1991.0,,,,,,,,,1991.0-Hrvatska  Lađa ,1991.0-Hrvatska  Lađa /1993.0-Nedostaješ Mi Ti/nan-18 Zlatnih Hitova/nan-Za Sva Vrimena - Mix Hitova/2007.0-Zlatna Kolekcija/2014.0-50 Originalnih Pjesama
Mladen Grdović,Mladen Grdović,Natalia,,,Hrvatska  Lađa ,1991.0,,,,,,,,,1991.0-Hrvatska  Lađa ,1991.0-Hrvatska  Lađa /nan-18 Zlatnih Hitova
Mladen Grdović,Mladen Grdović,Proplakat Će Kamen Bili,,,Hrvatska  Lađa ,1991.0,,,,,,,,,1991.0-Hrvatska  Lađa ,1991.0-Hrvatska  Lađa /1994.0-Tu Je Moj Dom/nan-Za Sva Vrimena - Mix Hitova/2007.0-Zlatna Kolekcija/2008.0-Pisme Za Dušu/2014.0-50 Originalnih Pjesama
Mladen Grdović,Mladen Grdović,Zaljubljen San U Te,,,Hrvatska  Lađa ,1991.0,,,,,,,,,1991.0-Hrvatska  Lađa ,"1991.0-Hrvatska  Lađa /2006.0-E, Da Mi Je Vratit Vrime/2007.0-Zlatna Kolekcija/2010.0-Najljepše Ljubavne Pjesme/2010.0-Evo Mene Moji Ljudi/2014.0-50 Originalnih Pjesama/2019.0-Moji Sentimenti"
Mladen Grdović,Mladen Grdović,Vjeruj Mi,,,Hrvatska  Lađa ,1991.0,,,,,,,,,1991.0-Hrvatska  Lađa ,1991.0-Hrvatska  Lađa /1993.0-Nedostaješ Mi Ti/nan-18 Zlatnih Hitova/2005.0-Pusti Da Te Prebolim/2014.0-50 Originalnih Pjesama
Mladen Grdović,Mladen Grdović,Natoči Još Jedno Piće,,,Hrvatska  Lađa ,1991.0,,,,,,,,,1991.0-Hrvatska  Lađa ,1991.0-Hrvatska  Lađa 
Mladen Grdović,Mladen Grdović,Želja Ti Se Ispunila,,,Hrvatska  Lađa ,1991.0,,,,,,,,,1991.0-Hrvatska  Lađa ,1991.0-Hrvatska  Lađa 
Mladen Grdović,Mladen Grdović,Bacit Ću Mandolinu,3:06,Teo Trumbić,Nedostaješ Mi Ti,1993.0,,Teo Trumbić,,,,,,,1993.0-Nedostaješ Mi Ti,1993.0-Nedostaješ Mi Ti/nan-Ako Odeš Ti/nan-18 Zlatnih Hitova/2010.0-Najljepše Ljubavne Pjesme/2010.0-Evo Mene Moji Ljudi/2014.0-50 Originalnih Pjesama/2017.0-The Best Of Collection
Mladen Grdović,Mladen Grdović,Plači Srce,3:36,Ivica Pepelko,Nedostaješ Mi Ti,1993.0,,Ivica Pepelko,,,,,,,1993.0-Nedostaješ Mi Ti,1993.0-Nedostaješ Mi Ti
Mladen Grdović,Mladen Grdović,Mama Huanita (Juanita),2:24,Đorđe Novković,Nedostaješ Mi Ti,1993.0,,,,,,,,,1993.0-Nedostaješ Mi Ti,1993.0-Nedostaješ Mi Ti
Mladen Grdović,Mladen Grdović,Zadarska Riva,3:28,Duško Nonković,Nedostaješ Mi Ti,1993.0,,Duško Nonković,,,,,,,1993.0-Nedostaješ Mi Ti,1993.0-Nedostaješ Mi Ti/nan-Za Sva Vrimena - Mix Hitova
Mladen Grdović,Mladen Grdović,"Neka, Neka, Nek Se Zna",3:02,Željko Krznarić,Nedostaješ Mi Ti,1993.0,,Đorđe Novković,,,,,,,1993.0-Nedostaješ Mi Ti,1993.0-Nedostaješ Mi Ti/2014.0-50 Originalnih Pjesama
Mladen Grdović,Mladen Grdović,"Bog Te Čuva, Hercegovino",4:00,Željko Krznarić,Nedostaješ Mi Ti,1993.0,,Mladen Grdović,,,,,,,1993.0-Nedostaješ Mi Ti,1993.0-Nedostaješ Mi Ti
Mladen Grdović,Mladen Grdović,Nedostaješ Mi Ti,3:06,Mladen Grdović,Nedostaješ Mi Ti,1993.0,,Mladen Grdović,,,,,,,1993.0-Nedostaješ Mi Ti,1993.0-Nedostaješ Mi Ti/nan-18 Zlatnih Hitova/nan-Za Sva Vrimena - Mix Hitova/2007.0-Zlatna Kolekcija/2010.0-Najljepše Ljubavne Pjesme/2014.0-50 Originalnih Pjesama
Mladen Grdović,Mladen Grdović,Umiru Leptiri,3:33,Petar Lendić,Nedostaješ Mi Ti,1993.0,,Petar Lendić,,,,,,,1993.0-Nedostaješ Mi Ti,1993.0-Nedostaješ Mi Ti/nan-Za Zaljubljene
Mladen Grdović,Mladen Grdović,Bacit' Ću Mandolinu ,3:06,,"Bacit' Ću Mandolinu / Plači, Srce",1993.0,,,,,,,,,"1993.0-Bacit' Ću Mandolinu / Plači, Srce","1993.0-Bacit' Ću Mandolinu / Plači, Srce"
Mladen Grdović,Mladen Grdović,"Plači, Srce",3:06,,"Bacit' Ću Mandolinu / Plači, Srce",1993.0,,,,,,,,,"1993.0-Bacit' Ću Mandolinu / Plači, Srce","1993.0-Bacit' Ću Mandolinu / Plači, Srce"
Mladen Grdović,Mladen Grdović,Tu Je Moj Dom,3:33,Alka Vuica,Tu Je Moj Dom,1994.0,,,,,,,,,1994.0-Tu Je Moj Dom,1994.0-Tu Je Moj Dom/nan-Nije U Šoldima Sve/nan-Za Sva Vrimena - Mix Hitova/2004.0-Hitovi 1/nan-Največi Hitovi Dalmacije/2007.0-Zlatna Kolekcija/2009.0-Evo Mene Moji Ljudi! (Koncert)/2010.0-Evo Mene Moji Ljudi/2014.0-50 Originalnih Pjesama/2017.0-The Best Of Collection
Mladen Grdović,Mladen Grdović,Sedam Mora,2:50,,Tu Je Moj Dom,1994.0,,,,,,,,,1994.0-Tu Je Moj Dom,1994.0-Tu Je Moj Dom/nan-Nije U Šoldima Sve/nan-18 Zlatnih Hitova/nan-Za Sva Vrimena - Mix Hitova
Mladen Grdović,Mladen Grdović,U Ljetnu Noć,3:57,Neven Korda,Tu Je Moj Dom,1994.0,Toni Eterović,Toni Eterović,,,,,,,1994.0-Tu Je Moj Dom,1994.0-Tu Je Moj Dom/nan-Za Zaljubljene
Mladen Grdović,Mladen Grdović,"Noć Je Za Radost, A Jutro Za Bol",3:26,,Tu Je Moj Dom,1994.0,,,Tomislav Ivčić,,,,,,1994.0-Tu Je Moj Dom,1994.0-Tu Je Moj Dom
Mladen Grdović,Mladen Grdović,Život Svoj,2:58,Alka Vuica,Tu Je Moj Dom,1994.0,,,,,,,,,1994.0-Tu Je Moj Dom,1994.0-Tu Je Moj Dom/nan-Za Sva Vrimena - Mix Hitova
Mladen Grdović,Mladen Grdović,Bog Mi Je Dao Sve,3:23,,Tu Je Moj Dom,1994.0,,,,,,,,,1994.0-Tu Je Moj Dom,1994.0-Tu Je Moj Dom
Mladen Grdović,Mladen Grdović,"Zapivaj, Klapo Moja",3:58,,Tu Je Moj Dom,1994.0,,,,,,,,,1994.0-Tu Je Moj Dom,1994.0-Tu Je Moj Dom
Mladen Grdović,Mladen Grdović,Plačem Za Tobom,3:00,,Tu Je Moj Dom,1994.0,,Tomislav Ivčić,,,,,,,1994.0-Tu Je Moj Dom,1994.0-Tu Je Moj Dom
Mladen Grdović,Mladen Grdović,Canta Amore,,,Za Zaljubljene,,,,,,,,,,nan-Za Zaljubljene,nan-Za Zaljubljene/nan-Nije U Šoldima Sve/nan-18 Zlatnih Hitova/nan-Za Sva Vrimena - Mix Hitova
Mladen Grdović,Mladen Grdović,Zivot Svoj,,,Za Zaljubljene,,,,,,,,,,nan-Za Zaljubljene,nan-Za Zaljubljene
Mladen Grdović,Mladen Grdović,Dalmatinac,,,Za Zaljubljene,,,,,,,,,,nan-Za Zaljubljene,nan-Za Zaljubljene/nan-Ako Odeš Ti/nan-Nije U Šoldima Sve/nan-Za Sva Vrimena - Mix Hitova/2004.0-20 hitova/nan-Največi Hitovi Dalmacije/2007.0-Zlatna Kolekcija/2008.0-Pisme Za Dušu/2009.0-Evo Mene Moji Ljudi! (Koncert)/2014.0-50 Originalnih Pjesama/2015.0-Tri Kralja Zabave/2017.0-The Best Of Collection
Mladen Grdović,Mladen Grdović,Bella Mia,,,Za Zaljubljene,,,,,,,,,,nan-Za Zaljubljene,nan-Za Zaljubljene/nan-Nije U Šoldima Sve
Mladen Grdović,Mladen Grdović,Ti Si Moja Bol,,,Za Zaljubljene,,,,,,,,,,nan-Za Zaljubljene,nan-Za Zaljubljene/nan-Ako Odeš Ti/nan-Za Sva Vrimena - Mix Hitova/2010.0-Najljepše Ljubavne Pjesme
Mladen Grdović,Mladen Grdović,Plaćem Za Tobom,,,Za Zaljubljene,,,,,,,,,,nan-Za Zaljubljene,nan-Za Zaljubljene
Mladen Grdović,Mladen Grdović,Nek Mi Noćas Suze Liju,,,Za Zaljubljene,,,,,,,,,,nan-Za Zaljubljene,nan-Za Zaljubljene/nan-Za Sva Vrimena - Mix Hitova
Mladen Grdović,Mladen Grdović,"Gloria, Sempre, Sempre, Voglio L' Anima, Se M' Innamoro, Mamma Maria, Picollo Amore, Felicità, Insieme",10:13,,Italia Mix,,,,,,,,,,nan-Italia Mix,nan-Italia Mix
Mladen Grdović,Mladen Grdović,"Ti Amo, Parla Mi D' Amore, Se Bastase Una Bella Canzone, Gente Di Mare",7:30,,Italia Mix,,,,,,,,,,nan-Italia Mix,nan-Italia Mix
Mladen Grdović,Mladen Grdović,Tornerò,4:45,,Italia Mix,,,,,,,,,,nan-Italia Mix,nan-Italia Mix
Mladen Grdović,Mladen Grdović,"Manuela, Diamante, Libertà, Vino Amaro, Tu, Soltanto Tu, Tu Sei L' Unica Donna Per Me",10:08,,Italia Mix,,,,,,,,,,nan-Italia Mix,nan-Italia Mix
Mladen Grdović,Mladen Grdović,"L' Italiano, Serenata, Mediterraneo, Per Lucia, Ci Sarà",8:15,,Italia Mix,,,,,,,,,,nan-Italia Mix,nan-Italia Mix
Mladen Grdović,Mladen Grdović,Volare,3:10,,Italia Mix,,,,,,,,,,nan-Italia Mix,nan-Italia Mix
Mladen Grdović,Mladen Grdović,Ako Odeš Ti,4:02,,Ako Odeš Ti,,,,,,,,,,nan-Ako Odeš Ti,nan-Ako Odeš Ti/nan-18 Zlatnih Hitova/nan-Za Sva Vrimena - Mix Hitova/2007.0-Zlatna Kolekcija/2010.0-Najljepše Ljubavne Pjesme/2014.0-50 Originalnih Pjesama/2017.0-The Best Of Collection/2019.0-Moji Sentimenti
Mladen Grdović,Mladen Grdović,Bog Mi Dao Sve,3:24,,Ako Odeš Ti,,,,,,,,,,nan-Ako Odeš Ti,nan-Ako Odeš Ti/nan-Za Sva Vrimena - Mix Hitova/2010.0-Najljepše Ljubavne Pjesme
Mladen Grdović,Mladen Grdović,Natalija,4:32,,Ako Odeš Ti,,,,,,,,,,nan-Ako Odeš Ti,nan-Ako Odeš Ti/nan-Za Sva Vrimena - Mix Hitova
Mladen Grdović,Mladen Grdović,"Samo Ti, Dalmacijo",4:03,,Ako Odeš Ti,,,,,,,,,,nan-Ako Odeš Ti,nan-Ako Odeš Ti/nan-18 Zlatnih Hitova/nan-Za Sva Vrimena - Mix Hitova/2007.0-Zlatna Kolekcija/2008.0-Pisme Za Dušu/2014.0-50 Originalnih Pjesama
Mladen Grdović,Mladen Grdović,Voli Me Ti,4:12,,Ako Odeš Ti,,,,,,,,,,nan-Ako Odeš Ti,nan-Ako Odeš Ti/nan-Za Sva Vrimena - Mix Hitova/2010.0-Najljepše Ljubavne Pjesme
Mladen Grdović,Mladen Grdović,Nije U Šoldima Sve,,,Nije U Šoldima Sve,,,,,,,,,,nan-Nije U Šoldima Sve,nan-Nije U Šoldima Sve/nan-18 Zlatnih Hitova/nan-Za Sva Vrimena - Mix Hitova/nan-Največi Hitovi Dalmacije/2007.0-Zlatna Kolekcija/2009.0-Evo Mene Moji Ljudi! (Koncert)/2010.0-Evo Mene Moji Ljudi/2014.0-50 Originalnih Pjesama
Mladen Grdović,Mladen Grdović,Serenada,,,Nije U Šoldima Sve,,,,,,,,,,nan-Nije U Šoldima Sve,nan-Nije U Šoldima Sve/nan-18 Zlatnih Hitova/nan-Za Sva Vrimena - Mix Hitova/2007.0-Zlatna Kolekcija
Mladen Grdović,Mladen Grdović,Tomislave,,,Nije U Šoldima Sve,,,,,,,,,,nan-Nije U Šoldima Sve,nan-Nije U Šoldima Sve
Mladen Grdović,Mladen Grdović,Kap Vječnosti,,,Nije U Šoldima Sve,,,,,,,,,,nan-Nije U Šoldima Sve,nan-Nije U Šoldima Sve/2010.0-Najljepše Ljubavne Pjesme
Mladen Grdović,Mladen Grdović,Ekskurzija,,,Nije U Šoldima Sve,,,,,,,,,,nan-Nije U Šoldima Sve,nan-Nije U Šoldima Sve/nan-Za Sva Vrimena - Mix Hitova
Mladen Grdović,Mladen Grdović,Sve Za Ljubav,,,18 Zlatnih Hitova,,,,,,,,,,nan-18 Zlatnih Hitova,nan-18 Zlatnih Hitova/nan-Za Sva Vrimena - Mix Hitova/2004.0-Hitovi 1/nan-Največi Hitovi Dalmacije/2007.0-Zlatna Kolekcija/2009.0-Evo Mene Moji Ljudi! (Koncert)/2010.0-Evo Mene Moji Ljudi/2015.0-Orange Collection
Mladen Grdović,Mladen Grdović,"Neka, Neka, Nek' Se Zna",,,18 Zlatnih Hitova,,,,,,,,,,nan-18 Zlatnih Hitova,nan-18 Zlatnih Hitova
Mladen Grdović,Mladen Grdović,Mix A - Nije U Šoldima Sve,,,Za Sva Vrimena - Mix Hitova,,,,,,,,,,nan-Za Sva Vrimena - Mix Hitova,nan-Za Sva Vrimena - Mix Hitova
Mladen Grdović,Mladen Grdović,Baciti Ću Mandolinu,,,Za Sva Vrimena - Mix Hitova,,,,,,,,,,nan-Za Sva Vrimena - Mix Hitova,nan-Za Sva Vrimena - Mix Hitova
Mladen Grdović,Mladen Grdović,Mix B - Tu Je Moj Dom,,,Za Sva Vrimena - Mix Hitova,,,,,,,,,,nan-Za Sva Vrimena - Mix Hitova,nan-Za Sva Vrimena - Mix Hitova
Mladen Grdović,Mladen Grdović,Sveti Donat I Kalelarga,,,Za Sva Vrimena - Mix Hitova,,,,,,,,,,nan-Za Sva Vrimena - Mix Hitova,nan-Za Sva Vrimena - Mix Hitova
Mladen Grdović,Mladen Grdović,Mama,,,Za Sva Vrimena - Mix Hitova,,,,,,,,,,nan-Za Sva Vrimena - Mix Hitova,nan-Za Sva Vrimena - Mix Hitova/2007.0-Zlatna Kolekcija/2014.0-50 Originalnih Pjesama/2019.0-Moji Sentimenti
Mladen Grdović,Mladen Grdović,Mix C - Canta Amore,,,Za Sva Vrimena - Mix Hitova,,,,,,,,,,nan-Za Sva Vrimena - Mix Hitova,nan-Za Sva Vrimena - Mix Hitova
Mladen Grdović,Mladen Grdović,Adio Mare,,,Za Sva Vrimena - Mix Hitova,,,,,,,,,,nan-Za Sva Vrimena - Mix Hitova,nan-Za Sva Vrimena - Mix Hitova
Mladen Grdović,Mladen Grdović,Come La Mamma,,,Za Sva Vrimena - Mix Hitova,,,,,,,,,,nan-Za Sva Vrimena - Mix Hitova,nan-Za Sva Vrimena - Mix Hitova
Mladen Grdović,Mladen Grdović,Gobbon,,,Za Sva Vrimena - Mix Hitova,,,,,,,,,,nan-Za Sva Vrimena - Mix Hitova,nan-Za Sva Vrimena - Mix Hitova
Mladen Grdović,Mladen Grdović,Sve Za Ljubav (Originalna Verzija),,,Za Sva Vrimena - Mix Hitova,,,,,,,,,,nan-Za Sva Vrimena - Mix Hitova,nan-Za Sva Vrimena - Mix Hitova
Mladen Grdović,Mladen Grdović,Mix D - Bog Mi Dao Sve,,,Za Sva Vrimena - Mix Hitova,,,,,,,,,,nan-Za Sva Vrimena - Mix Hitova,nan-Za Sva Vrimena - Mix Hitova
Mladen Grdović,Mladen Grdović,Mix E - Odlazim,,,Za Sva Vrimena - Mix Hitova,,,,,,,,,,nan-Za Sva Vrimena - Mix Hitova,nan-Za Sva Vrimena - Mix Hitova
Mladen Grdović,Mladen Grdović,"Mix F - Zadre, Grade",,,Za Sva Vrimena - Mix Hitova,,,,,,,,,,nan-Za Sva Vrimena - Mix Hitova,nan-Za Sva Vrimena - Mix Hitova
Mladen Grdović,Mladen Grdović,"Zadre, Grade",,,Za Sva Vrimena - Mix Hitova,,,,,,,,,,nan-Za Sva Vrimena - Mix Hitova,nan-Za Sva Vrimena - Mix Hitova
Mladen Grdović,Mladen Grdović,Za Sva Vrimena,,,Za Sva Vrimena - Mix Hitova,,,,,,,,,,nan-Za Sva Vrimena - Mix Hitova,nan-Za Sva Vrimena - Mix Hitova/2007.0-Zlatna Kolekcija/2014.0-50 Originalnih Pjesama
Mladen Grdović,Mladen Grdović,Za Sva Vrimena (Originalna Verzija),,,Za Sva Vrimena - Mix Hitova,,,,,,,,,,nan-Za Sva Vrimena - Mix Hitova,nan-Za Sva Vrimena - Mix Hitova
Mladen Grdović,Mladen Grdović,Vitar Nek Puše,4:20,,Vitar Nek Puše,,,,,,,,,,nan-Vitar Nek Puše,nan-Vitar Nek Puše/nan-Največi Hitovi Dalmacije/2008.0-Pisme Za Dušu/2010.0-Evo Mene Moji Ljudi
Mladen Grdović,Mladen Grdović,Mali Sam Čovik,4:23,,Vitar Nek Puše,,,,,,,,,,nan-Vitar Nek Puše,nan-Vitar Nek Puše/2015.0-Orange Collection
Mladen Grdović,Mladen Grdović,"Sedam Dana, Sedam Noći",4:00,,Vitar Nek Puše,,,,,,,,,,nan-Vitar Nek Puše,nan-Vitar Nek Puše/2007.0-Zlatna Kolekcija/2008.0-Pisme Za Dušu
Mladen Grdović,Mladen Grdović,Grdelina Dva,4:04,,Vitar Nek Puše,,,,,,,,,,nan-Vitar Nek Puše,nan-Vitar Nek Puše/2004.0-Hitovi 1/2008.0-Pisme Za Dušu/2009.0-Evo Mene Moji Ljudi! (Koncert)/2010.0-Evo Mene Moji Ljudi/2015.0-Orange Collection
Mladen Grdović,Mladen Grdović,Mama Marija,3:00,,Vitar Nek Puše,,,,,,,,,,nan-Vitar Nek Puše,nan-Vitar Nek Puše/2004.0-Hitovi 1/2007.0-Zlatna Kolekcija/2008.0-Pisme Za Dušu
Mladen Grdović,Mladen Grdović,U Ranu Zoru,4:04,,Vitar Nek Puše,,,,,,,,,,nan-Vitar Nek Puše,nan-Vitar Nek Puše/nan-Največi Hitovi Dalmacije/2007.0-Zlatna Kolekcija/2008.0-Pisme Za Dušu
Mladen Grdović,Mladen Grdović,Od Kad Sam Se S Tobom Razdilija,3:48,,Vitar Nek Puše,,,,,,,,,,nan-Vitar Nek Puše,nan-Vitar Nek Puše
Mladen Grdović,Mladen Grdović,Adio Svi Moji Ljudi,3:06,,Vitar Nek Puše,,,,,,,,,,nan-Vitar Nek Puše,nan-Vitar Nek Puše/2007.0-Zlatna Kolekcija
Mladen Grdović,Mladen Grdović,Maria Bella Istriana,3:39,Andrej Baša,Vitar Nek Puše,,,Andrej Baša,,,,,,,nan-Vitar Nek Puše,nan-Vitar Nek Puše
Mladen Grdović,Mladen Grdović,Bolje Živim Nego Ministar,4:28,,Vitar Nek Puše,,,,,,,,,,nan-Vitar Nek Puše,nan-Vitar Nek Puše/nan-Največi Hitovi Dalmacije/2007.0-Zlatna Kolekcija/2008.0-Pisme Za Dušu/2009.0-Evo Mene Moji Ljudi! (Koncert)/2010.0-Evo Mene Moji Ljudi/2015.0-Orange Collection
Mladen Grdović,Mladen Grdović,Kada Se Ljubav U Vino Pretvori,,,Kada Se Ljubav U Vino Pretvori,,,,,,,,,,nan-Kada Se Ljubav U Vino Pretvori,nan-Kada Se Ljubav U Vino Pretvori/2008.0-Pisme Za Dušu/2015.0-Orange Collection
Mladen Grdović,Mladen Grdović,Moja Lontana,,,Kada Se Ljubav U Vino Pretvori,,,,,,,,,,nan-Kada Se Ljubav U Vino Pretvori,nan-Kada Se Ljubav U Vino Pretvori/nan-Največi Hitovi Dalmacije
Mladen Grdović,Mladen Grdović,Najlipša Si Kad Si Bosa,,,Kada Se Ljubav U Vino Pretvori,,,,,,,,,,nan-Kada Se Ljubav U Vino Pretvori,nan-Kada Se Ljubav U Vino Pretvori
Mladen Grdović,Mladen Grdović,Bila Košulja,,,Kada Se Ljubav U Vino Pretvori,,,,,,,,,,nan-Kada Se Ljubav U Vino Pretvori,nan-Kada Se Ljubav U Vino Pretvori/nan-Največi Hitovi Dalmacije/2007.0-Zlatna Kolekcija/2015.0-Orange Collection
Mladen Grdović,Mladen Grdović,Posteja Bez Ljubavi,,,Kada Se Ljubav U Vino Pretvori,,,,,,,,,,nan-Kada Se Ljubav U Vino Pretvori,nan-Kada Se Ljubav U Vino Pretvori
Mladen Grdović,Mladen Grdović,Dalmacija Nije Samo Pisma (Dalmatinska Šansona Šibenik 2000),,,Kada Se Ljubav U Vino Pretvori,,,,,,,,,,nan-Kada Se Ljubav U Vino Pretvori,nan-Kada Se Ljubav U Vino Pretvori
Mladen Grdović,Mladen Grdović,Nek' Me Tuku Sve Nevere,,,Kada Se Ljubav U Vino Pretvori,,,,,,,,,,nan-Kada Se Ljubav U Vino Pretvori,nan-Kada Se Ljubav U Vino Pretvori
Mladen Grdović,Mladen Grdović,Grdovići Ribari (MIK 2000),,,Kada Se Ljubav U Vino Pretvori,,,,,,,,,,nan-Kada Se Ljubav U Vino Pretvori,nan-Kada Se Ljubav U Vino Pretvori
Mladen Grdović,Mladen Grdović,Pegula,,,Kada Se Ljubav U Vino Pretvori,,,,,,,,,,nan-Kada Se Ljubav U Vino Pretvori,nan-Kada Se Ljubav U Vino Pretvori
Mladen Grdović,Mladen Grdović,"Adio, Amore Mio",,,Kada Se Ljubav U Vino Pretvori,,,,,Tereza Kesovija,,,,,nan-Kada Se Ljubav U Vino Pretvori,nan-Kada Se Ljubav U Vino Pretvori
Mladen Grdović,Mladen Grdović,Dva Dijamanta,4:06,,I Za Dušu I Za Tilo,,,,,,,,,,nan-I Za Dušu I Za Tilo,nan-I Za Dušu I Za Tilo/2004.0-Hitovi 1/2007.0-Zlatna Kolekcija/2008.0-Pisme Za Dušu/2015.0-Orange Collection
Mladen Grdović,Mladen Grdović,Lipo Mi Je Bilo,3:41,,I Za Dušu I Za Tilo,,,,,,,,,,nan-I Za Dušu I Za Tilo,nan-I Za Dušu I Za Tilo
Mladen Grdović,Mladen Grdović,Da Mi Je Partiti,3:36,,I Za Dušu I Za Tilo,,,,,,,,,,nan-I Za Dušu I Za Tilo,nan-I Za Dušu I Za Tilo
Mladen Grdović,Mladen Grdović,Zbog Tebe Sam Ruže Krao,2:44,,I Za Dušu I Za Tilo,,,,,,,,,,nan-I Za Dušu I Za Tilo,nan-I Za Dušu I Za Tilo
Mladen Grdović,Mladen Grdović,Vinčanje,2:56,,I Za Dušu I Za Tilo,,,,,,,,,,nan-I Za Dušu I Za Tilo,"nan-I Za Dušu I Za Tilo/2006.0-E, Da Mi Je Vratit Vrime"
Mladen Grdović,Mladen Grdović,Fališ Mi Ti,3:27,,I Za Dušu I Za Tilo,,,,,,,,,,nan-I Za Dušu I Za Tilo,nan-I Za Dušu I Za Tilo
Mladen Grdović,Mladen Grdović,Neka Plovi Moja Barka,4:06,,I Za Dušu I Za Tilo,,,,,,,,,,nan-I Za Dušu I Za Tilo,nan-I Za Dušu I Za Tilo/2007.0-Zlatna Kolekcija/2015.0-Orange Collection
Mladen Grdović,Mladen Grdović,Mafijoza,3:16,,I Za Dušu I Za Tilo,,,,,,,,,,nan-I Za Dušu I Za Tilo,nan-I Za Dušu I Za Tilo
Mladen Grdović,Mladen Grdović,Grijeh,2:52,,I Za Dušu I Za Tilo,,,,,,,,,,nan-I Za Dušu I Za Tilo,nan-I Za Dušu I Za Tilo
Mladen Grdović,Mladen Grdović,Sve Što Imam To Si Ti,4:11,,I Za Dušu I Za Tilo,,,,,,,,,,nan-I Za Dušu I Za Tilo,nan-I Za Dušu I Za Tilo/2008.0-Pisme Za Dušu
Mladen Grdović,Mladen Grdović,Imam Srce Dalmatinsko,2:43,Nenad Ninčević,Evo Mene Moji Ljudi,,Igor Ivanović,Mladen Grdović,,,,,,,nan-Evo Mene Moji Ljudi,nan-Evo Mene Moji Ljudi/2008.0-Pisme Za Dušu
Mladen Grdović,Mladen Grdović,Ka Vino Si,4:18,Nenad Ninčević,Evo Mene Moji Ljudi,,Igor Ivanović,Mladen Grdović,,,,,,,nan-Evo Mene Moji Ljudi,nan-Evo Mene Moji Ljudi
Mladen Grdović,Mladen Grdović,"Tiho, Tiho More Šumi",3:12,Nenad Ninčević,Evo Mene Moji Ljudi,,Igor Ivanović,Mladen Grdović,,,,,,,nan-Evo Mene Moji Ljudi,nan-Evo Mene Moji Ljudi
Mladen Grdović,Mladen Grdović,Gdje Je Moja Ljubav Stara,3:21,Nenad Ninčević,Evo Mene Moji Ljudi,,Igor Ivanović,Mladen Grdović,,,,,,,nan-Evo Mene Moji Ljudi,nan-Evo Mene Moji Ljudi/2004.0-Hitovi 1/2008.0-Pisme Za Dušu/2009.0-Evo Mene Moji Ljudi! (Koncert)/2015.0-Orange Collection
Mladen Grdović,Mladen Grdović,Ljubav Za Ljubav,3:29,Đorđe Novković,Evo Mene Moji Ljudi,,Igor Ivanović,Đorđe Novković,,,,,,,nan-Evo Mene Moji Ljudi,nan-Evo Mene Moji Ljudi
Mladen Grdović,Mladen Grdović,Ćaćine Riči (Evo Mene Moji Ljudi),3:58,Nenad Ninčević,Evo Mene Moji Ljudi,,Stipica Kalogjera,Mladen Grdović,,,,,,,nan-Evo Mene Moji Ljudi,nan-Evo Mene Moji Ljudi/2007.0-Zlatna Kolekcija
Mladen Grdović,Mladen Grdović,Da Te Mogu Pismom Zvati,4:09,Frane Bilić,Evo Mene Moji Ljudi,,Andrej Baša,Ivica Badurina,,,,,,,nan-Evo Mene Moji Ljudi,nan-Evo Mene Moji Ljudi/2010.0-Evo Mene Moji Ljudi/2015.0-Orange Collection
Mladen Grdović,Mladen Grdović,Moja Lipa,2:41,Nenad Ninčević,Evo Mene Moji Ljudi,,Igor Ivanović,Mladen Grdović,,,,,,,nan-Evo Mene Moji Ljudi,nan-Evo Mene Moji Ljudi/2008.0-Pisme Za Dušu/2015.0-Orange Collection
Mladen Grdović,Mladen Grdović,"O, Marie",2:55,Livio Morosin,Evo Mene Moji Ljudi,,Andrej Baša,Mladen Grdović,,,,,,,nan-Evo Mene Moji Ljudi,nan-Evo Mene Moji Ljudi
Mladen Grdović,Mladen Grdović,Ivana,2:55,Nenad Ninčević,Evo Mene Moji Ljudi,,Igor Ivanović,Mladen Grdović,,,,,,,nan-Evo Mene Moji Ljudi,nan-Evo Mene Moji Ljudi
Mladen Grdović,Mladen Grdović,Evo mene moji ljudi,3:57,,20 hitova,2004.0,,,,,,,,,2004.0-20 hitova,2004.0-20 hitova
Mladen Grdović,Mladen Grdović,Moja lipa,2:40,,20 hitova,2004.0,,,,,,,,,2004.0-20 hitova,2004.0-20 hitova
Mladen Grdović,Mladen Grdović,Imam srce dalmatinsko,2:42,,20 hitova,2004.0,,,,,,,,,2004.0-20 hitova,2004.0-20 hitova
Mladen Grdović,Mladen Grdović,Grdelina dva,4:04,,20 hitova,2004.0,,,,,,,,,2004.0-20 hitova,2004.0-20 hitova
Mladen Grdović,Mladen Grdović,Lipo mi je bilo,3:40,,20 hitova,2004.0,,,,,,,,,2004.0-20 hitova,2004.0-20 hitova
Mladen Grdović,Mladen Grdović,U ranu zoru,4:02,,20 hitova,2004.0,,,,,,,,,2004.0-20 hitova,2004.0-20 hitova
Mladen Grdović,Mladen Grdović,Sedam dana sedam noci,3:58,,20 hitova,2004.0,,,,,,,,,2004.0-20 hitova,2004.0-20 hitova
Mladen Grdović,Mladen Grdović,Ispod starih borova,3:47,,20 hitova,2004.0,,,,,,,,,2004.0-20 hitova,2004.0-20 hitova
Mladen Grdović,Mladen Grdović,Vitar nek puse,4:21,,20 hitova,2004.0,,,,,,,,,2004.0-20 hitova,2004.0-20 hitova
Mladen Grdović,Mladen Grdović,Otkad sam se s todom razdilja,3:46,,20 hitova,2004.0,,,,,,,,,2004.0-20 hitova,2004.0-20 hitova
Mladen Grdović,Mladen Grdović,Di ste prijateli moji,3:56,,20 hitova,2004.0,,,,,,,,,2004.0-20 hitova,2004.0-20 hitova
Mladen Grdović,Mladen Grdović,Boje zivim nego ministar,4:30,,20 hitova,2004.0,,,,,,,,,2004.0-20 hitova,2004.0-20 hitova
Mladen Grdović,Mladen Grdović,Kada se ljubav  u vino pretvori,3:20,,20 hitova,2004.0,,,,,,,,,2004.0-20 hitova,2004.0-20 hitova
Mladen Grdović,Mladen Grdović,Gdje je moja ljubav stara,3:20,,20 hitova,2004.0,,,,,,,,,2004.0-20 hitova,2004.0-20 hitova
Mladen Grdović,Mladen Grdović,Sve sto imam to si ti ,4:08,,20 hitova,2004.0,,,,,,,,,2004.0-20 hitova,2004.0-20 hitova
Mladen Grdović,Mladen Grdović,Mama marija,2:56,,20 hitova,2004.0,,,,,,,,,2004.0-20 hitova,2004.0-20 hitova
Mladen Grdović,Mladen Grdović,Dva dijamanta,4:04,,20 hitova,2004.0,,,,,,,,,2004.0-20 hitova,2004.0-20 hitova
Mladen Grdović,Mladen Grdović,Grdovic i ribari,4:02,,20 hitova,2004.0,,,,,,,,,2004.0-20 hitova,2004.0-20 hitova
Mladen Grdović,Mladen Grdović,Ja Cu Doci S Pismom,,,Hitovi 1,2004.0,,,,,,,,,2004.0-Hitovi 1,2004.0-Hitovi 1
Mladen Grdović,Mladen Grdović,Ispod Starih Borova,,,Hitovi 1,2004.0,,,,,,,,,2004.0-Hitovi 1,2004.0-Hitovi 1/2008.0-Pisme Za Dušu
Mladen Grdović,Mladen Grdović,Bolje Zivim Nego Ministar,,,Hitovi 1,2004.0,,,,,,,,,2004.0-Hitovi 1,2004.0-Hitovi 1
Mladen Grdović,Mladen Grdović,Vitar Nek Puse,,,Hitovi 1,2004.0,,,,,,,,,2004.0-Hitovi 1,2004.0-Hitovi 1
Mladen Grdović,Mladen Grdović,Cacine Rici,,,Hitovi 1,2004.0,,,,,,,,,2004.0-Hitovi 1,2004.0-Hitovi 1
Mladen Grdović,Mladen Grdović,Dalmatinac Sam,,,Hitovi 1,2004.0,,,,,,,,,2004.0-Hitovi 1,2004.0-Hitovi 1/2010.0-Evo Mene Moji Ljudi/2010.0-Evo Mene Moji Ljudi
Mladen Grdović,Mladen Grdović,Tiho Tiho ,,,Hitovi 1,2004.0,,,,,,,,,2004.0-Hitovi 1,2004.0-Hitovi 1
Mladen Grdović,Mladen Grdović,Duško Lokin,,,Pusti Da Te Prebolim,2005.0,,,,,,,,,2005.0-Pusti Da Te Prebolim,2005.0-Pusti Da Te Prebolim
Mladen Grdović,Mladen Grdović,Pusti Da Te Prebolim,3:15,Željko Krznarić,Pusti Da Te Prebolim,2005.0,Muc Softić,Duško Lokin,,,,,,,2005.0-Pusti Da Te Prebolim,2005.0-Pusti Da Te Prebolim
Mladen Grdović,Mladen Grdović,"Ljubi Nježno, Ljubi Me / Love Me Tender",3:23,Duško Lokin,Pusti Da Te Prebolim,2005.0,Zoran Jašek,Vera Matson,,,,,,,2005.0-Pusti Da Te Prebolim,2005.0-Pusti Da Te Prebolim
Mladen Grdović,Mladen Grdović,Dalmacija Cijela Budi Se,3:31,Željko Thes,Pusti Da Te Prebolim,2005.0,Branko Bogunović,Željko Thes,,,,,,,2005.0-Pusti Da Te Prebolim,2005.0-Pusti Da Te Prebolim
Mladen Grdović,Mladen Grdović,Mexico,3:54,Željko Thes,Pusti Da Te Prebolim,2005.0,Branko Bogunović,Željko Thes,,,,,,,2005.0-Pusti Da Te Prebolim,2005.0-Pusti Da Te Prebolim
Mladen Grdović,Mladen Grdović,Emily,,,Pusti Da Te Prebolim,2005.0,,,,,,,,,2005.0-Pusti Da Te Prebolim,2005.0-Pusti Da Te Prebolim
Mladen Grdović,Mladen Grdović,Vještica,3:29,,Pusti Da Te Prebolim,2005.0,,,Senad Galijašević,,,,,,2005.0-Pusti Da Te Prebolim,2005.0-Pusti Da Te Prebolim
Mladen Grdović,Mladen Grdović,"Ljubi, Ljubi",3:20,D. Gregurević,Pusti Da Te Prebolim,2005.0,Zoran Jašek,D. Gregurević,,,,,,,2005.0-Pusti Da Te Prebolim,2005.0-Pusti Da Te Prebolim
Mladen Grdović,Mladen Grdović,Mladen Grdović,,,Pusti Da Te Prebolim,2005.0,,,,,,,,,2005.0-Pusti Da Te Prebolim,2005.0-Pusti Da Te Prebolim/2015.0-Tri Kralja Zabave
Mladen Grdović,Mladen Grdović,Krunoslav Slabinac,,,Pusti Da Te Prebolim,2005.0,,,,,,,,,2005.0-Pusti Da Te Prebolim,2005.0-Pusti Da Te Prebolim
Mladen Grdović,Mladen Grdović,U Dugim Noćima,3:06,Kemal Monteno,Pusti Da Te Prebolim,2005.0,Željko Nikolin,Esad Arnautalić,,,,,,,2005.0-Pusti Da Te Prebolim,2005.0-Pusti Da Te Prebolim
Mladen Grdović,Mladen Grdović,Pusti Noćas Svoje Kose,3:48,Bratislav Zlatanović,Pusti Da Te Prebolim,2005.0,Alfi Kabiljo,Đorđe Novković,,,,,,,2005.0-Pusti Da Te Prebolim,2005.0-Pusti Da Te Prebolim
Mladen Grdović,Mladen Grdović,Spomeni Mi Nekad Ime,3:00,Tibor Benković,Pusti Da Te Prebolim,2005.0,Vladimir Delač,Vladimir Delač,,,,,,,2005.0-Pusti Da Te Prebolim,2005.0-Pusti Da Te Prebolim
Mladen Grdović,Mladen Grdović,Marko Jašek,,,Pusti Da Te Prebolim,2005.0,,,,,,,,,2005.0-Pusti Da Te Prebolim,2005.0-Pusti Da Te Prebolim
Mladen Grdović,Mladen Grdović,Mala Ludice,2:54,,Pusti Da Te Prebolim,2005.0,,,Marko Jašek,,,,,,2005.0-Pusti Da Te Prebolim,2005.0-Pusti Da Te Prebolim
Mladen Grdović,Mladen Grdović,Ne Traži Me,3:39,,Pusti Da Te Prebolim,2005.0,,,Marko Jašek,,,,,,2005.0-Pusti Da Te Prebolim,2005.0-Pusti Da Te Prebolim
Mladen Grdović,Mladen Grdović,Samo Ti Dalmacijo,4:04,,Največi Hitovi Dalmacije,,,,,,,,,,nan-Največi Hitovi Dalmacije,nan-Največi Hitovi Dalmacije
Mladen Grdović,Mladen Grdović,Sedam Dana Sedam Noči,3:58,,Največi Hitovi Dalmacije,,,,,,,,,,nan-Največi Hitovi Dalmacije,nan-Največi Hitovi Dalmacije
Mladen Grdović,Mladen Grdović,Grdović I Ribari,4:04,,Največi Hitovi Dalmacije,,,,,,,,,,nan-Največi Hitovi Dalmacije,nan-Največi Hitovi Dalmacije
Mladen Grdović,Mladen Grdović,Dalmacija Nije Samo Pisma,3:40,,Največi Hitovi Dalmacije,,,,,,,,,,nan-Največi Hitovi Dalmacije,nan-Največi Hitovi Dalmacije/2015.0-Orange Collection
Mladen Grdović,Mladen Grdović,"E, Da Mi Je Vratit Vrime",3:57,,"E, Da Mi Je Vratit Vrime",2006.0,,,,,,,,,"2006.0-E, Da Mi Je Vratit Vrime","2006.0-E, Da Mi Je Vratit Vrime/2014.0-50 Originalnih Pjesama"
Mladen Grdović,Mladen Grdović,Mornar Lutalica,3:38,,"E, Da Mi Je Vratit Vrime",2006.0,,,,,,,,,"2006.0-E, Da Mi Je Vratit Vrime","2006.0-E, Da Mi Je Vratit Vrime/2007.0-Zlatna Kolekcija/2014.0-50 Originalnih Pjesama"
Mladen Grdović,Mladen Grdović,Moja None,4:09,,"E, Da Mi Je Vratit Vrime",2006.0,,,,Klapa Maestral,,,,,"2006.0-E, Da Mi Je Vratit Vrime","2006.0-E, Da Mi Je Vratit Vrime/2014.0-50 Originalnih Pjesama"
Mladen Grdović,Mladen Grdović,Sveti Ante Dalmatinski,3:53,,"E, Da Mi Je Vratit Vrime",2006.0,,,,Klapa Šušur,,,,,"2006.0-E, Da Mi Je Vratit Vrime","2006.0-E, Da Mi Je Vratit Vrime/2007.0-Zlatna Kolekcija/2010.0-Evo Mene Moji Ljudi/2014.0-50 Originalnih Pjesama"
Mladen Grdović,Mladen Grdović,Naše Malo Misto,3:15,,"E, Da Mi Je Vratit Vrime",2006.0,,,,,,,,,"2006.0-E, Da Mi Je Vratit Vrime","2006.0-E, Da Mi Je Vratit Vrime/2014.0-50 Originalnih Pjesama"
Mladen Grdović,Mladen Grdović,Gospe Moja,3:37,,"E, Da Mi Je Vratit Vrime",2006.0,,,,,,,,,"2006.0-E, Da Mi Je Vratit Vrime","2006.0-E, Da Mi Je Vratit Vrime/2014.0-50 Originalnih Pjesama"
Mladen Grdović,Mladen Grdović,Ako Sad Odeš,3:22,,"E, Da Mi Je Vratit Vrime",2006.0,,,,,,,,,"2006.0-E, Da Mi Je Vratit Vrime","2006.0-E, Da Mi Je Vratit Vrime/2014.0-50 Originalnih Pjesama"
Mladen Grdović,Mladen Grdović,Ja Ću Doći S Pismom,4:48,,"E, Da Mi Je Vratit Vrime",2006.0,,,,,,,,,"2006.0-E, Da Mi Je Vratit Vrime","2006.0-E, Da Mi Je Vratit Vrime/2007.0-Zlatna Kolekcija/2010.0-Najljepše Ljubavne Pjesme/2014.0-50 Originalnih Pjesama/2017.0-The Best Of Collection"
Mladen Grdović,Mladen Grdović,Karma,3:57,,"E, Da Mi Je Vratit Vrime",2006.0,,,,,,,,,"2006.0-E, Da Mi Je Vratit Vrime","2006.0-E, Da Mi Je Vratit Vrime/2007.0-Zlatna Kolekcija"
Mladen Grdović,Mladen Grdović,Pustite Me,3:56,,"E, Da Mi Je Vratit Vrime",2006.0,,,,,,,,,"2006.0-E, Da Mi Je Vratit Vrime","2006.0-E, Da Mi Je Vratit Vrime/2014.0-50 Originalnih Pjesama"
Mladen Grdović,Mladen Grdović,Brod Života,3:36,,"E, Da Mi Je Vratit Vrime",2006.0,,,,,,,,,"2006.0-E, Da Mi Je Vratit Vrime","2006.0-E, Da Mi Je Vratit Vrime/2014.0-50 Originalnih Pjesama"
Mladen Grdović,Mladen Grdović,Grdovići Ribari,,,Zlatna Kolekcija,2007.0,,,,,,,,,2007.0-Zlatna Kolekcija,2007.0-Zlatna Kolekcija/2008.0-Pisme Za Dušu/2010.0-Evo Mene Moji Ljudi/2015.0-Orange Collection
Mladen Grdović,Mladen Grdović,"E, Da Mi Je Vratit' Vrime",,,Zlatna Kolekcija,2007.0,,,,,,,,,2007.0-Zlatna Kolekcija,2007.0-Zlatna Kolekcija
Mladen Grdović,Mladen Grdović,Vitar Nek' Puše,,,Zlatna Kolekcija,2007.0,,,,,,,,,2007.0-Zlatna Kolekcija,2007.0-Zlatna Kolekcija/2009.0-Evo Mene Moji Ljudi! (Koncert)/2010.0-Najljepše Ljubavne Pjesme/2015.0-Orange Collection
Mladen Grdović,Mladen Grdović,Bacit' Ću Mandolinu,,,Zlatna Kolekcija,2007.0,,,,,,,,,2007.0-Zlatna Kolekcija,2007.0-Zlatna Kolekcija
Mladen Grdović,Mladen Grdović,Moja Baba Šima,,,Zlatna Kolekcija,2007.0,,,,,,,,,2007.0-Zlatna Kolekcija,2007.0-Zlatna Kolekcija
Mladen Grdović,Mladen Grdović,Otkad Sam Se S Tobom Razdilija,,,Zlatna Kolekcija,2007.0,,,,,,,,,2007.0-Zlatna Kolekcija,2007.0-Zlatna Kolekcija/2008.0-Pisme Za Dušu
Mladen Grdović,Mladen Grdović,Da Te Nima,,,Da Te Nima,2008.0,,,,,,,,,2008.0-Da Te Nima,2008.0-Da Te Nima/2010.0-Najljepše Ljubavne Pjesme/2014.0-50 Originalnih Pjesama/2017.0-The Best Of Collection/2019.0-Moji Sentimenti
Mladen Grdović,Mladen Grdović,Otvori Staro Barilo,,Mladen Grdović,Da Te Nima,2008.0,,,,,Mladen Grdović,,,,2008.0-Da Te Nima,2008.0-Da Te Nima/2014.0-50 Originalnih Pjesama/2019.0-Moji Sentimenti
Mladen Grdović,Mladen Grdović,E Da Ćaća Zna,,,Da Te Nima,2008.0,,,,,,,,,2008.0-Da Te Nima,2008.0-Da Te Nima
Mladen Grdović,Mladen Grdović,More Sinje,,,Da Te Nima,2008.0,,,,,,,,,2008.0-Da Te Nima,2008.0-Da Te Nima/2014.0-50 Originalnih Pjesama
Mladen Grdović,Mladen Grdović,Dobri Moj Ćaća,,,Da Te Nima,2008.0,,,,,,,,,2008.0-Da Te Nima,2008.0-Da Te Nima
Mladen Grdović,Mladen Grdović,Neka Svira Mandolina,,,Da Te Nima,2008.0,,,,,,,,,2008.0-Da Te Nima,2008.0-Da Te Nima/2014.0-50 Originalnih Pjesama
Mladen Grdović,Mladen Grdović,Sve Bi Dao Ja Za Nju,,,Da Te Nima,2008.0,,,,,,,,,2008.0-Da Te Nima,2008.0-Da Te Nima/2014.0-50 Originalnih Pjesama
Mladen Grdović,Mladen Grdović,Reci Mi Živote,,,Da Te Nima,2008.0,,,,,,,,,2008.0-Da Te Nima,2008.0-Da Te Nima/2014.0-50 Originalnih Pjesama
Mladen Grdović,Mladen Grdović,Probudi Se,,,Da Te Nima,2008.0,,,,,,,,,2008.0-Da Te Nima,2008.0-Da Te Nima
Mladen Grdović,Mladen Grdović,Mornar Bez Sriće,,,Da Te Nima,2008.0,,,,,,,,,2008.0-Da Te Nima,2008.0-Da Te Nima/2014.0-50 Originalnih Pjesama/2017.0-The Best Of Collection
Mladen Grdović,Mladen Grdović,Pismo Moja,,,Da Te Nima,2008.0,,,,,,,,,2008.0-Da Te Nima,2008.0-Da Te Nima/2014.0-50 Originalnih Pjesama
Mladen Grdović,Mladen Grdović,Sve Je To Za Ljude,,,Da Te Nima,2008.0,,,,,,,,,2008.0-Da Te Nima,2008.0-Da Te Nima/2009.0-Evo Mene Moji Ljudi! (Koncert)/2010.0-Najljepše Ljubavne Pjesme/2014.0-50 Originalnih Pjesama/2019.0-Moji Sentimenti
Mladen Grdović,Mladen Grdović,Evo Mene Moji Ljudi,,,Pisme Za Dušu,2008.0,,,,,,,,,2008.0-Pisme Za Dušu,2008.0-Pisme Za Dušu/2009.0-Evo Mene Moji Ljudi! (Koncert)/2015.0-Tri Kralja Zabave
Mladen Grdović,Mladen Grdović,Di Ste Prijatelji Moji,,,Pisme Za Dušu,2008.0,,,,,,,,,2008.0-Pisme Za Dušu,2008.0-Pisme Za Dušu/2015.0-Orange Collection
Mladen Grdović,Mladen Grdović,U Rana Zoru,3:54,,Evo Mene Moji Ljudi! (Koncert),2009.0,,,,,,,,,2009.0-Evo Mene Moji Ljudi! (Koncert),2009.0-Evo Mene Moji Ljudi! (Koncert)
Mladen Grdović,Mladen Grdović,Ribari,5:08,,Evo Mene Moji Ljudi! (Koncert),2009.0,,,,,,,,,2009.0-Evo Mene Moji Ljudi! (Koncert),2009.0-Evo Mene Moji Ljudi! (Koncert)
Mladen Grdović,Mladen Grdović,Moja Hercegovina,3:24,,Evo Mene Moji Ljudi! (Koncert),2009.0,,,,,,,,,2009.0-Evo Mene Moji Ljudi! (Koncert),2009.0-Evo Mene Moji Ljudi! (Koncert)
Mladen Grdović,Mladen Grdović,Dalmatinac 2,3:54,,Evo Mene Moji Ljudi! (Koncert),2009.0,,,,,,,,,2009.0-Evo Mene Moji Ljudi! (Koncert),2009.0-Evo Mene Moji Ljudi! (Koncert)
Mladen Grdović,Mladen Grdović,Kalelarga,3:10,,Evo Mene Moji Ljudi! (Koncert),2009.0,,,,,,,,,2009.0-Evo Mene Moji Ljudi! (Koncert),2009.0-Evo Mene Moji Ljudi! (Koncert)/2010.0-Evo Mene Moji Ljudi
Mladen Grdović,Mladen Grdović,Ustaj Pape,5:21,,"Dobro Jutro Ti, More",2009.0,,,,,,,,,"2009.0-Dobro Jutro Ti, More","2009.0-Dobro Jutro Ti, More"
Mladen Grdović,Mladen Grdović,"Neću Krivit Cili Svit (Dobro Jutro Ti, More)",3:44,,"Dobro Jutro Ti, More",2009.0,,,,,,,,,"2009.0-Dobro Jutro Ti, More","2009.0-Dobro Jutro Ti, More/2010.0-Najljepše Ljubavne Pjesme"
Mladen Grdović,Mladen Grdović,Kukavica,2:46,,"Dobro Jutro Ti, More",2009.0,,,,,,,,,"2009.0-Dobro Jutro Ti, More","2009.0-Dobro Jutro Ti, More"
Mladen Grdović,Mladen Grdović,Volim Te Dalmacijo,3:30,,"Dobro Jutro Ti, More",2009.0,,,,,,,,,"2009.0-Dobro Jutro Ti, More","2009.0-Dobro Jutro Ti, More/2014.0-50 Originalnih Pjesama"
Mladen Grdović,Mladen Grdović,A Masline Stare Plaču,3:44,,"Dobro Jutro Ti, More",2009.0,,,,,,,,,"2009.0-Dobro Jutro Ti, More","2009.0-Dobro Jutro Ti, More"
Mladen Grdović,Mladen Grdović,Da Te Opet Vidin Ja,3:32,,"Dobro Jutro Ti, More",2009.0,,,,,,,,,"2009.0-Dobro Jutro Ti, More","2009.0-Dobro Jutro Ti, More/2010.0-Najljepše Ljubavne Pjesme/2014.0-50 Originalnih Pjesama/2017.0-The Best Of Collection"
Mladen Grdović,Mladen Grdović,Galeb,3:41,,"Dobro Jutro Ti, More",2009.0,,,,,,,,,"2009.0-Dobro Jutro Ti, More","2009.0-Dobro Jutro Ti, More"
Mladen Grdović,Mladen Grdović,Moja Jedina,4:08,,"Dobro Jutro Ti, More",2009.0,,,,,,,,,"2009.0-Dobro Jutro Ti, More","2009.0-Dobro Jutro Ti, More"
Mladen Grdović,Mladen Grdović,Kapetane,4:01,,"Dobro Jutro Ti, More",2009.0,,,,,,,,,"2009.0-Dobro Jutro Ti, More","2009.0-Dobro Jutro Ti, More"
Mladen Grdović,Mladen Grdović,Di Je More Di Je Cvit,3:34,,"Dobro Jutro Ti, More",2009.0,,,,,,,,,"2009.0-Dobro Jutro Ti, More","2009.0-Dobro Jutro Ti, More"
Mladen Grdović,Mladen Grdović,Malo Vitra,2:47,,"Dobro Jutro Ti, More",2009.0,,,,,,,,,"2009.0-Dobro Jutro Ti, More","2009.0-Dobro Jutro Ti, More"
Mladen Grdović,Mladen Grdović,Sve Za ljubav,4:18,,Najljepše Ljubavne Pjesme,2010.0,,,,,,Bepo Matešić,,,2010.0-Najljepše Ljubavne Pjesme,2010.0-Najljepše Ljubavne Pjesme
Mladen Grdović,Mladen Grdović,Crna Ženo,,,Evo Mene Moji Ljudi,2010.0,,,,,,,Vlado Kalember,,2010.0-Evo Mene Moji Ljudi,2010.0-Evo Mene Moji Ljudi
Mladen Grdović,Mladen Grdović,Rock Me Baby,,,Evo Mene Moji Ljudi,2010.0,,,,,,,Emilija Kokić,,2010.0-Evo Mene Moji Ljudi,2010.0-Evo Mene Moji Ljudi
Mladen Grdović,Mladen Grdović,Zadar Je U Srcu Mome,,,Evo Mene Moji Ljudi,2010.0,,,,,,,Đani Maršan,,2010.0-Evo Mene Moji Ljudi,2010.0-Evo Mene Moji Ljudi
Mladen Grdović,Mladen Grdović,Dođi Na Dugi Otok,,,Evo Mene Moji Ljudi,2010.0,,,,,,,Đani Maršan,,2010.0-Evo Mene Moji Ljudi,2010.0-Evo Mene Moji Ljudi
Mladen Grdović,Mladen Grdović,Fešta / Kome Bi Šumilo / Bepo Bagulin,,,Evo Mene Moji Ljudi,2010.0,,,,,,,,,2010.0-Evo Mene Moji Ljudi,2010.0-Evo Mene Moji Ljudi
Mladen Grdović,Mladen Grdović,Caruso (Za Tebe Živim Ja),4:59,,Za Tebe Živim Ja,2012.0,,,,,,,,,2012.0-Za Tebe Živim Ja,2012.0-Za Tebe Živim Ja/2014.0-50 Originalnih Pjesama/2019.0-Moji Sentimenti
Mladen Grdović,Mladen Grdović,Zadnja Kapja Vina,5:08,,Za Tebe Živim Ja,2012.0,,,,,,,,,2012.0-Za Tebe Živim Ja,2012.0-Za Tebe Živim Ja/2019.0-Moji Sentimenti
Mladen Grdović,Mladen Grdović,Pola Puta Do Neba,4:14,,Za Tebe Živim Ja,2012.0,,,,,,,,,2012.0-Za Tebe Živim Ja,2012.0-Za Tebe Živim Ja
Mladen Grdović,Mladen Grdović,"Dalmacijo, Ime Si Mi Dala",3:14,,Za Tebe Živim Ja,2012.0,,,,,,,,,2012.0-Za Tebe Živim Ja,2012.0-Za Tebe Živim Ja/2014.0-50 Originalnih Pjesama
Mladen Grdović,Mladen Grdović,Dalmatinac I Dalmatinka,3:45,,Za Tebe Živim Ja,2012.0,,,,,,Lidija Bačić,,,2012.0-Za Tebe Živim Ja,2012.0-Za Tebe Živim Ja/2015.0-Tri Kralja Zabave
Mladen Grdović,Mladen Grdović,"Buona Notte, Spavaj Zadre",3:52,,Za Tebe Živim Ja,2012.0,,,,,,,,,2012.0-Za Tebe Živim Ja,2012.0-Za Tebe Živim Ja
Mladen Grdović,Mladen Grdović,Ako Sutra Mi Ne Svane Zora,3:58,,Za Tebe Živim Ja,2012.0,,,,,,,,,2012.0-Za Tebe Živim Ja,2012.0-Za Tebe Živim Ja/2014.0-50 Originalnih Pjesama
Mladen Grdović,Mladen Grdović,Nikad Se Ćaća Više Nije Vratija,4:06,,Za Tebe Živim Ja,2012.0,,,,,,,,,2012.0-Za Tebe Živim Ja,2012.0-Za Tebe Živim Ja/2014.0-50 Originalnih Pjesama
Mladen Grdović,Mladen Grdović,Triba Bižat Svojoj Srići (Cmc Festival 2012),4:07,,Za Tebe Živim Ja,2012.0,,,,,,,,,2012.0-Za Tebe Živim Ja,2012.0-Za Tebe Živim Ja
Mladen Grdović,Mladen Grdović,Oči Boje Lavande ,3:21,,Za Tebe Živim Ja,2012.0,,,,,,,,Klapa Puntamika,2012.0-Za Tebe Živim Ja,2012.0-Za Tebe Živim Ja
Mladen Grdović,Mladen Grdović,Samo more to zna,4:34,,Samo more to zna,2014.0,,,,,,,,,2014.0-Samo more to zna,2014.0-Samo more to zna
Mladen Grdović,Mladen Grdović,Dida moj,3:55,,Samo more to zna,2014.0,,,,,,,,,2014.0-Samo more to zna,2014.0-Samo more to zna
Mladen Grdović,Mladen Grdović,Kada odem,3:36,,Samo more to zna,2014.0,,,,,,,,,2014.0-Samo more to zna,2014.0-Samo more to zna
Mladen Grdović,Mladen Grdović,Da si moja tila bit,3:19,,Samo more to zna,2014.0,,,,,,,,,2014.0-Samo more to zna,2014.0-Samo more to zna
Mladen Grdović,Mladen Grdović,Moja Mare,4:21,,Samo more to zna,2014.0,,,,,,,,,2014.0-Samo more to zna,2014.0-Samo more to zna
Mladen Grdović,Mladen Grdović,Crveni Ferarri,3:20,,Samo more to zna,2014.0,,,,,,,,,2014.0-Samo more to zna,2014.0-Samo more to zna
Mladen Grdović,Mladen Grdović,Tu se nosi bila boja,4:07,,Samo more to zna,2014.0,,,,,,,,,2014.0-Samo more to zna,2014.0-Samo more to zna
Mladen Grdović,Mladen Grdović,Moja ćaća,4:26,,Samo more to zna,2014.0,,,,,,,,,2014.0-Samo more to zna,2014.0-Samo more to zna
Mladen Grdović,Mladen Grdović,Mila mati,4:15,,Samo more to zna,2014.0,,,,,,,,,2014.0-Samo more to zna,2014.0-Samo more to zna
Mladen Grdović,Mladen Grdović,Dvi sestre,3:52,,Samo more to zna,2014.0,,,,,,,,,2014.0-Samo more to zna,2014.0-Samo more to zna
Mladen Grdović,Mladen Grdović,Dilila su zemlju braća,3:19,,Samo more to zna,2014.0,,,,,,,,,2014.0-Samo more to zna,2014.0-Samo more to zna
Mladen Grdović,Mladen Grdović,Tu Se Nosi Bila Boja,4:07,,50 Originalnih Pjesama,2014.0,,,,,,,,,2014.0-50 Originalnih Pjesama,2014.0-50 Originalnih Pjesama
Mladen Grdović,Mladen Grdović,Dvi Sestre,3:52,,50 Originalnih Pjesama,2014.0,,,,,,,,,2014.0-50 Originalnih Pjesama,2014.0-50 Originalnih Pjesama
Mladen Grdović,Mladen Grdović,"Neću Krivit Cili Svit (Dobro Ti Jutro, More)",3:44,,50 Originalnih Pjesama,2014.0,,,,,,,,,2014.0-50 Originalnih Pjesama,2014.0-50 Originalnih Pjesama
Mladen Grdović,Mladen Grdović,Oči Boje Lavande,3:22,,50 Originalnih Pjesama,2014.0,,,,,,,,,2014.0-50 Originalnih Pjesama,2014.0-50 Originalnih Pjesama/2017.0-The Best Of Collection
Mladen Grdović,Mladen Grdović,Triba Bižat Svojoj Srići,3:37,,50 Originalnih Pjesama,2014.0,,,,,,,,,2014.0-50 Originalnih Pjesama,2014.0-50 Originalnih Pjesama
Mladen Grdović,Mladen Grdović,"Di Je More, Di Je Cvit",3:34,,50 Originalnih Pjesama,2014.0,,,,,,,,,2014.0-50 Originalnih Pjesama,2014.0-50 Originalnih Pjesama
Mladen Grdović,Mladen Grdović,"E, Da Ćaća Zna",4:22,,50 Originalnih Pjesama,2014.0,,,,,,,,,2014.0-50 Originalnih Pjesama,2014.0-50 Originalnih Pjesama/2019.0-Moji Sentimenti
Mladen Grdović,Mladen Grdović,Dražen Zečić,,,Tri Kralja Zabave,2015.0,,,,,,,,,2015.0-Tri Kralja Zabave,2015.0-Tri Kralja Zabave
Mladen Grdović,Mladen Grdović,Pokidat Ću Lance Sve,,,Tri Kralja Zabave,2015.0,,,,,,,,,2015.0-Tri Kralja Zabave,2015.0-Tri Kralja Zabave
Mladen Grdović,Mladen Grdović,Govore Mi Mnogi Ljudi,,,Tri Kralja Zabave,2015.0,,,,,,,,,2015.0-Tri Kralja Zabave,2015.0-Tri Kralja Zabave/2015.0-Tri Kralja Zabave
Mladen Grdović,Mladen Grdović,Zora,,,Tri Kralja Zabave,2015.0,,,,,,,,,2015.0-Tri Kralja Zabave,2015.0-Tri Kralja Zabave
Mladen Grdović,Mladen Grdović,Opiti Nikad Se Neću,,,Tri Kralja Zabave,2015.0,,,,,,,,,2015.0-Tri Kralja Zabave,2015.0-Tri Kralja Zabave
Mladen Grdović,Mladen Grdović,U Ime Ljubavi,,,Tri Kralja Zabave,2015.0,,,,,,,,,2015.0-Tri Kralja Zabave,2015.0-Tri Kralja Zabave
Mladen Grdović,Mladen Grdović,Ne Pitaj Malog S Bilin Šalom Di Će,,,Tri Kralja Zabave,2015.0,,,,,,,,,2015.0-Tri Kralja Zabave,2015.0-Tri Kralja Zabave
Mladen Grdović,Mladen Grdović,Alkohol,,,Tri Kralja Zabave,2015.0,,,,,,,,,2015.0-Tri Kralja Zabave,2015.0-Tri Kralja Zabave
Mladen Grdović,Mladen Grdović,Dilila Su Brača,,,Tri Kralja Zabave,2015.0,,,,,,,,,2015.0-Tri Kralja Zabave,2015.0-Tri Kralja Zabave
Mladen Grdović,Mladen Grdović,Jasmin Stavros,,,Tri Kralja Zabave,2015.0,,,,,,,,,2015.0-Tri Kralja Zabave,2015.0-Tri Kralja Zabave
Mladen Grdović,Mladen Grdović,Opala,,,Tri Kralja Zabave,2015.0,,,,,,,,,2015.0-Tri Kralja Zabave,2015.0-Tri Kralja Zabave
Mladen Grdović,Mladen Grdović,Ljubomorni Ljudi,,,Tri Kralja Zabave,2015.0,,,,,,,,,2015.0-Tri Kralja Zabave,2015.0-Tri Kralja Zabave
Mladen Grdović,Mladen Grdović,Neka Je Šarala,,,Tri Kralja Zabave,2015.0,,,,,,,,,2015.0-Tri Kralja Zabave,2015.0-Tri Kralja Zabave
Mladen Grdović,Mladen Grdović,Dao Bi Sto Amerika,,,Tri Kralja Zabave,2015.0,,,,,,,,,2015.0-Tri Kralja Zabave,2015.0-Tri Kralja Zabave
Mladen Grdović,Mladen Grdović,Dijamant,,,Tri Kralja Zabave,2015.0,,,,,,,,,2015.0-Tri Kralja Zabave,2015.0-Tri Kralja Zabave
Mladen Grdović,Mladen Grdović,Kad Se Prijatelji Rastaju,,,Tri Kralja Zabave,2015.0,,,,,,,,,2015.0-Tri Kralja Zabave,2015.0-Tri Kralja Zabave
Mladen Grdović,Mladen Grdović,Evo Mene Moji Judi,3:57,Nenad Ninčević,Orange Collection,2015.0,Stipica Kalogjera,Mladen Grdović,,,,,,,2015.0-Orange Collection,2015.0-Orange Collection
Mladen Grdović,Mladen Grdović,Sedam Dana Sedam Noći,4:00,Nenad Ninčević,Orange Collection,2015.0,Stipica Kalogjera,Nenad Ninčević,,,,,,,2015.0-Orange Collection,2015.0-Orange Collection
Mladen Grdović,Mladen Grdović,Ljubav Moja Si Ti,2:25,Mladen Grdović,Orange Collection,2015.0,Igor Ivanović,Mladen Grdović,,,,,,,2015.0-Orange Collection,2015.0-Orange Collection
Mladen Grdović,Mladen Grdović,Dalmatinac (Koncert),3:13,Nenad Ninčević,Orange Collection,2015.0,Joško Banov,Mladen Grdović,,,,,,,2015.0-Orange Collection,2015.0-Orange Collection
Mladen Grdović,Mladen Grdović,Ostavljam Vas Moji NajdražI,,,Nek' Se Čuje Pisma S Jadrana,2016.0,,,,,,,,,2016.0-Nek' Se Čuje Pisma S Jadrana,2016.0-Nek' Se Čuje Pisma S Jadrana
Mladen Grdović,Mladen Grdović,Uzorita,,,Nek' Se Čuje Pisma S Jadrana,2016.0,,,,,,,,,2016.0-Nek' Se Čuje Pisma S Jadrana,2016.0-Nek' Se Čuje Pisma S Jadrana
Mladen Grdović,Mladen Grdović,Dva Goluba,,,Nek' Se Čuje Pisma S Jadrana,2016.0,,,,,,,,,2016.0-Nek' Se Čuje Pisma S Jadrana,2016.0-Nek' Se Čuje Pisma S Jadrana
Mladen Grdović,Mladen Grdović,Nek Se Čuje Pisma S Jadrana,,,Nek' Se Čuje Pisma S Jadrana,2016.0,,,,,,,,,2016.0-Nek' Se Čuje Pisma S Jadrana,2016.0-Nek' Se Čuje Pisma S Jadrana
Mladen Grdović,Mladen Grdović,Zemlja Dide Mog,,,Nek' Se Čuje Pisma S Jadrana,2016.0,,,,,,,,,2016.0-Nek' Se Čuje Pisma S Jadrana,2016.0-Nek' Se Čuje Pisma S Jadrana
Mladen Grdović,Mladen Grdović,Da San Ima Mota,,,Nek' Se Čuje Pisma S Jadrana,2016.0,,,,,,,,,2016.0-Nek' Se Čuje Pisma S Jadrana,2016.0-Nek' Se Čuje Pisma S Jadrana
Mladen Grdović,Mladen Grdović,Iz Tuđine Dolazim Ti Brate,,,Nek' Se Čuje Pisma S Jadrana,2016.0,,,,,,,,,2016.0-Nek' Se Čuje Pisma S Jadrana,2016.0-Nek' Se Čuje Pisma S Jadrana
Mladen Grdović,Mladen Grdović,Boliš Me Ljubavi,,,Nek' Se Čuje Pisma S Jadrana,2016.0,,,,,,,,,2016.0-Nek' Se Čuje Pisma S Jadrana,2016.0-Nek' Se Čuje Pisma S Jadrana/2019.0-Moji Sentimenti
Mladen Grdović,Mladen Grdović,Dalmatinka Mala,,,Nek' Se Čuje Pisma S Jadrana,2016.0,,,,,,,,,2016.0-Nek' Se Čuje Pisma S Jadrana,2016.0-Nek' Se Čuje Pisma S Jadrana
Mladen Grdović,Mladen Grdović,Škoji Mili,,,Nek' Se Čuje Pisma S Jadrana,2016.0,,,,,,,,,2016.0-Nek' Se Čuje Pisma S Jadrana,2016.0-Nek' Se Čuje Pisma S Jadrana
Mladen Grdović,Mladen Grdović,Jubim Dan Kad San Te Srija,,,Nek' Se Čuje Pisma S Jadrana,2016.0,,,,,,,,,2016.0-Nek' Se Čuje Pisma S Jadrana,2016.0-Nek' Se Čuje Pisma S Jadrana
Mladen Grdović,Mladen Grdović,Božić Je,,,Nek' Se Čuje Pisma S Jadrana,2016.0,,,,,,,,,2016.0-Nek' Se Čuje Pisma S Jadrana,2016.0-Nek' Se Čuje Pisma S Jadrana
Mladen Grdović,Mladen Grdović,Ostavljam Vas Moji Najdraži ,,,The Best Of Collection,2017.0,,,,,,,,,2017.0-The Best Of Collection,2017.0-The Best Of Collection
Mladen Grdović,Mladen Grdović,Crno Vino ,,,The Best Of Collection,2017.0,,,,,,,,,2017.0-The Best Of Collection,2017.0-The Best Of Collection
Mladen Grdović,Mladen Grdović,Odlazim ,,,The Best Of Collection,2017.0,,,,,,,,,2017.0-The Best Of Collection,2017.0-The Best Of Collection
Mladen Grdović,Mladen Grdović,Zaljubljen Sam U Te,,,The Best Of Collection,2017.0,,,,,,,,,2017.0-The Best Of Collection,2017.0-The Best Of Collection
Mladen Grdović,Mladen Grdović,Neću Krivit Cili Svit,,,The Best Of Collection,2017.0,,,,,,,,,2017.0-The Best Of Collection,2017.0-The Best Of Collection/2019.0-Moji Sentimenti
Mladen Grdović,Mladen Grdović,E Da Mi Je Vratit Vrime,,,The Best Of Collection,2017.0,,,,,,,,,2017.0-The Best Of Collection,2017.0-The Best Of Collection
Mladen Grdović,Mladen Grdović,Jubim Dan Kad Sam Te Srija,,,Moji Sentimenti,2019.0,,,,,,,,,2019.0-Moji Sentimenti,2019.0-Moji Sentimenti
Mladen Grdović,Mladen Grdović,Samo More To Zna,,,Moji Sentimenti,2019.0,,,,,,,,,2019.0-Moji Sentimenti,2019.0-Moji Sentimenti
Mladen Grdović,Mladen Grdović,Sanjam Sto Anđela,,,Moji Sentimenti,2019.0,,,,,,,,,2019.0-Moji Sentimenti,2019.0-Moji Sentimenti
Mladen Grdović,Mladen Grdović,Nisan Te Zavridija,,,Moji Sentimenti,2019.0,,,,,,,,,2019.0-Moji Sentimenti,2019.0-Moji Sentimenti
Mladen Grdović,Mladen Grdović,Kada Odem,,,Moji Sentimenti,2019.0,,,,,,,,,2019.0-Moji Sentimenti,2019.0-Moji Sentimenti
Mladen Grdović,Mladen Grdović," Dalmacijo, Ime Si Mi Dala",,,Moji Sentimenti,2019.0,,,,,,,,,2019.0-Moji Sentimenti,2019.0-Moji Sentimenti
Mladen Grdović,Mladen Grdović,Nek' Se Čuje Pisma S Jadrana ,,,Moji Sentimenti,2019.0,,,,,,,Klapa Munita,,2019.0-Moji Sentimenti,2019.0-Moji Sentimenti
Mladen Grdović,Mladen Grdović," Buona Notte, Spavaj Zadre  ",,,Moji Sentimenti,2019.0,,,,,,,,,2019.0-Moji Sentimenti,2019.0-Moji Sentimenti
