Artist,Artist_discogs,Song_discogs,Song_duration_discogs,Lyrics By_discogs,Music By_discogs,Album_title_discogs,Written-By_discogs,Album_year_discogs,Organ_discogs,Arranged By_discogs,Vocals_discogs,Saxophone [Solo]_discogs,Recorded By_discogs,Mixed By_discogs,Timbales_discogs,Percussion_discogs,Piano_discogs,Guitar [Solo]_discogs,Saxophone_discogs,Trombone_discogs,Trumpet_discogs,Orchestra_discogs,Orchestrated By_discogs,Conductor_discogs,Organ [Hammond]_discogs,Producer_discogs,Loops_discogs,Synthesizer [Brass]_discogs,Guitar_discogs,Vocals [Guest]_discogs,Backing Vocals_discogs,Featuring_discogs,Album_year_title_discogs,All_albums_discogs
Parni Valjak,Parni Valjak,Tako Prođe Tko Ne Pazi Kad Ga Parni Valjak Zgazi,,Husein Hasanefendić,Husein Hasanefendić,Tako Prođe Tko Ne Pazi Kad Ga Parni Valjak Zgazi / Dok Si Mlad,,,,,,,,,,,,,,,,,,,,,,,,,,,nan-Tako Prođe Tko Ne Pazi Kad Ga Parni Valjak Zgazi / Dok Si Mlad,nan-Tako Prođe Tko Ne Pazi Kad Ga Parni Valjak Zgazi / Dok Si Mlad
Parni Valjak,Parni Valjak,Dok Si Mlad,,Josip Ivanković,Husein Hasanefendić,Tako Prođe Tko Ne Pazi Kad Ga Parni Valjak Zgazi / Dok Si Mlad,,,,,,,,,,,,,,,,,,,,,,,,,,,nan-Tako Prođe Tko Ne Pazi Kad Ga Parni Valjak Zgazi / Dok Si Mlad,nan-Tako Prođe Tko Ne Pazi Kad Ga Parni Valjak Zgazi / Dok Si Mlad
Parni Valjak,Parni Valjak,Dodjite Na Show,5:42,,,Dodjite Na Show!,,,,,,,,,,,,,,,,,,,,,,,,,,,nan-Dodjite Na Show!,nan-Dodjite Na Show!
Parni Valjak,Parni Valjak,Sličice Iz Tramvaja,4:57,,,Dodjite Na Show!,,,,,,,,,,,,,,,,,,,,,,,,,,,nan-Dodjite Na Show!,nan-Dodjite Na Show!
Parni Valjak,Parni Valjak,Pjesma O Starosti,7:00,,,Dodjite Na Show!,Husein Hasanefendić,,,,,,,,,,,,,,,,,,,,,,,,,,nan-Dodjite Na Show!,nan-Dodjite Na Show!
Parni Valjak,Parni Valjak,Inge,0:32,,,Dodjite Na Show!,,,,,,,,,,,,,,,,,,,,,,,,,,,nan-Dodjite Na Show!,nan-Dodjite Na Show!
Parni Valjak,Parni Valjak,Mi Smo Rock And Roll Band,4:18,,,Dodjite Na Show!,,,,,,,,,,,,,,,,,,,,,,,,,,,nan-Dodjite Na Show!,nan-Dodjite Na Show!
Parni Valjak,Parni Valjak,Prevela Me Mala Žednog Preko Vode,3:05,,,Dodjite Na Show!,,,,,,,,,,,,,,,,,,,,,,,,,,,nan-Dodjite Na Show!,"nan-Dodjite Na Show!/nan-Prevela Me Mala Žednog Preko Vode / O Šumama, Rijekama I Pticama/2002.0-Hus & Aki Vam Predstavljaju"
Parni Valjak,Parni Valjak,Svim Slomljenim Srcima,6:53,,,Dodjite Na Show!,,,,,,,,,,,,,,,,,,,,,,,,,,,nan-Dodjite Na Show!,nan-Dodjite Na Show!
Parni Valjak,Parni Valjak,Predstavi Je Kraj,3:50,,,Dodjite Na Show!,,,,,,,,,,,,,,,,,,,,,,,,,,,nan-Dodjite Na Show!,nan-Dodjite Na Show!/nan-Koncert
Parni Valjak,Parni Valjak,Parni Valjak,,,,Parni Valjak / Šizofrenik,,,,,,,,,,,,,,,,,,,,,,,,,,,nan-Parni Valjak / Šizofrenik,nan-Parni Valjak / Šizofrenik
Parni Valjak,Parni Valjak,Šizofrenik,,,,Parni Valjak / Šizofrenik,,,,,,,,,,,,,,,,,,,,,,,,,,,nan-Parni Valjak / Šizofrenik,nan-Parni Valjak / Šizofrenik
Parni Valjak,Parni Valjak,Ljubavni Jadi Jednog Parnog Valjka,,,,Ljubavni Jadi Jednog Parnog Valjka,,,,,,,,,,,,,,,,,,,,,,,,,,,nan-Ljubavni Jadi Jednog Parnog Valjka,nan-Ljubavni Jadi Jednog Parnog Valjka
Parni Valjak,Parni Valjak,Teško Je Biti Sam,,,,Ljubavni Jadi Jednog Parnog Valjka,,,,,,,,,,,,,,,,,,,,,,,,,,,nan-Ljubavni Jadi Jednog Parnog Valjka,nan-Ljubavni Jadi Jednog Parnog Valjka
Parni Valjak,Parni Valjak,"'Oću Da Se Ženim (Priča Mladića Ž. B., 16 Godina Starog Iz Mjesta N ...)",,,,Oću Da Se Ženim / Ljeto,,1977.0,,,,,,,,,,,,,,,,,,,,,,,,,1977.0-Oću Da Se Ženim / Ljeto,1977.0-Oću Da Se Ženim / Ljeto
Parni Valjak,Parni Valjak,Ljeto,,,,Oću Da Se Ženim / Ljeto,,1977.0,,,,,,,,,,,,,,,,,,,,,,,,,1977.0-Oću Da Se Ženim / Ljeto,1977.0-Oću Da Se Ženim / Ljeto
Parni Valjak,Parni Valjak,"O Šumama, Rijekama I Pticama",,,,"Prevela Me Mala Žednog Preko Vode / O Šumama, Rijekama I Pticama",,,,,,,,,,,,,,,,,,,,,,,,,,,"nan-Prevela Me Mala Žednog Preko Vode / O Šumama, Rijekama I Pticama","nan-Prevela Me Mala Žednog Preko Vode / O Šumama, Rijekama I Pticama"
Parni Valjak,Parni Valjak,Kravata Oko Vrata (Buntovnik Bez Razloga),4:40,,,Glavom Kroz Zid,,,,,,,,,,,,,,,,,,,,,,,,,,,nan-Glavom Kroz Zid,nan-Glavom Kroz Zid
Parni Valjak,Parni Valjak,Lutka Za Bal,3:28,,,Glavom Kroz Zid,,,,,,,,,,,,,,,,,,,,,,,,,,,nan-Glavom Kroz Zid,"nan-Glavom Kroz Zid/1978.0-Lutka Za Bal / Crni Dani/nan-Koncert/nan-Live...Svih 15 Godina/nan-Bez Struje - Live In ZeKaeM/2002.0-25 godina (Live - Zagreb, Dom sportova 2. XII 2000.)/2005.0-Koncentrat 1977. - 1983./2009.0-The Ultimate Collection/2015.0-Original Album Collection – Vol. 2"
Parni Valjak,Parni Valjak,Djevojke,5:30,,,Glavom Kroz Zid,Jurica Pađen,,,,,,,,,,,,,,,,,,,,,,,,,,nan-Glavom Kroz Zid,nan-Glavom Kroz Zid
Parni Valjak,Parni Valjak,Crni Dani,5:00,,,Glavom Kroz Zid,,,Aki Rahimovski,,,,,,,,,,,,,,,,,,,,,,,,nan-Glavom Kroz Zid,nan-Glavom Kroz Zid/1978.0-Lutka Za Bal / Crni Dani
Parni Valjak,Parni Valjak,Uvijek Ista Priča,3:12,,,Glavom Kroz Zid,Jurica Pađen,,,,,,,,,,,,,,,,,,,,,,,,,,nan-Glavom Kroz Zid,nan-Glavom Kroz Zid
Parni Valjak,Parni Valjak,Dixie Za Pravog Gazdu,3:15,,,Glavom Kroz Zid,,,,,,,,,,,,,,,,,,,,,,,,,,,nan-Glavom Kroz Zid,nan-Glavom Kroz Zid
Parni Valjak,Parni Valjak,Noć,6:45,,,Glavom Kroz Zid,,,,,,,,,,,,,,,,,,,,,,,,,,,nan-Glavom Kroz Zid,nan-Glavom Kroz Zid
Parni Valjak,Parni Valjak,Čovjek Čovjeku Vuk Je (Priča Sa Zapadne Strane),4:20,,,Glavom Kroz Zid,,,,,,,,,,,,,,,,,,,,,,,,,,,nan-Glavom Kroz Zid,nan-Glavom Kroz Zid
Parni Valjak,Parni Valjak,Od Motela Do Motela,,,,Od Motela Do Motela / Predstavi Je Kraj (Uživo),,,,,,,,,,,,,,,,,,,,,,,,,,,nan-Od Motela Do Motela / Predstavi Je Kraj (Uživo),nan-Od Motela Do Motela / Predstavi Je Kraj (Uživo)
Parni Valjak,Parni Valjak,Predstavi Je Kraj (Uživo),,,,Od Motela Do Motela / Predstavi Je Kraj (Uživo),,,,,,,,,,,,,,,,,,,,,,,,,,,nan-Od Motela Do Motela / Predstavi Je Kraj (Uživo),nan-Od Motela Do Motela / Predstavi Je Kraj (Uživo)
Parni Valjak,Parni Valjak,Stranica Dnevnika,4:42,,,Stranica Dnevnika / Ulične Tuče,,1979.0,,,,,,,,,,,,,,,,,,,,,,,,,1979.0-Stranica Dnevnika / Ulične Tuče,"1979.0-Stranica Dnevnika / Ulične Tuče/nan-Gradske Priče/nan-Koncert/nan-Parni Valjak/nan-Samo Sjećanja/nan-Live...Svih 15 Godina/nan-Balade/2002.0-25 godina (Live - Zagreb, Dom sportova 2. XII 2000.)/2005.0-Koncentrat 1977. - 1983./nan-Antologija"
Parni Valjak,Parni Valjak,Ulične Tuče,1:53,,,Stranica Dnevnika / Ulične Tuče,,1979.0,,,,,,,,,,,,,,,,,,,,,,,,,1979.0-Stranica Dnevnika / Ulične Tuče,1979.0-Stranica Dnevnika / Ulične Tuče/nan-Gradske Priče/nan-Koncert/nan-Godine Prolaze/2005.0-Koncentrat 1977. - 1983./nan-Antologija
Parni Valjak,Parni Valjak,700 Milja Od Kuće,4:02,,,Gradske Priče,,,,,,,,,,,,,,,,,,,,,,,,,,,nan-Gradske Priče,nan-Gradske Priče/nan-Nema Predaje
Parni Valjak,Parni Valjak,Klinka,4:23,,,Gradske Priče,,,,,,,,,,,,,,,,,,,,,,,,,,,nan-Gradske Priče,nan-Gradske Priče/nan-Koncert/nan-Godine Prolaze
Parni Valjak,Parni Valjak,Moja Bolja Polovica,3:18,,,Gradske Priče,,,,,,,,,,,,,,,,,,,,,,,,,,,nan-Gradske Priče,nan-Gradske Priče
Parni Valjak,Parni Valjak,Vruće Usne,3:16,,,Gradske Priče,,,,,,,,,,,,,,,,,,,,,,,,,,,nan-Gradske Priče,nan-Gradske Priče/nan-Godine Prolaze
Parni Valjak,Parni Valjak,Oaza,4:02,,,Gradske Priče,,,,,,,,,,,,,,,,,,,,,,,,,,,nan-Gradske Priče,nan-Gradske Priče
Parni Valjak,Parni Valjak,"""Hrast""",3:09,,,Gradske Priče,,,,,,,,,,,,,,,,,,,,,,,,,,,nan-Gradske Priče,nan-Gradske Priče
Parni Valjak,Parni Valjak,Jablane!,2:10,Branimir Štulić,Branimir Štulić,Gradske Priče,,,,Parni Valjak,,,,,,,,,,,,,,,,,,,,,,,nan-Gradske Priče,nan-Gradske Priče
Parni Valjak,Parni Valjak,Jednu Kartu Za Natrag,3:36,,,Gradske Priče,,,,,,,,,,,,,,,,,,,,,,,,,,,nan-Gradske Priče,nan-Gradske Priče/nan-Koncert
Parni Valjak,Parni Valjak,Kada Noć Umiješa Prste U Grad,,,,Vruće Igre,,,,,,,,,,,,,,,,,,,,,,,,,,,nan-Vruće Igre,nan-Vruće Igre
Parni Valjak,Parni Valjak,Još Jedna O Hrastu,,,,Vruće Igre,,,,,,,,,,,,,,,,,,,,,,,,,,,nan-Vruće Igre,nan-Vruće Igre/nan-Godine Prolaze
Parni Valjak,Parni Valjak,Ona Je Tako Prokleto Mlada,,,,Vruće Igre,,,,,,,,,,,,,,,,,,,,,,,,,,,nan-Vruće Igre,nan-Vruće Igre/1982.0-Moje Dnevne Paranoje/nan-Koncert/nan-Parni Valjak/nan-Godine Prolaze/2005.0-Koncentrat 1977. - 1983.
Parni Valjak,Parni Valjak,Kad Miki Kaže Da Se Boji,,,,Vruće Igre,Branimir Štulić,,,,,,,,,,,,,,,,,,,,,,,,,,nan-Vruće Igre,nan-Vruće Igre/nan-Godine Prolaze
Parni Valjak,Parni Valjak,Javi Se,,,,Vruće Igre,,,,,,,,,,,,,,,,,,,,,,,,,,,nan-Vruće Igre,nan-Vruće Igre/nan-Koncert/nan-Godine Prolaze/nan-Live At S.C. - Kao Nekada/nan-Live At S.C. - Kao Nekada/2005.0-Koncentrat 1977. - 1983./nan-Antologija
Parni Valjak,Parni Valjak,Hvala Ti,,,,Vruće Igre,,,,,,,,,,,,,,,,,,,,,,,,,,,nan-Vruće Igre,nan-Vruće Igre/1981.0-Neda/nan-Koncert/nan-Parni Valjak/nan-Samo Sjećanja/nan-Live...Svih 15 Godina/nan-Balade/2005.0-Koncentrat 1977. - 1983.
Parni Valjak,Parni Valjak,Neda,,,,Vruće Igre,,,,,,,,,,,,,,,,,,,,,,,,,,,nan-Vruće Igre,nan-Vruće Igre/1981.0-Neda/nan-Koncert/nan-Parni Valjak/nan-Samo Sjećanja/nan-Live...Svih 15 Godina/nan-Bez Struje - Live In ZeKaeM/1997.0-Najveći Hitovi/nan-Godine Prolaze/2005.0-Koncentrat 1977. - 1983./nan-The Best Of/2015.0-Original Album Collection – Vol. 2/2017.0-Live In Pula/nan-Antologija
Parni Valjak,Parni Valjak,Partneri Za Ples,,,,Vruće Igre,,,,,,,,,,,,,,,,,,,,,,,,,,,nan-Vruće Igre,nan-Vruće Igre
Parni Valjak,Parni Valjak,Ne Udaraj Me Nisko,,,,Vruće Igre,,,,,Husein Hasanefendić,,,,,,,,,,,,,,,,,,,,,,nan-Vruće Igre,nan-Vruće Igre/nan-Godine Prolaze
Parni Valjak,Parni Valjak,Vruće Igre,,,,Vruće Igre,,,,,,,,,,,,,,,,,,,,,,,,,,,nan-Vruće Igre,nan-Vruće Igre/nan-Koncert/1988.0-Najveći Hitovi Uživo/nan-Samo Sjećanja/nan-Godine Prolaze
Parni Valjak,Parni Valjak,Samo Sjećanja,,,,Vruće Igre,,,,,,Claudio Pascoli,,,,,,,,,,,,,,,,,,,,,nan-Vruće Igre,nan-Vruće Igre/nan-Koncert/nan-Parni Valjak/1988.0-Najveći Hitovi Uživo/nan-Samo Sjećanja/nan-Balade/2005.0-Koncentrat 1977. - 1983.
Parni Valjak,Parni Valjak,Ti Povuci Prvi Potez,,,,Vruće Igre,,,,,,,,,,,,,,,,,,,,,,,,,,,nan-Vruće Igre,nan-Vruće Igre/2005.0-Koncentrat 1977. - 1983./nan-Antologija
Parni Valjak,Parni Valjak,Večeras Trebam Društvo,2:18,,,Vrijeme Je Na Našoj Strani,,,,,,,Göran Stelin,Göran Stelin,,,,,,,,,,,,,,,,,,,nan-Vrijeme Je Na Našoj Strani,nan-Vrijeme Je Na Našoj Strani/nan-Koncert/nan-Samo Sjećanja/nan-Balade/2005.0-Koncentrat 1977. - 1983.
Parni Valjak,Parni Valjak,Moje Dnevne Paranoje,3:22,,,Vrijeme Je Na Našoj Strani,,,,,,,,,,,,,,,,,,,,,,,,,,,nan-Vrijeme Je Na Našoj Strani,nan-Vrijeme Je Na Našoj Strani/1982.0-Moje Dnevne Paranoje/nan-Koncert/nan-Parni Valjak/nan-Live...Svih 15 Godina/nan-Godine Prolaze/2005.0-Koncentrat 1977. - 1983./nan-Antologija
Parni Valjak,Parni Valjak,Isti Smo,3:45,,,Vrijeme Je Na Našoj Strani,,,,,,,,,Sjunne Ferger,,,,,,,,,,,,,,,,,,nan-Vrijeme Je Na Našoj Strani,nan-Vrijeme Je Na Našoj Strani/nan-Godine Prolaze/nan-Antologija
Parni Valjak,Parni Valjak,Ona Gleda Kroz Mene,3:20,,,Vrijeme Je Na Našoj Strani,,,,,,,,,,,,,,,,,,,,,,,,,,,nan-Vrijeme Je Na Našoj Strani,nan-Vrijeme Je Na Našoj Strani
Parni Valjak,Parni Valjak,Staška,4:16,,,Vrijeme Je Na Našoj Strani,,,,,,,,,,,,,,,,,,,,,,,,,,,nan-Vrijeme Je Na Našoj Strani,nan-Vrijeme Je Na Našoj Strani/nan-Koncert/nan-Parni Valjak/nan-Samo Sjećanja/nan-Live...Svih 15 Godina/nan-Balade/2005.0-Koncentrat 1977. - 1983./nan-Antologija
Parni Valjak,Parni Valjak,Kao Ti,3:21,,,Vrijeme Je Na Našoj Strani,,,,,,,,,,,,,,,,,,,,,,,,,,,nan-Vrijeme Je Na Našoj Strani,nan-Vrijeme Je Na Našoj Strani/nan-Koncert/nan-Parni Valjak/nan-Samo Sjećanja/nan-Bez Struje - Live In ZeKaeM/nan-Balade/2005.0-Koncentrat 1977. - 1983./nan-The Best Of/2015.0-Original Album Collection – Vol. 2/nan-Antologija
Parni Valjak,Parni Valjak,Djevojčice Ne,2:26,,,Vrijeme Je Na Našoj Strani,,,,,,,,,,,,,,,,,,,,,,,,,,,nan-Vrijeme Je Na Našoj Strani,nan-Vrijeme Je Na Našoj Strani/nan-Godine Prolaze
Parni Valjak,Parni Valjak,Bijeg,3:21,,,Vrijeme Je Na Našoj Strani,,,,,,,,,,,,,,,,,,,,,,,,,,,nan-Vrijeme Je Na Našoj Strani,nan-Vrijeme Je Na Našoj Strani
Parni Valjak,Parni Valjak,Noć Nema Svjedoka,1:52,,,Vrijeme Je Na Našoj Strani,,,,,,,,,,,,,,,,,,,,,,,,,,,nan-Vrijeme Je Na Našoj Strani,nan-Vrijeme Je Na Našoj Strani
Parni Valjak,Parni Valjak,Ako Želim,3:00,,,Vrijeme Je Na Našoj Strani,Srećko Kukurić,,,,,,,,,,,,,,,,,,,,,,,,,,nan-Vrijeme Je Na Našoj Strani,nan-Vrijeme Je Na Našoj Strani/nan-Koncert/nan-Balade
Parni Valjak,Parni Valjak,Vrijeme Je Na Našoj Strani,2:47,,,Vrijeme Je Na Našoj Strani,,,,,,,,,,,,,,,,,,,,,,,,,,,nan-Vrijeme Je Na Našoj Strani,nan-Vrijeme Je Na Našoj Strani/nan-Koncert/1988.0-Najveći Hitovi Uživo/nan-Live...Svih 15 Godina/nan-Godine Prolaze/nan-Live At S.C. - Kao Nekada/2005.0-Koncentrat 1977. - 1983.
Parni Valjak,Parni Valjak,Djevojčice Ne...!,2:25,,,Koncert,,,,,,,,,,,,,,,,,,,,,,,,,,,nan-Koncert,nan-Koncert
Parni Valjak,Parni Valjak,Prevela Me Mala,3:10,,,Koncert,,,,,,,,,,,,,,,,,,,,,,,,,,,nan-Koncert,nan-Koncert/nan-Live...Svih 15 Godina
Parni Valjak,Parni Valjak,Ma 'Ajde (Gledaj Stvari Mojim Očima),,,,Ma 'Ajde (Gledaj Stvari Mojim Očima) / Noćas Mi Se Hoće,,1983.0,,,,,,,,,,,,,,,,,,,,,,,,,1983.0-Ma 'Ajde (Gledaj Stvari Mojim Očima) / Noćas Mi Se Hoće,1983.0-Ma 'Ajde (Gledaj Stvari Mojim Očima) / Noćas Mi Se Hoće/nan-Glavnom Ulicom/nan-Godine Prolaze/nan-Antologija
Parni Valjak,Parni Valjak,Noćas Mi Se Hoće,,,,Ma 'Ajde (Gledaj Stvari Mojim Očima) / Noćas Mi Se Hoće,,1983.0,,,,,,,,,,,,,,,,,,,,,,,,,1983.0-Ma 'Ajde (Gledaj Stvari Mojim Očima) / Noćas Mi Se Hoće,1983.0-Ma 'Ajde (Gledaj Stvari Mojim Očima) / Noćas Mi Se Hoće/nan-Glavnom Ulicom/nan-Godine Prolaze
Parni Valjak,Parni Valjak,Glavnom Ulicom,2:20,,,Glavnom Ulicom,,,,,,,,,,,,,,,,,,,,,,,,,,,nan-Glavnom Ulicom,nan-Glavnom Ulicom/nan-Godine Prolaze/2005.0-Koncentrat 1977. - 1983.
Parni Valjak,Parni Valjak,Kao Prije,3:50,,,Glavnom Ulicom,,,,,,,,,,,,,,,,,,,,,,,,,,,nan-Glavnom Ulicom,nan-Glavnom Ulicom/nan-E=MC²/nan-Samo Sjećanja/2005.0-Koncentrat 1977. - 1983./2015.0-Original Album Collection – Vol. 1/nan-Antologija
Parni Valjak,Parni Valjak,Hajde Kaži Pošteno,4:02,,,Glavnom Ulicom,,,,,,,,,,,,,,,,,,,,,,,,,,,nan-Glavnom Ulicom,nan-Glavnom Ulicom/nan-E=MC²/nan-Balade/2005.0-Koncentrat 1977. - 1983./2015.0-Original Album Collection – Vol. 1
Parni Valjak,Parni Valjak,Trebaš Mi,2:44,,,Glavnom Ulicom,,,,,,,,,,,,,,,,,,,,,,,,,,,nan-Glavnom Ulicom,nan-Glavnom Ulicom/nan-Godine Prolaze
Parni Valjak,Parni Valjak,Ne Zovi,2:37,,,Glavnom Ulicom,,,,,,,,,,,,,,,,,,,,,,,,,,,nan-Glavnom Ulicom,nan-Glavnom Ulicom/nan-Parni Valjak/nan-Godine Prolaze/2005.0-Koncentrat 1977. - 1983.
Parni Valjak,Parni Valjak,Ne Ostavljaj Me Samog,1:40,,,Glavnom Ulicom,Srećko Kukurić,,,,,,,,,,,,,,,,,,,,,,,,,,nan-Glavnom Ulicom,nan-Glavnom Ulicom
Parni Valjak,Parni Valjak,Zapleši Sa Mnom Ovu Noć,4:05,,,Glavnom Ulicom,Rastko Milošev,,,,,,,,,,,,,,,,,,,,,,,,,,nan-Glavnom Ulicom,nan-Glavnom Ulicom/nan-Samo Sjećanja
Parni Valjak,Parni Valjak,Kaži Mi,2:04,,,Glavnom Ulicom,,,,,,,,,,,,,,,,,,,,,,,,,,,nan-Glavnom Ulicom,nan-Glavnom Ulicom/nan-Godine Prolaze/2005.0-Koncentrat 1977. - 1983.
Parni Valjak,Parni Valjak,Nataša,3:05,,,Glavnom Ulicom,,,,,,,,,,,,,,,,,,,,,,,,,,,nan-Glavnom Ulicom,nan-Glavnom Ulicom/2005.0-Koncentrat 1977. - 1983./nan-Antologija
Parni Valjak,Parni Valjak,A Ja Bih Sa Vragom...,3:32,,,Glavnom Ulicom,,,,,,,,,,,,,,,,,,,,,,,,,,,nan-Glavnom Ulicom,nan-Glavnom Ulicom
Parni Valjak,Parni Valjak,Uhvati Ritam,4:12,,,Uhvati Ritam,,1984.0,,,,,,,,,,,,,,,,,,,,,,,,,1984.0-Uhvati Ritam,1984.0-Uhvati Ritam/nan-Uhvati Ritam/nan-Parni Valjak/nan-E=MC²/1988.0-Najveći Hitovi Uživo/nan-Live...Svih 15 Godina/nan-Bez Struje - Live In ZeKaeM/1997.0-Najveći Hitovi/nan-Godine Prolaze/2002.0-Hus & Aki Vam Predstavljaju/2005.0-Koncentrat 1984. - 2005./2009.0-The Ultimate Collection/nan-The Best Of/2015.0-Original Album Collection – Vol. 1/2015.0-Original Album Collection – Vol. 1/2015.0-Original Album Collection – Vol. 2/nan-Antologija/nan-Greatest Hits Collection
Parni Valjak,Parni Valjak,Samo Ona Zna,4:05,,,Uhvati Ritam,,1984.0,,,,,,,,,,,,,,,,,,,,,,,,,1984.0-Uhvati Ritam,1984.0-Uhvati Ritam/nan-Uhvati Ritam/nan-E=MC²/2002.0-Hus & Aki Vam Predstavljaju/2009.0-The Ultimate Collection/2015.0-Original Album Collection – Vol. 1/2015.0-Original Album Collection – Vol. 1
Parni Valjak,Parni Valjak,Početak,,,,Jugoton Express,,1984.0,,,,,,,,,,,,,,,,,,,,,,,,,1984.0-Jugoton Express,1984.0-Jugoton Express/1984.0-Jugoton Express/1985.0-Jugoton Express/1985.0-Jugoton Express
Parni Valjak,Parni Valjak,Nastavak,,,,Jugoton Express,,1984.0,,,,,,,,,,,,,,,,,,,,,,,,,1984.0-Jugoton Express,1984.0-Jugoton Express/1984.0-Jugoton Express/1985.0-Jugoton Express/1985.0-Jugoton Express
Parni Valjak,Parni Valjak,Ostani S Njim,3:40,,,Ostani S Njim / Što Si Našla U Njemu,,1984.0,,,,,,,,,,,,,,,,,,,,,,,,,1984.0-Ostani S Njim / Što Si Našla U Njemu,1984.0-Ostani S Njim / Što Si Našla U Njemu/nan-Uhvati Ritam/nan-E=MC²/1988.0-Najveći Hitovi Uživo/1990.0-Levi's Red Tab/nan-Live...Svih 15 Godina/2005.0-Koncentrat 1984. - 2005./2009.0-The Ultimate Collection/2015.0-Original Album Collection – Vol. 1/2015.0-Original Album Collection – Vol. 1/nan-Antologija
Parni Valjak,Parni Valjak,Što Si Našla U Njemu,1:57,,,Ostani S Njim / Što Si Našla U Njemu,,1984.0,,,,,,,,,,,,,,,,,,,,,,,,,1984.0-Ostani S Njim / Što Si Našla U Njemu,1984.0-Ostani S Njim / Što Si Našla U Njemu/nan-Uhvati Ritam/2015.0-Original Album Collection – Vol. 1
Parni Valjak,Parni Valjak,Na Početku...,1:00,,,Uhvati Ritam,,,,,,,,,,,,,,,,,,,,,,,,,,,nan-Uhvati Ritam,nan-Uhvati Ritam/2015.0-Original Album Collection – Vol. 1
Parni Valjak,Parni Valjak,Direktan Put Za Nebo,4:12,,,Uhvati Ritam,,,,,,,,,,,,,,,,,,,,,,,,,,,nan-Uhvati Ritam,nan-Uhvati Ritam/2015.0-Original Album Collection – Vol. 1
Parni Valjak,Parni Valjak,Pusti Nek' Traje,3:53,,,Uhvati Ritam,,,,,Vlasta Kraš,,,,,,,,,,,,,,,,,,,,,,nan-Uhvati Ritam,nan-Uhvati Ritam/nan-Parni Valjak/nan-E=MC²/1988.0-Najveći Hitovi Uživo/nan-Pusti Nek Traje - Kolekcija Vol. 1/nan-Balade/nan-Live At S.C. - Kao Nekada/2005.0-Koncentrat 1984. - 2005./2009.0-The Ultimate Collection/nan-The Best Of/nan-Najljepše Ljubavne Pjesme/nan-Antologija
Parni Valjak,Parni Valjak,Ponovo Sam,4:03,,,Uhvati Ritam,Rastko Milošev,,,,,,,,,,,,,,,,,,,,,,,,,,nan-Uhvati Ritam,nan-Uhvati Ritam/2015.0-Original Album Collection – Vol. 1
Parni Valjak,Parni Valjak,Bolja Vremena,4:30,,,Uhvati Ritam,,,,,,,,,,,,,,,,,,,,,,,,,,,nan-Uhvati Ritam,nan-Uhvati Ritam/2015.0-Original Album Collection – Vol. 1
Parni Valjak,Parni Valjak,... I Na Kraju,1:47,,,Uhvati Ritam,,,,,,,,,,,,,,,,,,,,,,,,,,,nan-Uhvati Ritam,nan-Uhvati Ritam
Parni Valjak,Parni Valjak,'ajde Igraj ,3:15,,,'ajde Igraj / Pokreni Se,,1985.0,,,,,,,,,,,,,,,,,,,,,,,,,1985.0-'ajde Igraj / Pokreni Se,1985.0-'ajde Igraj / Pokreni Se
Parni Valjak,Parni Valjak,Pokreni Se,3:00,,,'ajde Igraj / Pokreni Se,,1985.0,,,,,,,,,,,,,,,,,,,,,,,,,1985.0-'ajde Igraj / Pokreni Se,1985.0-'ajde Igraj / Pokreni Se/nan-Pokreni Se !/nan-E=MC²/2015.0-Original Album Collection – Vol. 1/2015.0-Original Album Collection – Vol. 1
Parni Valjak,Parni Valjak,Ugasi Me,3:06,,,Pokreni Se !,,,,,,,,,,,,,,,,,,,,,,,,,,,nan-Pokreni Se !,"nan-Pokreni Se !/nan-Ugasi Me/nan-E=MC²/1988.0-Najveći Hitovi Uživo/nan-Live...Svih 15 Godina/1997.0-Najveći Hitovi/nan-Godine Prolaze/nan-Live At S.C. - Kao Nekada/nan-Live At S.C. - Kao Nekada/2002.0-25 godina (Live - Zagreb, Dom sportova 2. XII 2000.)/2002.0-Hus & Aki Vam Predstavljaju/2005.0-Koncentrat 1984. - 2005./2009.0-The Ultimate Collection/nan-The Best Of/nan-Nema Predaje/2015.0-Original Album Collection – Vol. 1/2015.0-Original Album Collection – Vol. 1/nan-Antologija/nan-Greatest Hits Collection"
Parni Valjak,Parni Valjak,Ovu Noć,4:53,,,Pokreni Se !,,,,,,,,,,,,,,,,,,,,,,,,,,,nan-Pokreni Se !,nan-Pokreni Se !/2015.0-Original Album Collection – Vol. 1
Parni Valjak,Parni Valjak,'Ajde Igraj,3:15,,,Pokreni Se !,,,,,,,,Dragan Čačinović - Čač,,,,,,,,,,,,,,,,,,,nan-Pokreni Se !,nan-Pokreni Se !/nan-E=MC²/1997.0-Najveći Hitovi/nan-Godine Prolaze/2002.0-Hus & Aki Vam Predstavljaju
Parni Valjak,Parni Valjak,Van Vremena,6:00,,,Pokreni Se !,,,,,,,,,,,,,,,,,,,,,,,,,,,nan-Pokreni Se !,nan-Pokreni Se !/2015.0-Original Album Collection – Vol. 1/nan-Antologija
Parni Valjak,Parni Valjak,Gledam Je Dok Spava,4:20,,,Pokreni Se !,,,,,,,,,,,,,,,,,,,,,,,,,,,nan-Pokreni Se !,nan-Pokreni Se !/1986.0-Gledam Je Dok Spava / Stojim Već Satima/1988.0-Najveći Hitovi Uživo/nan-ZG Rock Forces Live!/1990.0-Levi's Red Tab/nan-Live...Svih 15 Godina/nan-Pusti Nek Traje - Kolekcija Vol. 1/1997.0-Najveći Hitovi/nan-Balade/nan-Live At S.C. - Kao Nekada/2002.0-Hus & Aki Vam Predstavljaju/2005.0-Koncentrat 1984. - 2005./2009.0-The Ultimate Collection/2015.0-Original Album Collection – Vol. 1/nan-Antologija
Parni Valjak,Parni Valjak,Idu Dani,2:20,,,Pokreni Se !,,,,,Drago Mlinarec,,,,,,,,,,,,,,,,,,,,,,nan-Pokreni Se !,nan-Pokreni Se !/2015.0-Original Album Collection – Vol. 1
Parni Valjak,Parni Valjak,Stojim Već Satima,2:00,,,Pokreni Se !,,,,,,,,,,,Neven Frangeš,,,,,,,,,,,,,,,,nan-Pokreni Se !,nan-Pokreni Se !/1986.0-Gledam Je Dok Spava / Stojim Već Satima/nan-E=MC²/nan-Live At S.C. - Kao Nekada/2015.0-Original Album Collection – Vol. 1/2015.0-Original Album Collection – Vol. 1
Parni Valjak,Parni Valjak,Malena,6:00,,,Pokreni Se !,,,,,,,,Dragan Čačinović - Čač,,,,Zoran Cvetković,,,,,,,,,,,,,,,nan-Pokreni Se !,nan-Pokreni Se !/nan-Live...Svih 15 Godina/2005.0-Koncentrat 1984. - 2005./2009.0-The Ultimate Collection/nan-The Best Of/2015.0-Original Album Collection – Vol. 1/2017.0-Live In Pula/nan-Antologija/nan-Greatest Hits Collection
Parni Valjak,Parni Valjak,Ugasi Me (Instrumental),,,,Ugasi Me,,,,,,,,,,,,,,,,,,,,,,,,,,,nan-Ugasi Me,nan-Ugasi Me
Parni Valjak,Parni Valjak,Hrast,3:09,,,Parni Valjak,,,,,,,,,,,,,,,,,,,,,,,,,,,nan-Parni Valjak,nan-Parni Valjak/nan-Godine Prolaze
Parni Valjak,Parni Valjak,Ma Ajde (Gledaj Stvari Mojim Očima),2:52,,,Parni Valjak,,,,,,,,,,,,,,,,,,,,,,,,,,,nan-Parni Valjak,nan-Parni Valjak
Parni Valjak,Parni Valjak,Hajdi Kaži Pošteno,4:02,,,Parni Valjak,,,,,,,,,,,,,,,,,,,,,,,,,,,nan-Parni Valjak,nan-Parni Valjak
Parni Valjak,Parni Valjak,Anja,,,,Anja / Nova Kola,,1987.0,,,,,,,,,,,,,,,,,,,,,,,,,1987.0-Anja / Nova Kola,1987.0-Anja / Nova Kola/nan-Anđeli Se Dosađuju?/nan-Live...Svih 15 Godina/nan-Pusti Nek Traje - Kolekcija Vol. 1/1997.0-Najveći Hitovi/2002.0-Hus & Aki Vam Predstavljaju/2005.0-Koncentrat 1984. - 2005./2015.0-Original Album Collection – Vol. 1
Parni Valjak,Parni Valjak,Nova Kola,,,,Anja / Nova Kola,,1987.0,,,,,,,,,,,,,,,,,,,,,,,,,1987.0-Anja / Nova Kola,1987.0-Anja / Nova Kola/nan-Anđeli Se Dosađuju?/2015.0-Original Album Collection – Vol. 1
Parni Valjak,Parni Valjak,Jesen Je U Meni,,,,Jesen Je U Meni / Anđeli Se Dosađuju,,,,,,,,,,,,,,,,,,,,,,,,,,,nan-Jesen Je U Meni / Anđeli Se Dosađuju,nan-Jesen Je U Meni / Anđeli Se Dosađuju
Parni Valjak,Parni Valjak,Anđeli Se Dosađuju,,,,Jesen Je U Meni / Anđeli Se Dosađuju,,,,,,,,,,,,,,,,,,,,,,,,,,,nan-Jesen Je U Meni / Anđeli Se Dosađuju,nan-Jesen Je U Meni / Anđeli Se Dosađuju/1988.0-Najveći Hitovi Uživo/nan-Live...Svih 15 Godina/1997.0-Najveći Hitovi/2002.0-Hus & Aki Vam Predstavljaju
Parni Valjak,Parni Valjak,Anđeli Se Dosađuju?,3:38,,,Anđeli Se Dosađuju?,,,,,,,,,,,,,,,,,,,,,,,,,,,nan-Anđeli Se Dosađuju?,nan-Anđeli Se Dosađuju?/2015.0-Original Album Collection – Vol. 1
Parni Valjak,Parni Valjak,Kada Me Dotakne,5:22,,,Anđeli Se Dosađuju?,,,,,,,,,,,,,,,,,,,,,,,,,,,nan-Anđeli Se Dosađuju?,nan-Anđeli Se Dosađuju?/1988.0-Najveći Hitovi Uživo/nan-Live...Svih 15 Godina/nan-Pusti Nek Traje - Kolekcija Vol. 1/1997.0-Najveći Hitovi/nan-Balade/2002.0-Hus & Aki Vam Predstavljaju/2005.0-Koncentrat 1984. - 2005./2009.0-The Ultimate Collection/nan-The Best Of/nan-Najljepše Ljubavne Pjesme/2013.0-Sound Of Amstel/2015.0-Original Album Collection – Vol. 1/nan-Antologija/nan-Greatest Hits Collection
Parni Valjak,Parni Valjak,Navigator,3:38,,,Anđeli Se Dosađuju?,,,,,,,,,,,,,,,,,,,,,,,,,,,nan-Anđeli Se Dosađuju?,nan-Anđeli Se Dosađuju?/2015.0-Original Album Collection – Vol. 1
Parni Valjak,Parni Valjak,Jesen U Meni,4:28,,,Anđeli Se Dosađuju?,,,,,,,,,,,,,,,,,,,,,,,,,,,nan-Anđeli Se Dosađuju?,"nan-Anđeli Se Dosađuju?/1988.0-Najveći Hitovi Uživo/1988.0-Najveći Hitovi Uživo/1990.0-Levi's Red Tab/nan-Live...Svih 15 Godina/nan-Pusti Nek Traje - Kolekcija Vol. 1/nan-Bez Struje - Live In ZeKaeM/1997.0-Najveći Hitovi/nan-Balade/nan-Live At S.C. - Kao Nekada/2002.0-25 godina (Live - Zagreb, Dom sportova 2. XII 2000.)/2002.0-Hus & Aki Vam Predstavljaju/2005.0-Koncentrat 1984. - 2005./2009.0-The Ultimate Collection/nan-The Best Of/nan-Najljepše Ljubavne Pjesme/2015.0-Original Album Collection – Vol. 1/2015.0-Original Album Collection – Vol. 2/nan-Antologija/nan-Greatest Hits Collection"
Parni Valjak,Parni Valjak,Zagreb Ima Isti Pozivni,3:48,,,Anđeli Se Dosađuju?,,,,,,,,,,,,,,,,,,,,,,,,,,,nan-Anđeli Se Dosađuju?,"nan-Anđeli Se Dosađuju?/1988.0-Najveći Hitovi Uživo/nan-Live...Svih 15 Godina/nan-Pusti Nek Traje - Kolekcija Vol. 1/1997.0-Najveći Hitovi/2002.0-25 godina (Live - Zagreb, Dom sportova 2. XII 2000.)/2002.0-Hus & Aki Vam Predstavljaju/2005.0-Koncentrat 1984. - 2005./2009.0-The Ultimate Collection/2015.0-Original Album Collection – Vol. 1/nan-Antologija"
Parni Valjak,Parni Valjak,Tvoji Koraci,4:26,,,Anđeli Se Dosađuju?,,,,,,,,,,,,,,,,,,,,,,,,,,,nan-Anđeli Se Dosađuju?,nan-Anđeli Se Dosađuju?/2015.0-Original Album Collection – Vol. 1
Parni Valjak,Parni Valjak,Moja Je Pjesma Lagana,4:15,,,Moja Je Pjesma Lagana / Uvijek Kad Ostanem Sam,Husein Hasanefendić,1988.0,,,,,,,,,,,,,,,,,,,,,,,,,1988.0-Moja Je Pjesma Lagana / Uvijek Kad Ostanem Sam,"1988.0-Moja Je Pjesma Lagana / Uvijek Kad Ostanem Sam/nan-Sjaj U Očima/1990.0-Levi's Red Tab/nan-Pusti Nek Traje - Kolekcija Vol. 1/nan-Bez Struje - Live In ZeKaeM/1997.0-Najveći Hitovi/nan-Balade/2002.0-25 godina (Live - Zagreb, Dom sportova 2. XII 2000.)/2002.0-Hus & Aki Vam Predstavljaju/2005.0-Koncentrat 1984. - 2005./2009.0-The Ultimate Collection/nan-The Best Of/nan-Najljepše Ljubavne Pjesme/2015.0-Original Album Collection – Vol. 1/2015.0-Original Album Collection – Vol. 2/nan-Antologija/nan-Greatest Hits Collection"
Parni Valjak,Parni Valjak,Uvijek Kad Ostanem Sam,3:25,Drago Mlinarec,Drago Mlinarec,Moja Je Pjesma Lagana / Uvijek Kad Ostanem Sam,,1988.0,,Husein Hasanefendić,,,,,,,,,,,,,,,,,,,,,,,1988.0-Moja Je Pjesma Lagana / Uvijek Kad Ostanem Sam,1988.0-Moja Je Pjesma Lagana / Uvijek Kad Ostanem Sam/nan-Sjaj U Očima/nan-Live At S.C. - Kao Nekada/2015.0-Original Album Collection – Vol. 1
Parni Valjak,Parni Valjak,Prokleta Nedjelja (Što Je Iza Oblaka),4:12,,,Sjaj U Očima,,,,,,,,,,,,,,,,,,,,,,,,,,,nan-Sjaj U Očima,nan-Sjaj U Očima/2005.0-Koncentrat 1984. - 2005./2009.0-The Ultimate Collection/nan-Najljepše Ljubavne Pjesme/2015.0-Original Album Collection – Vol. 1/nan-Antologija/nan-Greatest Hits Collection
Parni Valjak,Parni Valjak,Sjaj U Očima,5:20,,,Sjaj U Očima,,,,,,,,,,,,,,,,,,,,,,,,,,,nan-Sjaj U Očima,"nan-Sjaj U Očima/nan-Pusti Nek Traje - Kolekcija Vol. 1/nan-Bez Struje - Live In ZeKaeM/1997.0-Najveći Hitovi/nan-Balade/2002.0-25 godina (Live - Zagreb, Dom sportova 2. XII 2000.)/2002.0-Hus & Aki Vam Predstavljaju/2005.0-Koncentrat 1984. - 2005./2009.0-The Ultimate Collection/nan-The Best Of/2015.0-Original Album Collection – Vol. 1/2015.0-Original Album Collection – Vol. 2"
Parni Valjak,Parni Valjak,"Ne, Ne, Ne!",3:47,,,Sjaj U Očima,,,,,,,,,,,,,,,,,,,,,,,,,,,nan-Sjaj U Očima,nan-Sjaj U Očima/2015.0-Original Album Collection – Vol. 1
Parni Valjak,Parni Valjak,Nije Pomoglo,3:56,,,Sjaj U Očima,,,,,,,,,,,,,,,,,,,,,,,,,,,nan-Sjaj U Očima,nan-Sjaj U Očima/1989.0-Prokleta Nedjelja / Nije Pomoglo/nan-Live At S.C. - Kao Nekada/2015.0-Original Album Collection – Vol. 1
Parni Valjak,Parni Valjak,Odlazim,4:37,,,Sjaj U Očima,,,,,,,,,,,,,,,,,,,,,,,,,,,nan-Sjaj U Očima,nan-Sjaj U Očima/2015.0-Original Album Collection – Vol. 1
Parni Valjak,Parni Valjak,Možda Sutra Neće Doći,5:50,,,Sjaj U Očima,,,,,,,,,,,,,,,,,,,,,,,,,,,nan-Sjaj U Očima,nan-Sjaj U Očima/2015.0-Original Album Collection – Vol. 1
Parni Valjak,Parni Valjak,"""Ovce""",3:43,,,Sjaj U Očima,,,,,,,,,,,,,,,,,,,,,,,,,,,nan-Sjaj U Očima,nan-Sjaj U Očima
Parni Valjak,Parni Valjak,Prokleta Nedjelja,4:12,,,Prokleta Nedjelja / Nije Pomoglo,,1989.0,,,,,,,,,,,,,,,,,,,,,,,,,1989.0-Prokleta Nedjelja / Nije Pomoglo,1989.0-Prokleta Nedjelja / Nije Pomoglo/nan-ZG Rock Forces Live!/1990.0-Levi's Red Tab/nan-Live...Svih 15 Godina/nan-Pusti Nek Traje - Kolekcija Vol. 1/nan-Bez Struje - Live In ZeKaeM/1997.0-Najveći Hitovi/nan-Balade/2002.0-Hus & Aki Vam Predstavljaju/2015.0-Original Album Collection – Vol. 2
Parni Valjak,Parni Valjak,Kad Sam Imao 16,5:38,,Smiljan Paradiš,ZG Rock Forces Live!,,,,Ivan Piko Stančić,,,,,,,,,,,,,,,,,,,,,,,nan-ZG Rock Forces Live!,nan-ZG Rock Forces Live!
Parni Valjak,Parni Valjak,Ona Vrišti Da Voli Me,2:52,,Aleksandar Radulović - Futa,ZG Rock Forces Live!,,,,Aleksandar Radulović - Futa,,,,,,,,,,,,,,,,,,,,,,,nan-ZG Rock Forces Live!,nan-ZG Rock Forces Live!
Parni Valjak,Parni Valjak,Zauvijek!,2:40,,,ZG Rock Forces Live!,,,,,,,,,,,,,,,,,,,,,,,,,,,nan-ZG Rock Forces Live!,nan-ZG Rock Forces Live!
Parni Valjak,Parni Valjak,Nebo,3:25,,,ZG Rock Forces Live!,,,,,,,,,,,,,,,,,,,,,,,,,,,nan-ZG Rock Forces Live!,nan-ZG Rock Forces Live!
Parni Valjak,Parni Valjak,Ja Volim Samo Sebe,3:42,,,ZG Rock Forces Live!,,,,,,,,,,,,,,,,,,,,,,,,,,,nan-ZG Rock Forces Live!,nan-ZG Rock Forces Live!
Parni Valjak,Parni Valjak,Ramona,3:20,,,ZG Rock Forces Live!,,,,,,,,,,,,,,,,,,,,,,,,,,,nan-ZG Rock Forces Live!,nan-ZG Rock Forces Live!
Parni Valjak,Parni Valjak,Srce Na Cesti,3:45,,,ZG Rock Forces Live!,,,,,,,,,,,,,,,,,,,,,,,,,,,nan-ZG Rock Forces Live!,nan-ZG Rock Forces Live!
Parni Valjak,Parni Valjak,Zamisli Život U Ritmu Muzike Za Ples,3:25,,,ZG Rock Forces Live!,,,,,,,,,,,,,,,,,,,,,,,,,,,nan-ZG Rock Forces Live!,nan-ZG Rock Forces Live!
Parni Valjak,Parni Valjak,Sječam Se Prvog Poljupca,5:20,,,ZG Rock Forces Live!,,,,,,,,,,,,,,,,,,,,,,,,,,,nan-ZG Rock Forces Live!,nan-ZG Rock Forces Live!
Parni Valjak,Parni Valjak,Valovi (67-77-87),3:43,,,ZG Rock Forces Live!,,,,,,,,,,,,,,,,,,,,,,,,,,,nan-ZG Rock Forces Live!,nan-ZG Rock Forces Live!
Parni Valjak,Parni Valjak,Pjevajmo Do Zore,4:40,,,ZG Rock Forces Live!,,,,,,,,,,,,,,,,,,,,,,,,,,,nan-ZG Rock Forces Live!,nan-ZG Rock Forces Live!
Parni Valjak,Parni Valjak,Mi Plešemo,6:15,,,ZG Rock Forces Live!,,,,,,,,,,,,,,,,,,,,,,,,,,,nan-ZG Rock Forces Live!,nan-ZG Rock Forces Live!
Parni Valjak,Parni Valjak,Ne Zovi Mama Doktora,3:20,,,ZG Rock Forces Live!,,,,,,,,,,,,,,,,,,,,,,,,,,,nan-ZG Rock Forces Live!,nan-ZG Rock Forces Live!
Parni Valjak,Parni Valjak,Slaži Mi,4:54,,,ZG Rock Forces Live!,,,,,,,,,,,,,,,,,,,,,,,,,,,nan-ZG Rock Forces Live!,nan-ZG Rock Forces Live!
Parni Valjak,Parni Valjak,Ma Kog' Me Boga Za Tebe Pitaju,4:22,,,ZG Rock Forces Live!,,,,,,,,,,,,,,,,,,,,,,,,,,,nan-ZG Rock Forces Live!,nan-ZG Rock Forces Live!
Parni Valjak,Parni Valjak,041,4:27,,,ZG Rock Forces Live!,,,,,,,,,,,,,,,,,,,,,,,,,,,nan-ZG Rock Forces Live!,nan-ZG Rock Forces Live!
Parni Valjak,Parni Valjak,Pusti Nek Traje,3:32,,,ZG Rock Forces Live!,,,,,,,,,,,,,,,,,,,,,,,,,,,nan-ZG Rock Forces Live!,nan-ZG Rock Forces Live!/1990.0-Levi's Red Tab/1997.0-Najveći Hitovi
Parni Valjak,Parni Valjak,Pariz,,,,Levi's Red Tab,,1990.0,,,,,,,,,,,,,,,,,,,,,,,,,1990.0-Levi's Red Tab,1990.0-Levi's Red Tab/1990.0-Suzama Se Vatre Ne Gase / Pariz/nan-Lovci Snova/nan-Live...Svih 15 Godina/nan-Pusti Nek Traje - Kolekcija Vol. 1/2005.0-Koncentrat 1984. - 2005./2009.0-The Ultimate Collection/nan-Najljepše Ljubavne Pjesme/2015.0-Original Album Collection – Vol. 2/2017.0-Live In Pula
Parni Valjak,Parni Valjak,Samo San,,,,Levi's Red Tab,,1990.0,,,,,,,,,,,,,,,,,,,,,,,,,1990.0-Levi's Red Tab,1990.0-Levi's Red Tab/nan-Lovci Snova/nan-Live...Svih 15 Godina/nan-Pusti Nek Traje - Kolekcija Vol. 1/nan-Balade/2015.0-Original Album Collection – Vol. 2
Parni Valjak,Parni Valjak,Suzama Se Vatre Ne Gase,4:48,,,Suzama Se Vatre Ne Gase / Pariz,,1990.0,,,,,,,,,,,,,,,,,,,,,,,,,1990.0-Suzama Se Vatre Ne Gase / Pariz,"1990.0-Suzama Se Vatre Ne Gase / Pariz/nan-Lovci Snova/nan-Pusti Nek Traje - Kolekcija Vol. 1/2002.0-25 godina (Live - Zagreb, Dom sportova 2. XII 2000.)/2002.0-Hus & Aki Vam Predstavljaju/2005.0-Koncentrat 1984. - 2005./2009.0-The Ultimate Collection/nan-The Best Of/2015.0-Original Album Collection – Vol. 2"
Parni Valjak,Parni Valjak,Godine Prolaze,4:30,,,Godine Prolaze / Metar Iznad Dna,,1990.0,,,,,,,,,,,,,,,,,,,,,,,,,1990.0-Godine Prolaze / Metar Iznad Dna,1990.0-Godine Prolaze / Metar Iznad Dna/nan-Lovci Snova/nan-Live...Svih 15 Godina/nan-Pusti Nek Traje - Kolekcija Vol. 1/1997.0-Najveći Hitovi/nan-Balade/2005.0-Koncentrat 1984. - 2005./2015.0-Original Album Collection – Vol. 2/nan-Antologija
Parni Valjak,Parni Valjak,Metar Iznad Dna,4:10,,,Godine Prolaze / Metar Iznad Dna,,1990.0,,,,,,,,,,,,,,,,,,,,,,,,,1990.0-Godine Prolaze / Metar Iznad Dna,1990.0-Godine Prolaze / Metar Iznad Dna/nan-Lovci Snova/nan-Live...Svih 15 Godina/2015.0-Original Album Collection – Vol. 2/nan-Antologija
Parni Valjak,Parni Valjak,Vrijeme Ljubavi,4:47,,,Vrijeme Ljubavi / Na Pola Puta,,1990.0,,,,,,,,,,,,,,,,,,,,,,,,,1990.0-Vrijeme Ljubavi / Na Pola Puta,1990.0-Vrijeme Ljubavi / Na Pola Puta/nan-Lovci Snova/nan-Live...Svih 15 Godina/nan-Bez Struje - Live In ZeKaeM/2005.0-Koncentrat 1984. - 2005./2009.0-The Ultimate Collection/nan-The Best Of/nan-Najljepše Ljubavne Pjesme/2013.0-Sound Of Amstel/2015.0-Original Album Collection – Vol. 2/2015.0-Original Album Collection – Vol. 2/nan-Antologija
Parni Valjak,Parni Valjak,Na Pola Puta,4:37,,,Vrijeme Ljubavi / Na Pola Puta,,1990.0,,,,,,,,,,,,,,,,,,,,,,,,,1990.0-Vrijeme Ljubavi / Na Pola Puta,1990.0-Vrijeme Ljubavi / Na Pola Puta/nan-Lovci Snova/nan-Live...Svih 15 Godina/2015.0-Original Album Collection – Vol. 2
Parni Valjak,Parni Valjak,Ima Dana,4:30,,,Lovci Snova,,,,,,,,,,,,,,,,,,,,,,,,,,,nan-Lovci Snova,nan-Lovci Snova/nan-Live...Svih 15 Godina/2015.0-Original Album Collection – Vol. 2
Parni Valjak,Parni Valjak,U Prolazu,4:00,,,Lovci Snova,,,,,,,,,,,,,,,,,,,,,,,,,,,nan-Lovci Snova,"nan-Lovci Snova/nan-Live...Svih 15 Godina/nan-Bez Struje - Live In ZeKaeM/1997.0-Najveći Hitovi/2002.0-25 godina (Live - Zagreb, Dom sportova 2. XII 2000.)/2005.0-Koncentrat 1984. - 2005./2009.0-The Ultimate Collection/nan-The Best Of/2015.0-Original Album Collection – Vol. 2/2015.0-Original Album Collection – Vol. 2/nan-Antologija"
Parni Valjak,Parni Valjak,Vruće Igre - Javi Se - Prokleto Mlada,,,,Live...Svih 15 Godina,,,,,,,,,,,,,,,,,,,,,,,,,,,nan-Live...Svih 15 Godina,nan-Live...Svih 15 Godina
Parni Valjak,Parni Valjak,Ma 'Ajde,,,,Live...Svih 15 Godina,,,,,,,,,,,,,,,,,,,,,,,,,,,nan-Live...Svih 15 Godina,nan-Live...Svih 15 Godina
Parni Valjak,Parni Valjak,Sve Još Miriše Na Nju,4:04,,,Sve Još Miriše Na Nju,,1993.0,,,,,,,,,,,,,,,,,,,,,,,,,1993.0-Sve Još Miriše Na Nju,"1993.0-Sve Još Miriše Na Nju/nan-Buđenje/nan-Bez Struje - Live In ZeKaeM/1997.0-Najveći Hitovi/nan-Live At S.C. - Kao Nekada/2002.0-25 godina (Live - Zagreb, Dom sportova 2. XII 2000.)/2005.0-Koncentrat 1984. - 2005./2009.0-The Ultimate Collection/nan-The Best Of/nan-Najljepše Ljubavne Pjesme/2013.0-Sound Of Amstel/2015.0-Original Album Collection – Vol. 2/2015.0-Original Album Collection – Vol. 2/nan-Antologija/nan-Greatest Hits Collection"
Parni Valjak,Parni Valjak,Nemirno More,5:56,,,Sve Još Miriše Na Nju,,1993.0,,,,,,,,,,,,,,,,,,,,,,,,,1993.0-Sve Još Miriše Na Nju,1993.0-Sve Još Miriše Na Nju/nan-Buđenje/nan-Live At S.C. - Kao Nekada/nan-Live At S.C. - Kao Nekada/2009.0-The Ultimate Collection/nan-Najljepše Ljubavne Pjesme/2015.0-Original Album Collection – Vol. 2/nan-Antologija
Parni Valjak,Parni Valjak,Ljubavna,4:04,,,Buđenje,,,,,,,,,,,,,,,,,,,,,,,,,,,nan-Buđenje,"nan-Buđenje/nan-Bez Struje - Live In ZeKaeM/1997.0-Najveći Hitovi/2002.0-25 godina (Live - Zagreb, Dom sportova 2. XII 2000.)/2005.0-Koncentrat 1984. - 2005./2009.0-The Ultimate Collection/nan-Najljepše Ljubavne Pjesme/2011.0-Beogradska arena 16. i 17.10.2010. - UŽIVO/2013.0-Sound Of Amstel/2015.0-Original Album Collection – Vol. 2/2015.0-Original Album Collection – Vol. 2/nan-Antologija/nan-Greatest Hits Collection/2020.0-Ljubavna #ostanidoma"
Parni Valjak,Parni Valjak,Kemija,4:45,,,Buđenje,,,,,,,,,,,,,,,,,,,,,,,,,,,nan-Buđenje,nan-Buđenje/2015.0-Original Album Collection – Vol. 2
Parni Valjak,Parni Valjak,Ivana,3:40,,,Buđenje,,,,,,,,,,,,,,,,,,,,,,,,,,,nan-Buđenje,nan-Buđenje/nan-Bez Struje - Live In ZeKaeM/2005.0-Koncentrat 1984. - 2005./2009.0-The Ultimate Collection/nan-The Best Of/nan-Najljepše Ljubavne Pjesme/2011.0-Beogradska arena 16. i 17.10.2010. - UŽIVO/2015.0-Original Album Collection – Vol. 2/2015.0-Original Album Collection – Vol. 2/2017.0-Live In Pula/nan-Antologija
Parni Valjak,Parni Valjak,Čitaj Mi Sa Usana,3:42,Husein Hasanefendić,Marijan Brkić,Buđenje,,,,,,,,,,,,,,,,,,,,,,,,,,,nan-Buđenje,nan-Buđenje/2015.0-Original Album Collection – Vol. 2/nan-Antologija
Parni Valjak,Parni Valjak,Povratak Ratnika,4:54,,,Buđenje,,,,,,,,,,,,,,,,,,,,,,,,,,,nan-Buđenje,nan-Buđenje/nan-Bez Struje - Live In ZeKaeM/nan-Najljepše Ljubavne Pjesme/2015.0-Original Album Collection – Vol. 2/2015.0-Original Album Collection – Vol. 2/nan-Antologija
Parni Valjak,Parni Valjak,Dođi...,5:00,Marin Ribarić,Marijan Brkić,Buđenje,,,,,,,,,,,,,,,,,,,,,,,,,,,nan-Buđenje,nan-Buđenje/2015.0-Original Album Collection – Vol. 2
Parni Valjak,Parni Valjak,Otok,4:04,,,Buđenje,,,,,,,,,,,,,,,,,,,,,,,,,,,nan-Buđenje,nan-Buđenje/2015.0-Original Album Collection – Vol. 2
Parni Valjak,Parni Valjak,Molitva,5:02,,,Buđenje,,,,,,,,,,,,,,,,,,,,,,,,,,,nan-Buđenje,"nan-Buđenje/2002.0-25 godina (Live - Zagreb, Dom sportova 2. XII 2000.)/2005.0-Koncentrat 1984. - 2005./2009.0-The Ultimate Collection/2011.0-Beogradska arena 16. i 17.10.2010. - UŽIVO/2015.0-Original Album Collection – Vol. 2/nan-Antologija/nan-Greatest Hits Collection"
Parni Valjak,Parni Valjak,Kad Me Dotakne,4:02,,,Bez Struje - Live In ZeKaeM,,,,,,,,,,,,,,,,,,,,,,,,,,,nan-Bez Struje - Live In ZeKaeM,nan-Bez Struje - Live In ZeKaeM/2015.0-Original Album Collection – Vol. 2
Parni Valjak,Parni Valjak,Dođi,5:15,Marijan Brkić,Marijan Brkić,Bez Struje - Live In ZeKaeM,,,,,,,,,,,,,,,,,,,,,,,,,,,nan-Bez Struje - Live In ZeKaeM,"nan-Bez Struje - Live In ZeKaeM/2002.0-25 godina (Live - Zagreb, Dom sportova 2. XII 2000.)/2005.0-Koncentrat 1984. - 2005./2009.0-The Ultimate Collection/nan-Najljepše Ljubavne Pjesme/2011.0-Beogradska arena 16. i 17.10.2010. - UŽIVO/2013.0-Sound Of Amstel/2015.0-Original Album Collection – Vol. 2/2017.0-Live In Pula/nan-Antologija/nan-Greatest Hits Collection"
Parni Valjak,Parni Valjak,Kaži Ja (Boje Jeseni),,,,Kaži Ja (Boje Jeseni),,1997.0,,,,,,,,,,,,,,,,,,,,,,,,,1997.0-Kaži Ja (Boje Jeseni),1997.0-Kaži Ja (Boje Jeseni)
Parni Valjak,Parni Valjak,Sai-Baba Blues,,,,Kaži Ja (Boje Jeseni),,1997.0,,,,,,,,,,,,,,,,,,,,,,,,,1997.0-Kaži Ja (Boje Jeseni),1997.0-Kaži Ja (Boje Jeseni)
Parni Valjak,Parni Valjak,Kaži Ja (Boje Jeseni) Nv - Zagreb Pepsi Max-mix,,,,Kaži Ja (Boje Jeseni),,1997.0,,,,,,,,,,,,,,,,,,,,,,,,,1997.0-Kaži Ja (Boje Jeseni),1997.0-Kaži Ja (Boje Jeseni)
Parni Valjak,Parni Valjak,Autoput,5:15,,,Samo Snovi Teku Uzvodno,,,,,,,,,,,,,,,,,,,,,,,,,,,nan-Samo Snovi Teku Uzvodno,nan-Samo Snovi Teku Uzvodno/2015.0-Original Album Collection – Vol. 2
Parni Valjak,Parni Valjak,Sai Baba Blues,4:52,,,Samo Snovi Teku Uzvodno,,,,,,,,,,,,,,,,,,,,,,,,,,,nan-Samo Snovi Teku Uzvodno,nan-Samo Snovi Teku Uzvodno/2015.0-Original Album Collection – Vol. 2/nan-Antologija
Parni Valjak,Parni Valjak,Depra,3:36,,,Samo Snovi Teku Uzvodno,,,,,,,,,,,,,Igor Geržina,Nenad Grahovac,Josip Grah,,,,,,,,,,,,nan-Samo Snovi Teku Uzvodno,nan-Samo Snovi Teku Uzvodno/2015.0-Original Album Collection – Vol. 2/nan-Antologija
Parni Valjak,Parni Valjak,Oba Lica Ljubavi,3:45,,,Samo Snovi Teku Uzvodno,,,,,,,,,,,,,,,,,,,,,,,,,,,nan-Samo Snovi Teku Uzvodno,nan-Samo Snovi Teku Uzvodno/2005.0-Koncentrat 1984. - 2005./2009.0-The Ultimate Collection/2015.0-Original Album Collection – Vol. 2/nan-Antologija
Parni Valjak,Parni Valjak,... A Gdje Je Ljubav,5:20,,,Samo Snovi Teku Uzvodno,,,,,,,,,,,,,,,,Simfonijski Orkestar HRT-a,Zdravko Šljivac,Zdravko Šljivac,,,,,,,,,nan-Samo Snovi Teku Uzvodno,nan-Samo Snovi Teku Uzvodno
Parni Valjak,Parni Valjak,Maloj Ptici S Juga,2:00,,,Samo Snovi Teku Uzvodno,,,,,,,,,,,,,,,,,,,,,,,,,,,nan-Samo Snovi Teku Uzvodno,nan-Samo Snovi Teku Uzvodno/2015.0-Original Album Collection – Vol. 2
Parni Valjak,Parni Valjak,Kaži Ja!,5:12,,,Samo Snovi Teku Uzvodno,,,,,,,,,,,,,,,,,,,,,,,,,,,nan-Samo Snovi Teku Uzvodno,nan-Samo Snovi Teku Uzvodno/2015.0-Original Album Collection – Vol. 2/nan-Antologija
Parni Valjak,Parni Valjak,To Ni Političan Song,4:20,,,Samo Snovi Teku Uzvodno,Vlado Kreslin,,,,Vlado Kreslin,,,,,,,,,,,,,,,,,,,,,,nan-Samo Snovi Teku Uzvodno,nan-Samo Snovi Teku Uzvodno/2015.0-Original Album Collection – Vol. 2
Parni Valjak,Parni Valjak,Ja Još Čekam,4:15,Husein Hasanefendić,Marijan Brkić,Samo Snovi Teku Uzvodno,,,,,,,,,,,,,,,,,,,,,,,,,,,nan-Samo Snovi Teku Uzvodno,nan-Samo Snovi Teku Uzvodno/2015.0-Original Album Collection – Vol. 2
Parni Valjak,Parni Valjak,Ostavljam Trag,3:00,,,Samo Snovi Teku Uzvodno,,,,,,,,,,,,,,,,,,,,,,,,,,,nan-Samo Snovi Teku Uzvodno,nan-Samo Snovi Teku Uzvodno/2015.0-Original Album Collection – Vol. 2/nan-Antologija
Parni Valjak,Parni Valjak,Dok Je Tebe,5:07,,,Samo Snovi Teku Uzvodno,,,,,Kristina Kresnik,,,,,,,,,,,,,,Neven Frangeš,,,,,,,,nan-Samo Snovi Teku Uzvodno,"nan-Samo Snovi Teku Uzvodno/nan-Live At S.C. - Kao Nekada/2002.0-25 godina (Live - Zagreb, Dom sportova 2. XII 2000.)/2005.0-Koncentrat 1984. - 2005./2009.0-The Ultimate Collection/nan-Najljepše Ljubavne Pjesme/2015.0-Original Album Collection – Vol. 2/nan-Antologija"
Parni Valjak,Parni Valjak,Samo Snovi Teku Uzvodno,5:30,,,Samo Snovi Teku Uzvodno,,,,,,,,,,,Neven Frangeš,,,,,,,,,,,,,,,,nan-Samo Snovi Teku Uzvodno,nan-Samo Snovi Teku Uzvodno/2015.0-Original Album Collection – Vol. 2
Parni Valjak,Parni Valjak,Kada Noć Umješa Prste U Grad,3:22,,,Godine Prolaze,,,,,,,,,,,,,,,,,,,,,,,,,,,nan-Godine Prolaze,nan-Godine Prolaze
Parni Valjak,Parni Valjak,Jablane,2:10,,,Godine Prolaze,,,,,,,,,,,,,,,,,,,,,,,,,,,nan-Godine Prolaze,nan-Godine Prolaze
Parni Valjak,Parni Valjak,Mir Na Jastuku,,,,Tuborg,,2000.0,,,,,,,,,,,Igor Geržina,,Josip Grah,,,,,Marijan Brkić,,,,,,,2000.0-Tuborg,2000.0-Tuborg/nan-Live At S.C. - Kao Nekada/2005.0-Koncentrat 1984. - 2005.
Parni Valjak,Parni Valjak,Dosta (Live),,,,Tuborg,,2000.0,,,,,,,,,,,,,,,,,,,,,,,,,2000.0-Tuborg,2000.0-Tuborg
Parni Valjak,Parni Valjak,Zapjevaj,,,,Tuborg,,2000.0,,,,,,,,,,,,,,,,,,,,,,,,,2000.0-Tuborg,2000.0-Tuborg/nan-Zastave/nan-Live At S.C. - Kao Nekada/2015.0-Original Album Collection – Vol. 2
Parni Valjak,Parni Valjak,[Srcekrad],4:14,,,[Srcekrad],,2000.0,,,,,,,,,,,,,,,,,,,,,,,,,2000.0-[Srcekrad],2000.0-[Srcekrad]/2000.0-[Srcekrad]
Parni Valjak,Parni Valjak,Dosta,3:45,,,Zastave,,,,,,,,,,,,,,,,,,,,,,,,,,,nan-Zastave,"nan-Zastave/2002.0-25 godina (Live - Zagreb, Dom sportova 2. XII 2000.)/2015.0-Original Album Collection – Vol. 2"
Parni Valjak,Parni Valjak,Mijenjam Se,4:25,,,Zastave,,,,,,,,,,,,,,,,,,,,,,,,,,,nan-Zastave,"nan-Zastave/2002.0-25 godina (Live - Zagreb, Dom sportova 2. XII 2000.)/2005.0-Koncentrat 1984. - 2005./2009.0-The Ultimate Collection/2015.0-Original Album Collection – Vol. 2/nan-Antologija"
Parni Valjak,Parni Valjak,Zastave,5:06,,,Zastave,,,,,,,,,,,,,,,,,,,,,,,,,,,nan-Zastave,"nan-Zastave/nan-Live At S.C. - Kao Nekada/2002.0-25 godina (Live - Zagreb, Dom sportova 2. XII 2000.)/2005.0-Koncentrat 1984. - 2005./2009.0-The Ultimate Collection/nan-The Best Of/2011.0-Beogradska arena 16. i 17.10.2010. - UŽIVO/2015.0-Original Album Collection – Vol. 2/2017.0-Live In Pula/nan-Antologija/nan-Greatest Hits Collection"
Parni Valjak,Parni Valjak,Sanjam,5:08,,,Zastave,,,,,Husein Hasanefendić,,,,,,,,,,,,,,,,,,,,,,nan-Zastave,nan-Zastave/2015.0-Original Album Collection – Vol. 2/nan-Antologija
Parni Valjak,Parni Valjak,Romansa (Sada Bih Drugačije),4:19,,,Zastave,,,,,,,,,,,,,,,,,,,,,,,,,,,nan-Zastave,nan-Zastave
Parni Valjak,Parni Valjak,Mala Laž,5:15,Meri Trošelj,Marijan Brkić,Zastave,,,,,,,,,,,,,,,,,,,,,Damir Šomen,,,,,,nan-Zastave,nan-Zastave/2015.0-Original Album Collection – Vol. 2
Parni Valjak,Parni Valjak,Lutrija,5:36,,,Zastave,,,,,,,,,,,,,,,,,,,,,,,,,,,nan-Zastave,nan-Zastave/2015.0-Original Album Collection – Vol. 2
Parni Valjak,Parni Valjak,Kada Kola Krenu Nizbrdo,4:45,,,Zastave,,,,,,,,,,Hrvoje Rupčić,,,,Nenad Grahovac,,,,,,,,,,,,,nan-Zastave,nan-Zastave/2005.0-Koncentrat 1984. - 2005./2009.0-The Ultimate Collection/2015.0-Original Album Collection – Vol. 2/nan-Antologija
Parni Valjak,Parni Valjak,U Ljubav Vjerujem,4:00,,,Zastave,,,,,,,,,,Hrvoje Rupčić,,,,,,,,,,,,Neven Frangeš,,,,,nan-Zastave,"nan-Zastave/nan-Live At S.C. - Kao Nekada/2002.0-25 godina (Live - Zagreb, Dom sportova 2. XII 2000.)/2005.0-Koncentrat 1984. - 2005./2009.0-The Ultimate Collection/nan-Najljepše Ljubavne Pjesme/2015.0-Original Album Collection – Vol. 2/nan-Antologija/nan-Greatest Hits Collection"
Parni Valjak,Parni Valjak,Srcekrad,4:08,,,Live At S.C. - Kao Nekada,,,,,Kristina Kresnik,,,,,,,,,,,,,,,,,,,,,,nan-Live At S.C. - Kao Nekada,nan-Live At S.C. - Kao Nekada
Parni Valjak,Parni Valjak,Kada Kola Krenu...,5:27,,,Live At S.C. - Kao Nekada,,,,,,,,,,,,,,,,,,,,,,,,,,,nan-Live At S.C. - Kao Nekada,nan-Live At S.C. - Kao Nekada
Parni Valjak,Parni Valjak,700 Milja,5:07,,,Live At S.C. - Kao Nekada,,,,,,,,,,,,,,,,,,,,,,,,,,,nan-Live At S.C. - Kao Nekada,nan-Live At S.C. - Kao Nekada
Parni Valjak,Parni Valjak,Maloj Ptici,2:39,,,Live At S.C. - Kao Nekada,,,,,,,,,,,,,,,,,,,,,,,,,,,nan-Live At S.C. - Kao Nekada,nan-Live At S.C. - Kao Nekada
Parni Valjak,Parni Valjak,Zagreb...,4:50,,,Live At S.C. - Kao Nekada,,,,,,,,,,,,,,,,,,,,,,,,,,,nan-Live At S.C. - Kao Nekada,nan-Live At S.C. - Kao Nekada
Parni Valjak,Parni Valjak,A Gdje Je Ljubav,5:51,,,"25 godina (Live - Zagreb, Dom sportova 2. XII 2000.)",,2002.0,,,,,,,,,,,,,,,,,,,,,,,,,"2002.0-25 godina (Live - Zagreb, Dom sportova 2. XII 2000.)","2002.0-25 godina (Live - Zagreb, Dom sportova 2. XII 2000.)"
Parni Valjak,Parni Valjak,Tko Nam Brani,5:06,,,Tko Nam Brani / Dok Si Pored Mene,,2002.0,,,,,,,,,,,,,,,,,,,,,,,,,2002.0-Tko Nam Brani / Dok Si Pored Mene,2002.0-Tko Nam Brani / Dok Si Pored Mene
Parni Valjak,Parni Valjak,Dok Si Pored Mene,4:18,,,Tko Nam Brani / Dok Si Pored Mene,,2002.0,,,,,,,,,,,,,,,,,,,,,,,,,2002.0-Tko Nam Brani / Dok Si Pored Mene,2002.0-Tko Nam Brani / Dok Si Pored Mene/nan-Pretežno Sunčano?/2005.0-Koncentrat 1984. - 2005./2009.0-The Ultimate Collection/2015.0-Original Album Collection – Vol. 2
Parni Valjak,Parni Valjak,Ostani S' Njim,4:20,,,Hus & Aki Vam Predstavljaju,,2002.0,,,,,,,,,,,,,,,,,,,,,,,,,2002.0-Hus & Aki Vam Predstavljaju,2002.0-Hus & Aki Vam Predstavljaju
Parni Valjak,Parni Valjak,Petak,,,,Petak,Husein Hasanefendić,2004.0,,,,,,,,,,,,,,,,,,,,,,,,,2004.0-Petak,2004.0-Petak/nan-Pretežno Sunčano?/2005.0-Koncentrat 1984. - 2005./2015.0-Original Album Collection – Vol. 2
Parni Valjak,Parni Valjak,Horoskop,4:20,,,Pretežno Sunčano?,,,,,,,,,,,,,,,,,,,,,,,,,,,nan-Pretežno Sunčano?,nan-Pretežno Sunčano?/2015.0-Original Album Collection – Vol. 2
Parni Valjak,Parni Valjak,Prazno Tijelo,4:06,,,Pretežno Sunčano?,,,,,,,,,,,,,,,,,,,,,,,,,,,nan-Pretežno Sunčano?,nan-Pretežno Sunčano?/2005.0-Prazno Tijelo/2015.0-Original Album Collection – Vol. 2/nan-Antologija
Parni Valjak,Parni Valjak,Sunčanom Stranom,4:04,,,Pretežno Sunčano?,,,,,,,,,,,,,,,,,,,,,,,,,,,nan-Pretežno Sunčano?,nan-Pretežno Sunčano?/2005.0-Koncentrat 1984. - 2005./2009.0-The Ultimate Collection/2015.0-Original Album Collection – Vol. 2/nan-Antologija
Parni Valjak,Parni Valjak,Poljubac Je Dobar...,4:11,,,Pretežno Sunčano?,,,,,,,,,,,,,,,,,,,,,,,,,,,nan-Pretežno Sunčano?,nan-Pretežno Sunčano?/2015.0-Original Album Collection – Vol. 2
Parni Valjak,Parni Valjak,Jesen Preskačem,4:02,,,Pretežno Sunčano?,,,,,,,,,,,,,,,,,,,,,,,,,,,nan-Pretežno Sunčano?,nan-Pretežno Sunčano?/2005.0-Prazno Tijelo/2015.0-Original Album Collection – Vol. 2
Parni Valjak,Parni Valjak,Gledam Dok Hodaš,3:47,,,Pretežno Sunčano?,,,,,,,,,,,,,,,,,,,,,,,,,,,nan-Pretežno Sunčano?,nan-Pretežno Sunčano?/2015.0-Original Album Collection – Vol. 2
Parni Valjak,Parni Valjak,Laganini Po Sredini,3:58,,,Pretežno Sunčano?,,,,,,,,,,,,,,,,,,,,,,,,,,,nan-Pretežno Sunčano?,nan-Pretežno Sunčano?/2005.0-Prazno Tijelo/2015.0-Original Album Collection – Vol. 2
Parni Valjak,Parni Valjak,Sexy Intro,0:39,,,Pretežno Sunčano?,Berislav Blažević,,,,,,,,,,,,,,,,,,,,,,,,,,nan-Pretežno Sunčano?,nan-Pretežno Sunčano?/2015.0-Original Album Collection – Vol. 2
Parni Valjak,Parni Valjak,Sexy Mama,4:52,,,Pretežno Sunčano?,,,,,,,,,,,,,,,,,,,,,,,,Jelena Radan,,,nan-Pretežno Sunčano?,nan-Pretežno Sunčano?/2015.0-Original Album Collection – Vol. 2
Parni Valjak,Parni Valjak,Dajte Mi Razlog,4:00,,,Pretežno Sunčano?,,,,,,,,,,,,,,,,,,,,,,,,,,,nan-Pretežno Sunčano?,nan-Pretežno Sunčano?/2015.0-Original Album Collection – Vol. 2/nan-Antologija
Parni Valjak,Parni Valjak,...A Gdje Je Ljubav,5:07,,,Koncentrat 1984. - 2005.,,2005.0,,,,,,,,,,,,,,Simfonijski Orkestar HRT-a,Zdravko Šljivac,Zdravko Šljivac,,,,,,,,,2005.0-Koncentrat 1984. - 2005.,2005.0-Koncentrat 1984. - 2005./2009.0-The Ultimate Collection/2015.0-Original Album Collection – Vol. 2/nan-Antologija
Parni Valjak,Parni Valjak,Prazno Tijelo (Unplugged),4:33,,,Koncentrat 1984. - 2005.,,2005.0,,,,,,,,,,,,,,,,,,,,,,,,,2005.0-Koncentrat 1984. - 2005.,2005.0-Koncentrat 1984. - 2005.
Parni Valjak,Parni Valjak,Ma 'ajde (Gledaj Stvari Mojim Očima),2:53,,,Koncentrat 1977. - 1983.,,2005.0,,,,,,,,,,,,,,,,,,,,,,,,,2005.0-Koncentrat 1977. - 1983.,2005.0-Koncentrat 1977. - 1983.
Parni Valjak,Parni Valjak,A Ja Bih Sa Vragom,4:09,,,Koncentrat 1977. - 1983.,,2005.0,,,Husein Hasanefendić,,,,,,,,,,,,,,,,,,,,,,2005.0-Koncentrat 1977. - 1983.,2005.0-Koncentrat 1977. - 1983.
Parni Valjak,Parni Valjak,Radijska Reklama Za DVD,,,,Prazno Tijelo,,2005.0,,,,,,,,,,,,,,,,,,,,,,,,,2005.0-Prazno Tijelo,2005.0-Prazno Tijelo
Parni Valjak,Parni Valjak,Nakon Svih Godina,4:51,,,The Ultimate Collection,,2009.0,,,,,,,,,,,,,,,,,,,,,,,,,2009.0-The Ultimate Collection,2009.0-The Ultimate Collection/2011.0-Stvarno Nestvarno/nan-Nema Predaje/nan-Antologija/nan-Greatest Hits Collection
Parni Valjak,Parni Valjak,Ljubavna ,,,,Live,,,,,,,,,,,,,,,,,,,,,,,,,,,nan-Live,nan-Live
Parni Valjak,Parni Valjak,Zagreb Ima Isti Pozivni ,,,,Live,,,,,,,,,,,,,,,,,,,,,,,,,,,nan-Live,nan-Live
Parni Valjak,Parni Valjak,Povratak Ratnika ,,,,Live,,,,,,,,,,,,,,,,,,,,,,,,,,,nan-Live,nan-Live
Parni Valjak,Parni Valjak,Samo San ,,,,Live,,,,,,,,,,,,,,,,,,,,,,,,,,,nan-Live,nan-Live
Parni Valjak,Parni Valjak, Čitaj Mi Sa Usana ,,,,Live,,,,,,,,,,,,,,,,,,,,,,,,,,,nan-Live,nan-Live
Parni Valjak,Parni Valjak,Sve Još Miriše Na Nju ,,,,Live,,,,,,,,,,,,,,,,,,,,,,,,,,,nan-Live,nan-Live
Parni Valjak,Parni Valjak,Nakon Ovih Godina ,,,,Live,,,,,,,,,,,,,,,,,,,,,,,,,,,nan-Live,nan-Live
Parni Valjak,Parni Valjak, To Sam Stvarno Ja ,,,,Live,,,,,,,,,,,,,,,,,,,,,,,,,,,nan-Live,nan-Live
Parni Valjak,Parni Valjak,Prokleta Nedelja,,,,The Best Of,,,,,,,,,,,,,,,,,,,,,,,,,,,nan-The Best Of,nan-The Best Of
Parni Valjak,Parni Valjak,A Gdje Je Ljubav?,,,,The Best Of,,,,,,,,,,,,,,,,,,,,,,,,,,,nan-The Best Of,nan-The Best Of
Parni Valjak,Parni Valjak,Kao Ti (Live),3:10,,,Najljepše Ljubavne Pjesme,,,,,,,,,,,,,,,,,,,,,,,,,Martina Matić,,nan-Najljepše Ljubavne Pjesme,nan-Najljepše Ljubavne Pjesme
Parni Valjak,Parni Valjak,Stranica Dnevnika (Live),5:05,,,Najljepše Ljubavne Pjesme,,,,,,,,,,,,,,,,,,,,,,,,,Martina Matić,,nan-Najljepše Ljubavne Pjesme,nan-Najljepše Ljubavne Pjesme
Parni Valjak,Parni Valjak,Vjeruj,3:08,,,Stvarno Nestvarno,,2011.0,,,,,,,,,,,,,,,,,,,,,,,,,2011.0-Stvarno Nestvarno,2011.0-Stvarno Nestvarno/nan-Nema Predaje
Parni Valjak,Parni Valjak,Svijet Je Danas Lud,4:25,,,Stvarno Nestvarno,,2011.0,,,,,,,,,,,,,,,,,,,,,,,,,2011.0-Stvarno Nestvarno,2011.0-Stvarno Nestvarno
Parni Valjak,Parni Valjak,Za Sve Sam Kriv Što Nisam,3:29,,,Stvarno Nestvarno,,2011.0,,,,,,,,,,,,,,,,,,,,,,,,,2011.0-Stvarno Nestvarno,2011.0-Stvarno Nestvarno/nan-Nema Predaje
Parni Valjak,Parni Valjak,Stvarno Nestvarno,3:42,,,Stvarno Nestvarno,,2011.0,,,,,,,,,,,,,,,,,,,,,,,,,2011.0-Stvarno Nestvarno,2011.0-Stvarno Nestvarno/nan-Nema Predaje/2017.0-Live In Pula/nan-Antologija
Parni Valjak,Parni Valjak,Kralj Iluzija,4:57,,,Stvarno Nestvarno,,2011.0,,,,,,,,,,,,,,,,,,,,,,,,,2011.0-Stvarno Nestvarno,2011.0-Stvarno Nestvarno/nan-Nema Predaje/nan-Nema Predaje/nan-Antologija
Parni Valjak,Parni Valjak,Aleluja (Ja Još Vjerujem U Nas),4:15,,,Stvarno Nestvarno,,2011.0,,,,,,,,,,,,,,,,,,,,,,,,,2011.0-Stvarno Nestvarno,2011.0-Stvarno Nestvarno
Parni Valjak,Parni Valjak,Istina,4:04,,,Stvarno Nestvarno,,2011.0,,,,,,,,,,,,,,,,,,,,,,,,,2011.0-Stvarno Nestvarno,2011.0-Stvarno Nestvarno/nan-Nema Predaje/nan-Antologija
Parni Valjak,Parni Valjak,Ljubav Je Droga,3:01,,,Stvarno Nestvarno,,2011.0,,,,,,,,,,,,,,,,,,,,,,,,,2011.0-Stvarno Nestvarno,2011.0-Stvarno Nestvarno
Parni Valjak,Parni Valjak,To Sam Stvarno Ja,3:30,,,Stvarno Nestvarno,,2011.0,,,,,,,,,,,,,,,,,,,,,,,,,2011.0-Stvarno Nestvarno,2011.0-Stvarno Nestvarno
Parni Valjak,Parni Valjak,Zagreb,,,,Beogradska arena 16. i 17.10.2010. - UŽIVO,,2011.0,,,,,,,,,,,,,,,,,,,,,,,,,2011.0-Beogradska arena 16. i 17.10.2010. - UŽIVO,2011.0-Beogradska arena 16. i 17.10.2010. - UŽIVO
Parni Valjak,Parni Valjak,Gledam je dok spava,,,,Beogradska arena 16. i 17.10.2010. - UŽIVO,,2011.0,,,,,,,,,,,,,,,,,,,,,,,,,2011.0-Beogradska arena 16. i 17.10.2010. - UŽIVO,2011.0-Beogradska arena 16. i 17.10.2010. - UŽIVO
Parni Valjak,Parni Valjak, Ostani s njim,,,,Beogradska arena 16. i 17.10.2010. - UŽIVO,,2011.0,,,,,,,,,,,,,,,,,,,,,,,,,2011.0-Beogradska arena 16. i 17.10.2010. - UŽIVO,2011.0-Beogradska arena 16. i 17.10.2010. - UŽIVO
Parni Valjak,Parni Valjak,Dok si pored mene,,,,Beogradska arena 16. i 17.10.2010. - UŽIVO,,2011.0,,,,,,,,,,,,,,,,,,,,,,,,,2011.0-Beogradska arena 16. i 17.10.2010. - UŽIVO,2011.0-Beogradska arena 16. i 17.10.2010. - UŽIVO
Parni Valjak,Parni Valjak,A gdje je ljubav?,,,,Beogradska arena 16. i 17.10.2010. - UŽIVO,,2011.0,,,,,,,,,,,,,,,,,,,,,,,,,2011.0-Beogradska arena 16. i 17.10.2010. - UŽIVO,2011.0-Beogradska arena 16. i 17.10.2010. - UŽIVO
Parni Valjak,Parni Valjak,Pusti nek traje,,,,Beogradska arena 16. i 17.10.2010. - UŽIVO,,2011.0,,,,,,,,,,,,,,,,,,,,,,,,,2011.0-Beogradska arena 16. i 17.10.2010. - UŽIVO,2011.0-Beogradska arena 16. i 17.10.2010. - UŽIVO
Parni Valjak,Parni Valjak,Mijenjam se,,,,Beogradska arena 16. i 17.10.2010. - UŽIVO,,2011.0,,,,,,,,,,,,,,,,,,,,,,,,,2011.0-Beogradska arena 16. i 17.10.2010. - UŽIVO,2011.0-Beogradska arena 16. i 17.10.2010. - UŽIVO
Parni Valjak,Parni Valjak,Vrijeme ljubavi,,,,Beogradska arena 16. i 17.10.2010. - UŽIVO,,2011.0,,,,,,,,,,,,,,,,,,,,,,,,,2011.0-Beogradska arena 16. i 17.10.2010. - UŽIVO,2011.0-Beogradska arena 16. i 17.10.2010. - UŽIVO
Parni Valjak,Parni Valjak,Kad me dotakne,,,,Beogradska arena 16. i 17.10.2010. - UŽIVO,,2011.0,,,,,,,,,,,,,,,,,,,,,,,,,2011.0-Beogradska arena 16. i 17.10.2010. - UŽIVO,2011.0-Beogradska arena 16. i 17.10.2010. - UŽIVO
Parni Valjak,Parni Valjak,Stranica dnevnika,,,,Beogradska arena 16. i 17.10.2010. - UŽIVO,,2011.0,,,,,,,,,,,,,,,,,,,,,,,,,2011.0-Beogradska arena 16. i 17.10.2010. - UŽIVO,2011.0-Beogradska arena 16. i 17.10.2010. - UŽIVO
Parni Valjak,Parni Valjak,Jesen,,,,Beogradska arena 16. i 17.10.2010. - UŽIVO,,2011.0,,,,,,,,,,,,,,,,,,,,,,,,,2011.0-Beogradska arena 16. i 17.10.2010. - UŽIVO,2011.0-Beogradska arena 16. i 17.10.2010. - UŽIVO
Parni Valjak,Parni Valjak,Nakon svih godina,,,,Beogradska arena 16. i 17.10.2010. - UŽIVO,,2011.0,,,,,,,,,,,,,,,,,,,,,,,,,2011.0-Beogradska arena 16. i 17.10.2010. - UŽIVO,2011.0-Beogradska arena 16. i 17.10.2010. - UŽIVO
Parni Valjak,Parni Valjak,Nedjelja,,,,Beogradska arena 16. i 17.10.2010. - UŽIVO,,2011.0,,,,,,,,,,,,,,,,,,,,,,,,,2011.0-Beogradska arena 16. i 17.10.2010. - UŽIVO,2011.0-Beogradska arena 16. i 17.10.2010. - UŽIVO
Parni Valjak,Parni Valjak,U ljubav vjerujem,,,,Beogradska arena 16. i 17.10.2010. - UŽIVO,,2011.0,,,,,,,,,,,,,,,,,,,,,,,,,2011.0-Beogradska arena 16. i 17.10.2010. - UŽIVO,2011.0-Beogradska arena 16. i 17.10.2010. - UŽIVO
Parni Valjak,Parni Valjak, Lutka za bal,,,,Beogradska arena 16. i 17.10.2010. - UŽIVO,,2011.0,,,,,,,,,,,,,,,,,,,,,,,,,2011.0-Beogradska arena 16. i 17.10.2010. - UŽIVO,2011.0-Beogradska arena 16. i 17.10.2010. - UŽIVO
Parni Valjak,Parni Valjak,Sve još miriše na nju,,,,Beogradska arena 16. i 17.10.2010. - UŽIVO,,2011.0,,,,,,,,,,,,,,,,,,,,,,,,,2011.0-Beogradska arena 16. i 17.10.2010. - UŽIVO,2011.0-Beogradska arena 16. i 17.10.2010. - UŽIVO
Parni Valjak,Parni Valjak,Ugasi me ,,,,Beogradska arena 16. i 17.10.2010. - UŽIVO,,2011.0,,,,,,,,,,,,,,,,,,,,,,,,,2011.0-Beogradska arena 16. i 17.10.2010. - UŽIVO,2011.0-Beogradska arena 16. i 17.10.2010. - UŽIVO
Parni Valjak,Parni Valjak,Samo Da Znaš,3:42,,,Sound Of Amstel,,2013.0,,,,,,,,,,,,,,,,,,,,,,,,,2013.0-Sound Of Amstel,2013.0-Sound Of Amstel/nan-Nema Predaje/nan-Nema Predaje/nan-Antologija/nan-Greatest Hits Collection
Parni Valjak,Parni Valjak,Jedino Ti,5:21,,,Sound Of Amstel,,2013.0,,,,,,,,,,,,,,,,,,,,,,,,,2013.0-Sound Of Amstel,2013.0-Sound Of Amstel/nan-Nema Predaje/nan-Antologija
Parni Valjak,Parni Valjak,Tanki Živci (Radio Edit),3:50,,,Tanki Živci (Radio Edit),,2013.0,,,,,,,,,,,,,,,,,,,,,,,,,2013.0-Tanki Živci (Radio Edit),2013.0-Tanki Živci (Radio Edit)
Parni Valjak,Parni Valjak,CD 1 Nema Predaje,,,,Nema Predaje,,,,,,,,,,,,,,,,,,,,,,,,,,,nan-Nema Predaje,nan-Nema Predaje
Parni Valjak,Parni Valjak,Nema Predaje,4:23,,,Nema Predaje,,,,,,,,,,,,,,,,,,,,,,,,,,,nan-Nema Predaje,nan-Nema Predaje/nan-Nema Predaje/nan-Antologija
Parni Valjak,Parni Valjak,Aleluja / Ja Još Vjerujem U Nas,4:15,,,Nema Predaje,,,,,,,,,,,,,,,,,,,,,,,,,,,nan-Nema Predaje,nan-Nema Predaje/nan-Antologija
Parni Valjak,Parni Valjak,Tanki Živci,5:25,,,Nema Predaje,,,,,,,,,,,,,,,,,,,,,,,,,,,nan-Nema Predaje,nan-Nema Predaje/nan-Nema Predaje
Parni Valjak,Parni Valjak,Zona Sumraka,3:54,,,Nema Predaje,,,,,,,,,,,,,,,,,,,,,,,,,,,nan-Nema Predaje,nan-Nema Predaje/nan-Nema Predaje
Parni Valjak,Parni Valjak,CD 2 Bonus CD ,,,,Nema Predaje,,,,,,,,,,,,,,,,,,,,,,,,,,,nan-Nema Predaje,nan-Nema Predaje
Parni Valjak,Parni Valjak,Istina (Live),4:09,,,Nema Predaje,,,,,,,,,,,,,,,,,,,,,,,,,,,nan-Nema Predaje,nan-Nema Predaje
Parni Valjak,Parni Valjak,Svijet Je Danas Lud (Live),4:22,,,Nema Predaje,,,,,,,,,,,,,,,,,,,,,,,,,,,nan-Nema Predaje,nan-Nema Predaje
Parni Valjak,Parni Valjak,Nemirno More (Live),5:33,,,Nema Predaje,,,,,,,,,,,,,,,,,,,,,,,,,,,nan-Nema Predaje,nan-Nema Predaje
Parni Valjak,Parni Valjak,Prokleta Nedjelja (Live),4:15,,,Nema Predaje,,,,,,,,,,,,,,,,,,,,,,,,,,,nan-Nema Predaje,nan-Nema Predaje
Parni Valjak,Parni Valjak,700 Milja Od Kuće (Live),4:08,,,Nema Predaje,,,,,,,,,,,,,,,,,,,,,,,,,,,nan-Nema Predaje,nan-Nema Predaje
Parni Valjak,Parni Valjak,Ugasi Me (Live),3:31,,,Nema Predaje,,,,,,,,,,,,,,,,,,,,,,,,,,,nan-Nema Predaje,nan-Nema Predaje
Parni Valjak,Parni Valjak,DVD Iz Rupe “Bez Šminke”,,,,Nema Predaje,,,,,,,,,,,,,,,,,,,,,,,,,,,nan-Nema Predaje,nan-Nema Predaje
Parni Valjak,Parni Valjak,CD 1 Uhvati Ritam  (P) 1984,,,,Original Album Collection – Vol. 1,,2015.0,,,,,,,,,,,,,,,,,,,,,,,,,2015.0-Original Album Collection – Vol. 1,2015.0-Original Album Collection – Vol. 1
Parni Valjak,Parni Valjak,Pusti Nek’ Traje,3:52,,,Original Album Collection – Vol. 1,,2015.0,,,,,,,,,,,,,,,,,,,,,,,,,2015.0-Original Album Collection – Vol. 1,2015.0-Original Album Collection – Vol. 1/2015.0-Original Album Collection – Vol. 1
Parni Valjak,Parni Valjak,...I Na Kraju,1:47,,,Original Album Collection – Vol. 1,,2015.0,,,,,,,,,,,,,,,,,,,,,,,,,2015.0-Original Album Collection – Vol. 1,2015.0-Original Album Collection – Vol. 1
Parni Valjak,Parni Valjak,CD 2 Pokreni Se!  (P) 1985,,,,Original Album Collection – Vol. 1,,2015.0,,,,,,,,,,,,,,,,,,,,,,,,,2015.0-Original Album Collection – Vol. 1,2015.0-Original Album Collection – Vol. 1
Parni Valjak,Parni Valjak,’Ajde Igraj,3:14,,,Original Album Collection – Vol. 1,,2015.0,,,,,,,,,,,,,,,,,,,,,,,,,2015.0-Original Album Collection – Vol. 1,2015.0-Original Album Collection – Vol. 1/2015.0-Original Album Collection – Vol. 1
Parni Valjak,Parni Valjak,CD 3 Anđeli Se Dosađuju?  (P) 1987,,,,Original Album Collection – Vol. 1,,2015.0,,,,,,,,,,,,,,,,,,,,,,,,,2015.0-Original Album Collection – Vol. 1,2015.0-Original Album Collection – Vol. 1
Parni Valjak,Parni Valjak,CD 4 Sjaj U Očima  (P) 1988,,,,Original Album Collection – Vol. 1,,2015.0,,,,,,,,,,,,,,,,,,,,,,,,,2015.0-Original Album Collection – Vol. 1,2015.0-Original Album Collection – Vol. 1
Parni Valjak,Parni Valjak,Ovce,3:45,,,Original Album Collection – Vol. 1,,2015.0,,,,,,,,,,,,,,,,,,,,,,,,,2015.0-Original Album Collection – Vol. 1,2015.0-Original Album Collection – Vol. 1
Parni Valjak,Parni Valjak,CD 5 E = MC²  (P) 1986,,,,Original Album Collection – Vol. 1,,2015.0,,,,,,,,,,,,,,,,,,,,,,,,,2015.0-Original Album Collection – Vol. 1,2015.0-Original Album Collection – Vol. 1
Parni Valjak,Parni Valjak,Lovci Snova  (P) 1990,,,,Original Album Collection – Vol. 2,,2015.0,,,,,,,,,,,,,,,,,,,,,,,,,2015.0-Original Album Collection – Vol. 2,2015.0-Original Album Collection – Vol. 2
Parni Valjak,Parni Valjak,Buđenje  (P) 1993,,,,Original Album Collection – Vol. 2,,2015.0,,,,,,,,,,,,,,,,,,,,,,,,,2015.0-Original Album Collection – Vol. 2,2015.0-Original Album Collection – Vol. 2
Parni Valjak,Parni Valjak,Samo Snovi Teku Uzvodno  (P) 1997,,,,Original Album Collection – Vol. 2,,2015.0,,,,,,,,,,,,,,,,,,,,,,,,,2015.0-Original Album Collection – Vol. 2,2015.0-Original Album Collection – Vol. 2
Parni Valjak,Parni Valjak,Zastave  (P) 2000,,,,Original Album Collection – Vol. 2,,2015.0,,,,,,,,,,,,,,,,,,,,,,,,,2015.0-Original Album Collection – Vol. 2,2015.0-Original Album Collection – Vol. 2
Parni Valjak,Parni Valjak,Romansa (Sada Bi Drugačije),4:20,,,Original Album Collection – Vol. 2,,2015.0,,,,,,,,,,,,,,,,,,,,,,,,,2015.0-Original Album Collection – Vol. 2,2015.0-Original Album Collection – Vol. 2
Parni Valjak,Parni Valjak,Pretežno Sunčano?  (P) 2004,,,,Original Album Collection – Vol. 2,,2015.0,,,,,,,,,,,,,,,,,,,,,,,,,2015.0-Original Album Collection – Vol. 2,2015.0-Original Album Collection – Vol. 2
Parni Valjak,Parni Valjak,Bez Struje – Live In Zekaem  (P) 1995,,,,Original Album Collection – Vol. 2,,2015.0,,,,,,,,,,,,,,,,,,,,,,,,,2015.0-Original Album Collection – Vol. 2,2015.0-Original Album Collection – Vol. 2
Parni Valjak,Parni Valjak,Samo Ti (Norma Belle),4:18,,,Samo Ti (Norma Belle),,2015.0,,,,,,,,,,,,,,,,,,,,,,,,,2015.0-Samo Ti (Norma Belle),2015.0-Samo Ti (Norma Belle)/2017.0-Parni Valjak/nan-Antologija/nan-Vrijeme
Parni Valjak,Parni Valjak,Za Malo Nježnosti,5:42,,,Za Malo Nježnosti,,2016.0,,,,,,,,,,,,,,,,,,,,,,,,,2016.0-Za Malo Nježnosti,2016.0-Za Malo Nježnosti/2017.0-Parni Valjak/nan-Antologija/nan-Vrijeme
Parni Valjak,Parni Valjak,Opet Se Smijem,4:34,,,Parni Valjak,,2017.0,,,,,,,,,,,,,,,,,,,,,,,,,2017.0-Parni Valjak,2017.0-Parni Valjak/nan-Antologija/nan-Greatest Hits Collection/nan-Vrijeme
Parni Valjak,Parni Valjak,"Prolazi Sve, Zar Ne?",3:14,,,Parni Valjak,,2017.0,,,,,,,,,,,,,,,,,,,,,,,,,2017.0-Parni Valjak,2017.0-Parni Valjak/nan-Antologija/nan-Vrijeme
Parni Valjak,Parni Valjak,Moja Je Pjesma Lagana	,,,,Live In Pula,,2017.0,,,,,,,,,,,,,,,,,,,,,,,,,2017.0-Live In Pula,2017.0-Live In Pula
Parni Valjak,Parni Valjak,700 Milja Od Kuće	,,,,Live In Pula,,2017.0,,,,,,,,,,,,,,,,,,,,,,,,,2017.0-Live In Pula,2017.0-Live In Pula
Parni Valjak,Parni Valjak,Povratak Ratnika	,,,,Live In Pula,,2017.0,,,,,,,,,,,,,,,,,,,,,,,,,2017.0-Live In Pula,2017.0-Live In Pula
Parni Valjak,Parni Valjak,Vrijeme Ljubavi	,,,,Live In Pula,,2017.0,,,,,,,,,,,,,,,,,,,,,,,,,2017.0-Live In Pula,2017.0-Live In Pula
Parni Valjak,Parni Valjak,Kada Me Dotakne	,,,,Live In Pula,,2017.0,,,,,,,,,,,,,,,,,,,,,,,,,2017.0-Live In Pula,2017.0-Live In Pula
Parni Valjak,Parni Valjak,Uhvati Ritam	,,,,Live In Pula,,2017.0,,,,,,,,,,,,,,,,,,,,,,,,,2017.0-Live In Pula,2017.0-Live In Pula
Parni Valjak,Parni Valjak,Ljubavna	,,,,Live In Pula,,2017.0,,,,,,,,,,,,,,,,,,,,,,,,,2017.0-Live In Pula,2017.0-Live In Pula
Parni Valjak,Parni Valjak,U Prolazu	,,,,Live In Pula,,2017.0,,,,,,,,,,,,,,,,,,,,,,,,,2017.0-Live In Pula,2017.0-Live In Pula
Parni Valjak,Parni Valjak,Stranica Dnevnika	,,,,Live In Pula,,2017.0,,,,,,,,,,,,,,,,,,,,,,,,,2017.0-Live In Pula,2017.0-Live In Pula
Parni Valjak,Parni Valjak,Gledam Je Dok Spava	,,,,Live In Pula,,2017.0,,,,,,,,,,,,,,,,,,,,,,,,,2017.0-Live In Pula,2017.0-Live In Pula
Parni Valjak,Parni Valjak,Mijenjam Se	,,,,Live In Pula,,2017.0,,,,,,,,,,,,,,,,,,,,,,,,,2017.0-Live In Pula,2017.0-Live In Pula
Parni Valjak,Parni Valjak,Prolazi Sve Zar Ne	,,,,Live In Pula,,2017.0,,,,,,,,,,,,,,,,,,,,,,,,,2017.0-Live In Pula,2017.0-Live In Pula
Parni Valjak,Parni Valjak,A Gdje Je Ljubav	,,,,Live In Pula,,2017.0,,,,,,,,,,,,,,,,,,,,,,,,,2017.0-Live In Pula,2017.0-Live In Pula
Parni Valjak,Parni Valjak,Sunčanom Stranom	,,,,Live In Pula,,2017.0,,,,,,,,,,,,,,,,,,,,,,,,,2017.0-Live In Pula,2017.0-Live In Pula
Parni Valjak,Parni Valjak,Samo Ti Norma Belle	,,,,Live In Pula,,2017.0,,,,,,,,,,,,,,,,,,,,,,,,,2017.0-Live In Pula,2017.0-Live In Pula
Parni Valjak,Parni Valjak,Samo Da Znaš	,,,,Live In Pula,,2017.0,,,,,,,,,,,,,,,,,,,,,,,,,2017.0-Live In Pula,2017.0-Live In Pula
Parni Valjak,Parni Valjak,Lutka Za Bal	,,,,Live In Pula,,2017.0,,,,,,,,,,,,,,,,,,,,,,,,,2017.0-Live In Pula,2017.0-Live In Pula
Parni Valjak,Parni Valjak,Ugasi Me	,,,,Live In Pula,,2017.0,,,,,,,,,,,,,,,,,,,,,,,,,2017.0-Live In Pula,2017.0-Live In Pula
Parni Valjak,Parni Valjak,Za Malo Nježnosti	,,,,Live In Pula,,2017.0,,,,,,,,,,,,,,,,,,,,,,,,,2017.0-Live In Pula,2017.0-Live In Pula
Parni Valjak,Parni Valjak,Jesen U Meni	,,,,Live In Pula,,2017.0,,,,,,,,,,,,,,,,,,,,,,,,,2017.0-Live In Pula,2017.0-Live In Pula
Parni Valjak,Parni Valjak,Prokleta Nedjelja Što Je Iza Oblaka	,,,,Live In Pula,,2017.0,,,,,,,,,,,,,,,,,,,,,,,,,2017.0-Live In Pula,2017.0-Live In Pula
Parni Valjak,Parni Valjak,Sve Još Miriše Na Nju	,,,,Live In Pula,,2017.0,,,,,,,,,,,,,,,,,,,,,,,,,2017.0-Live In Pula,2017.0-Live In Pula
Parni Valjak,Parni Valjak,Ljubav,3:19,,,Ljubav,,2017.0,,,,,,,,,,,,,,,,,,,,,,,,,2017.0-Ljubav,2017.0-Ljubav/nan-Vrijeme
Parni Valjak,Parni Valjak,Vrijeme,4:43,,,Vrijeme,,2017.0,,,,,,,,,,,,,,,,,,,,,,,,,2017.0-Vrijeme,2017.0-Vrijeme/nan-Vrijeme
Parni Valjak,Parni Valjak,CD1 Baladerstvo,,,,Antologija,,,,,,,,,,,,,,,,,,,,,,,,,,,nan-Antologija,nan-Antologija
Parni Valjak,Parni Valjak,CD2 Iskoraci,,,,Antologija,,,,,,,,,,,,,,,,,,,,,,,,,,,nan-Antologija,nan-Antologija
Parni Valjak,Parni Valjak,Bolja Vremena / ...I Na Kraju,,,,Antologija,,,,,,,,,,,,,,,,,,,,,,,,,,,nan-Antologija,nan-Antologija
Parni Valjak,Parni Valjak,CD3 Rockologija,,,,Antologija,,,,,,,,,,,,,,,,,,,,,,,,,,,nan-Antologija,nan-Antologija
Parni Valjak,Parni Valjak,CD4 Popistika,,,,Antologija,,,,,,,,,,,,,,,,,,,,,,,,,,,nan-Antologija,nan-Antologija
Parni Valjak,Parni Valjak,Dok Si Pored Men,4:20,,,Greatest Hits Collection,,,,,,,,,,,,,,,,,,,,,,,,,,,nan-Greatest Hits Collection,nan-Greatest Hits Collection
Parni Valjak,Parni Valjak,Kad Nemaš Kud,3:14,,,Kad Nemaš Kud,,2018.0,,,,,,,,,,,,,,,,,,,,,,,,Kristina Kresnik,2018.0-Kad Nemaš Kud,2018.0-Kad Nemaš Kud/nan-Vrijeme
Parni Valjak,Parni Valjak,Otkud Ti Pravo,4:00,,,Otkud Ti Pravo,,2018.0,,,,,,,,,,,,,,,,,,,,,,,,,2018.0-Otkud Ti Pravo,2018.0-Otkud Ti Pravo/nan-Vrijeme
Parni Valjak,Parni Valjak,Hotel Apatija,4:19,,,Vrijeme,,,,,,,,,,,,,,,,,,,,,,,,,,,nan-Vrijeme,nan-Vrijeme
Parni Valjak,Parni Valjak,Dosta Mi Je Tog,3:23,,,Vrijeme,,,,,,,,,,,,,,,,,,,,,,,,,,,nan-Vrijeme,nan-Vrijeme
Parni Valjak,Parni Valjak,Tko To Krade?,0:45,,,Vrijeme,,,,,,,,,,,,,,,,,,,,,,,,,,,nan-Vrijeme,nan-Vrijeme
Parni Valjak,Parni Valjak,Nema Signala,3:34,,,Vrijeme,,,,,,,,,,,,,,,,,,,,,,,,,,,nan-Vrijeme,nan-Vrijeme
Parni Valjak,Parni Valjak,A Ja Neću (Nikada),3:27,,,Vrijeme,,,,,,,,,,,,,,,,,,,,,,,,,,,nan-Vrijeme,nan-Vrijeme
Parni Valjak,Parni Valjak,Ponovo,3:41,,,Ponovo,,2022.0,,,,,,,,,,,,,,,,,,,,,,,,,2022.0-Ponovo,2022.0-Ponovo
