Artist,Artist_discogs,Song_discogs,Song_duration_discogs,Written-By_discogs,Album_title_discogs,Lyrics By_discogs,Music By_discogs,Vocals_discogs,Album_year_discogs,Arranged By_discogs,Transcription By_discogs,Composed By_discogs,Written By_discogs,Guest_discogs,Featuring_discogs,Vocals [Duet]_discogs,Vocals [Duet] _discogs,Performer_discogs,Album_year_title_discogs,All_albums_discogs
Vinko Coce,Vinko Coce,"Sićaš Li Se, Lungomare",4:06,Nenad Ninčević,"Mirno Spavaj, Ružo Moja",,,,,,,,,,,,,,"nan-Mirno Spavaj, Ružo Moja","nan-Mirno Spavaj, Ružo Moja"
Vinko Coce,Vinko Coce,"Mirno Spavaj, Ružo Moja",3:40,Nenad Ninčević,"Mirno Spavaj, Ružo Moja",,,,,,,,,,,,,,"nan-Mirno Spavaj, Ružo Moja","nan-Mirno Spavaj, Ružo Moja/nan-Sve Najbolje/2006.0-Zlatni Hitovi Dalmacije/2006.0-Zlatna Kolekcija/2008.0-Ne Damo Te Pismo Naša/2017.0-The Best Of Collection"
Vinko Coce,Vinko Coce,Siti Se Kad Ostariš,2:36,,"Mirno Spavaj, Ružo Moja",Nenad Ninčević,Miho Marušić,Zorica Kondža,,,,,,,,,,,"nan-Mirno Spavaj, Ružo Moja","nan-Mirno Spavaj, Ružo Moja"
Vinko Coce,Vinko Coce,"Hej, Živote Moj",2:57,Nenad Ninčević,"Mirno Spavaj, Ružo Moja",,,,,,,,,,,,,,"nan-Mirno Spavaj, Ružo Moja","nan-Mirno Spavaj, Ružo Moja/nan-Sve Najbolje/2017.0-The Best Of Collection"
Vinko Coce,Vinko Coce,U Zaljevu Malom,2:50,Traditional,"Mirno Spavaj, Ružo Moja",,,,,,,,,,,,,,"nan-Mirno Spavaj, Ružo Moja","nan-Mirno Spavaj, Ružo Moja"
Vinko Coce,Vinko Coce,"Dalmacijo, Sve Ti Cvitalo",3:30,Nenad Ninčević,"Mirno Spavaj, Ružo Moja",,,,,,,,,,,,,,"nan-Mirno Spavaj, Ružo Moja","nan-Mirno Spavaj, Ružo Moja/2008.0-Ne Damo Te Pismo Naša/2017.0-The Best Of Collection"
Vinko Coce,Vinko Coce,Da Je Meni S Tobom Kroz Pasike,3:09,Nenad Ninčević,"Mirno Spavaj, Ružo Moja",,,Tomislava Miše,,,,,,,,,,,"nan-Mirno Spavaj, Ružo Moja","nan-Mirno Spavaj, Ružo Moja/nan-Sve Najbolje/2006.0-Zlatni Hitovi Dalmacije/2006.0-Zlatna Kolekcija/2008.0-Ne Damo Te Pismo Naša/2011.0-Najljepše Ljubavne Pjesme/2017.0-The Best Of Collection"
Vinko Coce,Vinko Coce,Sve Ti Dajem Za Lipotu,3:06,,"Mirno Spavaj, Ružo Moja",Nenad Ninčević,Joško Banov,,,,,,,,,,,,"nan-Mirno Spavaj, Ružo Moja","nan-Mirno Spavaj, Ružo Moja/nan-Sve Najbolje/2006.0-Zlatni Hitovi Dalmacije/2006.0-Zlatna Kolekcija/2011.0-Najljepše Ljubavne Pjesme"
Vinko Coce,Vinko Coce,Klapa I Pisma,3:45,Petar Zanki,"Mirno Spavaj, Ružo Moja",,,,,,,,,,,,,,"nan-Mirno Spavaj, Ružo Moja","nan-Mirno Spavaj, Ružo Moja"
Vinko Coce,Vinko Coce,Koliko Te Na Rastanku Volim,4:12,Petar Zanki,"Mirno Spavaj, Ružo Moja",,,,,,,,,,,,,,"nan-Mirno Spavaj, Ružo Moja","nan-Mirno Spavaj, Ružo Moja/2011.0-Najljepše Ljubavne Pjesme"
Vinko Coce,Vinko Coce,Najdraže Moje,3:30,Nenad Ninčević,"Mirno Spavaj, Ružo Moja",,,,,,,,,,,,,,"nan-Mirno Spavaj, Ružo Moja","nan-Mirno Spavaj, Ružo Moja/nan-Sve Najbolje/2006.0-Zlatni Hitovi Dalmacije/2006.0-Zlatna Kolekcija/2011.0-Najljepše Ljubavne Pjesme/2017.0-The Best Of Collection/0.0-Dalmatinski Biseri"
Vinko Coce,Vinko Coce,"Mama, Adio",,,"Mama, Adio",,,,1995.0,,,,,,,,,,"1995.0-Mama, Adio","1995.0-Mama, Adio/nan-Sve Najbolje/2006.0-Zlatni Hitovi Dalmacije/2006.0-Zlatna Kolekcija/2017.0-The Best Of Collection"
Vinko Coce,Vinko Coce,Dalmatinac,,,"Mama, Adio",,,,1995.0,,,,,,,,,,"1995.0-Mama, Adio","1995.0-Mama, Adio"
Vinko Coce,Vinko Coce,Ti Si Cvitak,,,"Mama, Adio",,,,1995.0,,,,,,,,,,"1995.0-Mama, Adio","1995.0-Mama, Adio"
Vinko Coce,Vinko Coce,Noć U Saldunu,,,"Mama, Adio",,,,1995.0,,,,,,,,,,"1995.0-Mama, Adio","1995.0-Mama, Adio/2002.0-Tenori I Tenorine O Svome Trogiru"
Vinko Coce,Vinko Coce,Neka Zapiva Moja Dalmacija,,,"Mama, Adio",,,,1995.0,,,,,,,,,,"1995.0-Mama, Adio","1995.0-Mama, Adio/2006.0-Zlatni Hitovi Dalmacije/2006.0-Zlatna Kolekcija/2017.0-The Best Of Collection"
Vinko Coce,Vinko Coce,Zlato Moje,,,"Mama, Adio",,,,1995.0,,,,,,,,,,"1995.0-Mama, Adio","1995.0-Mama, Adio/nan-Sve Najbolje/2006.0-Zlatni Hitovi Dalmacije/2006.0-Zlatna Kolekcija/2008.0-Na Mostu Jubavi/2011.0-Najljepše Ljubavne Pjesme/2017.0-The Best Of Collection/0.0-Dalmatinski Biseri"
Vinko Coce,Vinko Coce,Poša Bi U Pope,,,"Mama, Adio",,,,1995.0,,,,,,,,,,"1995.0-Mama, Adio","1995.0-Mama, Adio"
Vinko Coce,Vinko Coce,Marija,,,"Mama, Adio",,,,1995.0,,,,,,,,,,"1995.0-Mama, Adio","1995.0-Mama, Adio"
Vinko Coce,Vinko Coce,Serenada,,,"Mama, Adio",,,,1995.0,,,,,,,,,,"1995.0-Mama, Adio","1995.0-Mama, Adio"
Vinko Coce,Vinko Coce,Kora Kruha U Vinu,,,"Mama, Adio",,,,1995.0,,,,,,,,,,"1995.0-Mama, Adio","1995.0-Mama, Adio/nan-Sve Najbolje/2006.0-Zlatna Kolekcija/2017.0-The Best Of Collection"
Vinko Coce,Vinko Coce,Ljubav Je Ka I Cvit,3:40,,Ljubav Je Ka I Cvit,Nenad Ninčević,Joško Banov,,1998.0,,,,,,,,,,1998.0-Ljubav Je Ka I Cvit,1998.0-Ljubav Je Ka I Cvit/nan-Sve Najbolje/2006.0-Zlatni Hitovi Dalmacije/2006.0-Zlatna Kolekcija/2011.0-Najljepše Ljubavne Pjesme/2017.0-The Best Of Collection
Vinko Coce,Vinko Coce,Južnjaci,4:05,Nenad Ninčević,Ljubav Je Ka I Cvit,,,,1998.0,,,,,,,,,,1998.0-Ljubav Je Ka I Cvit,1998.0-Ljubav Je Ka I Cvit
Vinko Coce,Vinko Coce,"Dalmatinko, Crno Oko Moje",3:15,Nenad Ninčević,Ljubav Je Ka I Cvit,,,,1998.0,,,,,,,,,,1998.0-Ljubav Je Ka I Cvit,1998.0-Ljubav Je Ka I Cvit/nan-Sve Najbolje/2006.0-Zlatna Kolekcija
Vinko Coce,Vinko Coce,Sto Mandolina,3:27,,Ljubav Je Ka I Cvit,Nenad Ninčević,Joško Banov,,1998.0,,,,,,,,,,1998.0-Ljubav Je Ka I Cvit,1998.0-Ljubav Je Ka I Cvit/nan-Sve Najbolje/2006.0-Zlatni Hitovi Dalmacije/2006.0-Zlatna Kolekcija/2011.0-Najljepše Ljubavne Pjesme/0.0-Dalmatinski Biseri
Vinko Coce,Vinko Coce,Pjesmom Te Ljubim,4:12,,Ljubav Je Ka I Cvit,Katarina Šoškić Naglov,Joško Banov,,1998.0,,,,,,,,,,1998.0-Ljubav Je Ka I Cvit,1998.0-Ljubav Je Ka I Cvit/nan-Sve Najbolje/2006.0-Zlatna Kolekcija/2011.0-Najljepše Ljubavne Pjesme/2017.0-The Best Of Collection
Vinko Coce,Vinko Coce,Izliči Mi Dušu Pismo,3:36,Nenad Ninčević,Ljubav Je Ka I Cvit,,,,1998.0,,,,,,,,,,1998.0-Ljubav Je Ka I Cvit,1998.0-Ljubav Je Ka I Cvit/nan-Sve Najbolje/2006.0-Zlatni Hitovi Dalmacije/2006.0-Zlatna Kolekcija/2017.0-The Best Of Collection
Vinko Coce,Vinko Coce,Ribari,4:58,Boris Oštrić,Ljubav Je Ka I Cvit,,,,1998.0,,,,,,,,,,1998.0-Ljubav Je Ka I Cvit,"1998.0-Ljubav Je Ka I Cvit/2000.0-Dalmacija, More, Ja I Ti/nan-Sve Najbolje/2006.0-Zlatni Hitovi Dalmacije/2006.0-Zlatna Kolekcija/2008.0-Ne Damo Te Pismo Naša/2015.0-Orange Collection/2017.0-The Best Of Collection"
Vinko Coce,Vinko Coce,Mi Pivamo Po Domaću,2:48,Nenad Ninčević,Ljubav Je Ka I Cvit,,,,1998.0,,,,,,,,,,1998.0-Ljubav Je Ka I Cvit,1998.0-Ljubav Je Ka I Cvit
Vinko Coce,Vinko Coce,To Je Moj Put,3:35,,Ljubav Je Ka I Cvit,Nenad Ninčević,Joško Banov,,1998.0,,,,,,,,,,1998.0-Ljubav Je Ka I Cvit,1998.0-Ljubav Je Ka I Cvit
Vinko Coce,Vinko Coce,Pjesma Ostaje,3:25,,Ljubav Je Ka I Cvit,Ivica Kurtović (2),Želimir Škarpona,,1998.0,,,,,,,,,,1998.0-Ljubav Je Ka I Cvit,1998.0-Ljubav Je Ka I Cvit/2013.0-Morska Svitanja
Vinko Coce,Vinko Coce,Okuk Selo,,,Okruk Selo,,,,1999.0,,,,,,,,,,1999.0-Okruk Selo,1999.0-Okruk Selo
Vinko Coce,Vinko Coce,Ribara Starog Kći,,,Okruk Selo,,,,1999.0,,,,,,,,,,1999.0-Okruk Selo,1999.0-Okruk Selo/2017.0-The Best Of Collection
Vinko Coce,Vinko Coce,Dva Bracanina,,,Okruk Selo,,,,1999.0,,,,,,,,,,1999.0-Okruk Selo,1999.0-Okruk Selo
Vinko Coce,Vinko Coce,Ta Divna Splitska Noć,,,Okruk Selo,,,,1999.0,,,,,,,,,,1999.0-Okruk Selo,1999.0-Okruk Selo
Vinko Coce,Vinko Coce,"O, More Duboko",,,Okruk Selo,,,,1999.0,,,,,,,,,,1999.0-Okruk Selo,1999.0-Okruk Selo
Vinko Coce,Vinko Coce,"Mix (Kad Si Bila Mala, Mare, Sve Ptičice Iz Gore)",,,Okruk Selo,,,,1999.0,,,,,,,,,,1999.0-Okruk Selo,1999.0-Okruk Selo
Vinko Coce,Vinko Coce,Ribar Plete Mrižu Svoju,,,Okruk Selo,,,,1999.0,,,,,,,,,,1999.0-Okruk Selo,1999.0-Okruk Selo/2017.0-The Best Of Collection
Vinko Coce,Vinko Coce,Plovi Barka,,,Okruk Selo,,,,1999.0,,,,,,,,,,1999.0-Okruk Selo,1999.0-Okruk Selo
Vinko Coce,Vinko Coce,"Dalmacija, More, Ja I Ti",3:52,,"Dalmacija, More, Ja I Ti",,,,2000.0,,,,,,,,,,"2000.0-Dalmacija, More, Ja I Ti","2000.0-Dalmacija, More, Ja I Ti/2015.0-Orange Collection"
Vinko Coce,Vinko Coce,Izdalo Nas I Nebo I More,4:19,,"Dalmacija, More, Ja I Ti",,,,2000.0,,,,,,,,,,"2000.0-Dalmacija, More, Ja I Ti","2000.0-Dalmacija, More, Ja I Ti/2015.0-Orange Collection"
Vinko Coce,Vinko Coce,Pivci Pivaju,4:13,,"Dalmacija, More, Ja I Ti",,,,2000.0,,,,,,,,,,"2000.0-Dalmacija, More, Ja I Ti","2000.0-Dalmacija, More, Ja I Ti/2015.0-Orange Collection"
Vinko Coce,Vinko Coce,Kada Umren,3:39,,"Dalmacija, More, Ja I Ti",,,,2000.0,,,,,,,,,,"2000.0-Dalmacija, More, Ja I Ti","2000.0-Dalmacija, More, Ja I Ti/2015.0-Orange Collection"
Vinko Coce,Vinko Coce,Kapetane,4:48,,"Dalmacija, More, Ja I Ti",,,,2000.0,,,,,,,,,,"2000.0-Dalmacija, More, Ja I Ti","2000.0-Dalmacija, More, Ja I Ti/2015.0-Orange Collection"
Vinko Coce,Vinko Coce,Crna Zurka,4:21,,"Dalmacija, More, Ja I Ti",,,,2000.0,,,,,,,,,,"2000.0-Dalmacija, More, Ja I Ti","2000.0-Dalmacija, More, Ja I Ti"
Vinko Coce,Vinko Coce,Marela,4:04,,"Dalmacija, More, Ja I Ti",,,,2000.0,,,,,,,,,,"2000.0-Dalmacija, More, Ja I Ti","2000.0-Dalmacija, More, Ja I Ti/nan-Sve Najbolje/2006.0-Zlatni Hitovi Dalmacije/2015.0-Orange Collection"
Vinko Coce,Vinko Coce,Bandire Od Svile,4:31,,"Dalmacija, More, Ja I Ti",,,,2000.0,,,,,,,,,,"2000.0-Dalmacija, More, Ja I Ti","2000.0-Dalmacija, More, Ja I Ti/2015.0-Orange Collection"
Vinko Coce,Vinko Coce,Komoštra,4:34,,"Dalmacija, More, Ja I Ti",,,,2000.0,,,,,,,,,,"2000.0-Dalmacija, More, Ja I Ti","2000.0-Dalmacija, More, Ja I Ti/2015.0-Orange Collection"
Vinko Coce,Vinko Coce,Pape,4:22,,"Dalmacija, More, Ja I Ti",,,,2000.0,,,,,,,,,,"2000.0-Dalmacija, More, Ja I Ti","2000.0-Dalmacija, More, Ja I Ti/2001.0-Ribarska noć/2015.0-Orange Collection"
Vinko Coce,Vinko Coce,Nima Dana,3:47,,"Dalmacija, More, Ja I Ti",,,,2000.0,,,,,,,,,,"2000.0-Dalmacija, More, Ja I Ti","2000.0-Dalmacija, More, Ja I Ti/2015.0-Orange Collection"
Vinko Coce,Vinko Coce,Ave Marija,3:22,,"Dalmacija, More, Ja I Ti",,,,2000.0,,,,,,,,,,"2000.0-Dalmacija, More, Ja I Ti","2000.0-Dalmacija, More, Ja I Ti"
Vinko Coce,Vinko Coce,Pijani od ljubavi,3:45,,Ribarska noć,,,,2001.0,,,,,,,,,,2001.0-Ribarska noć,2001.0-Ribarska noć
Vinko Coce,Vinko Coce,U okrilju snova,3:01,,Ribarska noć,,,,2001.0,,,,,,,,,,2001.0-Ribarska noć,2001.0-Ribarska noć
Vinko Coce,Vinko Coce,Starac i more,2:28,,Ribarska noć,,,,2001.0,,,,,,,,,,2001.0-Ribarska noć,2001.0-Ribarska noć
Vinko Coce,Vinko Coce,Nakon lita,2:57,,Ribarska noć,,,,2001.0,,,,,,,,,,2001.0-Ribarska noć,2001.0-Ribarska noć
Vinko Coce,Vinko Coce,Dite dalmatinskog krša,3:31,,Ribarska noć,,,,2001.0,,,,,,,,,,2001.0-Ribarska noć,2001.0-Ribarska noć
Vinko Coce,Vinko Coce,Stvoren za tebe,3:23,,Ribarska noć,,,,2001.0,,,,,,,,,,2001.0-Ribarska noć,2001.0-Ribarska noć
Vinko Coce,Vinko Coce,Sam,3:31,,Ribarska noć,,,,2001.0,,,,,,,,,,2001.0-Ribarska noć,2001.0-Ribarska noć/2015.0-Orange Collection
Vinko Coce,Vinko Coce,Ribarska noć,3:11,,Ribarska noć,,,,2001.0,,,,,,,,,,2001.0-Ribarska noć,2001.0-Ribarska noć
Vinko Coce,Vinko Coce,Stari kapo,2:32,,Ribarska noć,,,,2001.0,,,,,,,,,,2001.0-Ribarska noć,2001.0-Ribarska noć
Vinko Coce,Vinko Coce,Nek Zapiva Moja Dalmacija,3:40,,Sve Najbolje,,,,,,,,,,,,,,nan-Sve Najbolje,nan-Sve Najbolje
Vinko Coce,Vinko Coce,Sićaš Li Se Lungomare,4:06,,Sve Najbolje,,,,,,,,,,,,,,nan-Sve Najbolje,nan-Sve Najbolje/2006.0-Zlatna Kolekcija
Vinko Coce,Vinko Coce,Priko Mosta O Ciova,1:46,Traditional,Tenori I Tenorine O Svome Trogiru,,,,2002.0,Eduard Tudor,Duško Geić,,,,,,,,2002.0-Tenori I Tenorine O Svome Trogiru,2002.0-Tenori I Tenorine O Svome Trogiru
Vinko Coce,Vinko Coce,Okruk Selo,1:23,Traditional,Tenori I Tenorine O Svome Trogiru,,,,2002.0,,Josip Veršić,,,,,,,,2002.0-Tenori I Tenorine O Svome Trogiru,2002.0-Tenori I Tenorine O Svome Trogiru
Vinko Coce,Vinko Coce,Lipe Jesu Zelene Livade,1:14,Traditional,Tenori I Tenorine O Svome Trogiru,,,,2002.0,Nikolaj Žličar,Giuseppe Bozzotti,,,,,,,,2002.0-Tenori I Tenorine O Svome Trogiru,2002.0-Tenori I Tenorine O Svome Trogiru
Vinko Coce,Vinko Coce,Na Ciovu Saldun,1:06,Traditional,Tenori I Tenorine O Svome Trogiru,,,,2002.0,Dinko Fio,Nikola Buble,,,,,,,,2002.0-Tenori I Tenorine O Svome Trogiru,2002.0-Tenori I Tenorine O Svome Trogiru
Vinko Coce,Vinko Coce,Svet Ivane O Moga Trogira,2:09,Traditional,Tenori I Tenorine O Svome Trogiru,,,,2002.0,Nikola Buble,Nikola Buble,,,,,,,,2002.0-Tenori I Tenorine O Svome Trogiru,2002.0-Tenori I Tenorine O Svome Trogiru
Vinko Coce,Vinko Coce,Grlica Je Propivala,2:41,Traditional,Tenori I Tenorine O Svome Trogiru,,,,2002.0,Igor Kuljerić,Nikola Buble,,,,,,,,2002.0-Tenori I Tenorine O Svome Trogiru,2002.0-Tenori I Tenorine O Svome Trogiru
Vinko Coce,Vinko Coce,Falila Se Radunova Ane,2:26,Traditional,Tenori I Tenorine O Svome Trogiru,,,,2002.0,Milan Andrić,Duško Tambača,,,,,,,,2002.0-Tenori I Tenorine O Svome Trogiru,2002.0-Tenori I Tenorine O Svome Trogiru
Vinko Coce,Vinko Coce,Nećeš Višje Govoriti Majko,1:34,Traditional,Tenori I Tenorine O Svome Trogiru,,,,2002.0,Duško Geić,Duško Geić,,,,,,,,2002.0-Tenori I Tenorine O Svome Trogiru,2002.0-Tenori I Tenorine O Svome Trogiru
Vinko Coce,Vinko Coce,Projden Kroz Pasike,1:32,Traditional,Tenori I Tenorine O Svome Trogiru,,,,2002.0,Josip Veršić,Duško Geić,,,,,,,,2002.0-Tenori I Tenorine O Svome Trogiru,2002.0-Tenori I Tenorine O Svome Trogiru
Vinko Coce,Vinko Coce,Pisma Trogiru,2:34,,Tenori I Tenorine O Svome Trogiru,Stjepan Benzon,Tonči Papić,,2002.0,Ivo Lesić,,,,,,,,,2002.0-Tenori I Tenorine O Svome Trogiru,2002.0-Tenori I Tenorine O Svome Trogiru/2006.0-More Sinje/0.0-Dalmatinski Biseri
Vinko Coce,Vinko Coce,Mirno Spavaj Ružo Moja,3:57,,Tenori I Tenorine O Svome Trogiru,Nenad Ninčević,Nenad Ninčević,,2002.0,Joško Banov,,,,,,,,,2002.0-Tenori I Tenorine O Svome Trogiru,2002.0-Tenori I Tenorine O Svome Trogiru/2015.0-Orange Collection
Vinko Coce,Vinko Coce,Da Je Meni S Tobon Kroz Pasike,3:06,,Tenori I Tenorine O Svome Trogiru,Nenad Ninčević,Nenad Ninčević,,2002.0,Joško Banov,,,,,,,,,2002.0-Tenori I Tenorine O Svome Trogiru,2002.0-Tenori I Tenorine O Svome Trogiru/2015.0-Orange Collection
Vinko Coce,Vinko Coce,U Zaljevu Malom Gle,2:52,Unknown Artist,Tenori I Tenorine O Svome Trogiru,,,,2002.0,Joško Banov,,,,,,,,,2002.0-Tenori I Tenorine O Svome Trogiru,2002.0-Tenori I Tenorine O Svome Trogiru
Vinko Coce,Vinko Coce,Nedija,4:15,,Odriši mi dušu,,,,,Dragan Brnas,,Goran Komazin,Goran Komazin,,,,,,nan-Odriši mi dušu,nan-Odriši mi dušu/2011.0-Najljepše Ljubavne Pjesme
Vinko Coce,Vinko Coce,Mornari,3:31,,Odriši mi dušu,,,,,Dragan Brnas,,Goran Komazin,Goran Komazin,,,,,,nan-Odriši mi dušu,nan-Odriši mi dušu/2006.0-Zlatna Kolekcija
Vinko Coce,Vinko Coce,Srce ti je stina,3:20,,Odriši mi dušu,,,,,Dragan Brnas,,Goran Komazin,Goran Komazin,,,,,,nan-Odriši mi dušu,nan-Odriši mi dušu
Vinko Coce,Vinko Coce,Nek' te sunce zlati,4:38,,Odriši mi dušu,,,,,Dragan Brnas,,Goran Komazin,Goran Komazin,,,,,,nan-Odriši mi dušu,nan-Odriši mi dušu
Vinko Coce,Vinko Coce,Domenika,4:48,,Odriši mi dušu,,,,,Nikša Bratoš,,Dragan Brnas,Dragan Brnas,,,,,,nan-Odriši mi dušu,nan-Odriši mi dušu
Vinko Coce,Vinko Coce,Na Neretvu misečina pala,4:40,,Odriši mi dušu,,,,,Goran Martinac,,Goran Komazin,Traditional,Tomislav Martić,,,,,nan-Odriši mi dušu,nan-Odriši mi dušu
Vinko Coce,Vinko Coce,Odriši mi dušu,4:04,,Odriši mi dušu,,,,,Dragan Brnas,,Dragan Brnas,Dragan Brnas,,,,,,nan-Odriši mi dušu,nan-Odriši mi dušu
Vinko Coce,Vinko Coce,Daleko je srce,3:42,,Odriši mi dušu,,,,,Dragan Brnas,,Goran Komazin,Goran Komazin,,,,,,nan-Odriši mi dušu,nan-Odriši mi dušu
Vinko Coce,Vinko Coce,Gajeta,3:55,,Odriši mi dušu,,,,,Goran Martinac,,Goran Komazin,Goran Komazin,,,,,,nan-Odriši mi dušu,nan-Odriši mi dušu
Vinko Coce,Vinko Coce,Ništa nije važno (ka' i ti),4:06,,Odriši mi dušu,,,,,Dragan Brnas,,Dragan Brnas,Dragan Brnas,,,,,,nan-Odriši mi dušu,nan-Odriši mi dušu
Vinko Coce,Vinko Coce,Mix 1,06:30,,Zvuci Dalmacije / Sounds Of Dalmatia Megamix,,,,,,,,,,,,,,nan-Zvuci Dalmacije / Sounds Of Dalmatia Megamix,nan-Zvuci Dalmacije / Sounds Of Dalmatia Megamix
Vinko Coce,Vinko Coce,Mix 2,07:45,,Zvuci Dalmacije / Sounds Of Dalmatia Megamix,,,,,,,,,,,,,,nan-Zvuci Dalmacije / Sounds Of Dalmatia Megamix,nan-Zvuci Dalmacije / Sounds Of Dalmatia Megamix
Vinko Coce,Vinko Coce,Mix 3,09:37,,Zvuci Dalmacije / Sounds Of Dalmatia Megamix,,,,,,,,,,,,,,nan-Zvuci Dalmacije / Sounds Of Dalmatia Megamix,nan-Zvuci Dalmacije / Sounds Of Dalmatia Megamix
Vinko Coce,Vinko Coce,Mix 4,06:23,,Zvuci Dalmacije / Sounds Of Dalmatia Megamix,,,,,,,,,,,,,,nan-Zvuci Dalmacije / Sounds Of Dalmatia Megamix,nan-Zvuci Dalmacije / Sounds Of Dalmatia Megamix
Vinko Coce,Vinko Coce,Mix 5,08:22,,Zvuci Dalmacije / Sounds Of Dalmatia Megamix,,,,,,,,,,,,,,nan-Zvuci Dalmacije / Sounds Of Dalmatia Megamix,nan-Zvuci Dalmacije / Sounds Of Dalmatia Megamix
Vinko Coce,Vinko Coce,Mix 6,5:04,,Zvuci Dalmacije / Sounds Of Dalmatia Megamix,,,,,,,,,,,,,,nan-Zvuci Dalmacije / Sounds Of Dalmatia Megamix,nan-Zvuci Dalmacije / Sounds Of Dalmatia Megamix
Vinko Coce,Vinko Coce,Mix 7,11:14,,Zvuci Dalmacije / Sounds Of Dalmatia Megamix,,,,,,,,,,,,,,nan-Zvuci Dalmacije / Sounds Of Dalmatia Megamix,nan-Zvuci Dalmacije / Sounds Of Dalmatia Megamix
Vinko Coce,Vinko Coce,"Svaka Ti Vridi, Stari Moj",4:00,,"Svaka Ti Vridi, Stari Moj",,,,2006.0,,,,,,,,,,"2006.0-Svaka Ti Vridi, Stari Moj","2006.0-Svaka Ti Vridi, Stari Moj/2006.0-More Sinje"
Vinko Coce,Vinko Coce,Božje Ure,3:26,,Božje Ure,,,,2006.0,,,,,,,,,,2006.0-Božje Ure,2006.0-Božje Ure/2006.0-More Sinje/0.0-Dalmatinski Biseri
Vinko Coce,Vinko Coce,More Sinje,,,More Sinje,,,,2006.0,,,,,,,,,,2006.0-More Sinje,2006.0-More Sinje/0.0-Dalmatinski Biseri
Vinko Coce,Vinko Coce,Pod Tvojom Zastavom,,,More Sinje,,,,2006.0,,,,,,,,,,2006.0-More Sinje,2006.0-More Sinje/0.0-Dalmatinski Biseri
Vinko Coce,Vinko Coce,Plovila Mala Barka,,,More Sinje,,,,2006.0,,,,,,Marina Tomašević,,,,2006.0-More Sinje,2006.0-More Sinje/2006.0-More Sinje/2006.0-Zlatni Hitovi Dalmacije/0.0-Dalmatinski Biseri
Vinko Coce,Vinko Coce,"Dalmacijo, Ja Sam Tvoje Sime",,,More Sinje,,,,2006.0,,,,,,,,,,2006.0-More Sinje,2006.0-More Sinje
Vinko Coce,Vinko Coce,Pescatori,,,More Sinje,,,,2006.0,,,,,,,,,,2006.0-More Sinje,2006.0-More Sinje
Vinko Coce,Vinko Coce,More Li,,,More Sinje,,,,2006.0,,,,,,"Klapa ""Trogir""",,,,2006.0-More Sinje,2006.0-More Sinje/2006.0-More Sinje/2006.0-Zlatni Hitovi Dalmacije/2006.0-Zlatna Kolekcija/2008.0-Ne Damo Te Pismo Naša/2011.0-Najljepše Ljubavne Pjesme/2017.0-The Best Of Collection/0.0-Dalmatinski Biseri
Vinko Coce,Vinko Coce,Tučepi,,,More Sinje,,,,2006.0,,,,,,,,,,2006.0-More Sinje,2006.0-More Sinje/2006.0-More Sinje/0.0-Dalmatinski Biseri
Vinko Coce,Vinko Coce,Ma,,,More Sinje,,,,2006.0,,,,,,Klapa Putalj,,,,2006.0-More Sinje,2006.0-More Sinje/0.0-Dalmatinski Biseri
Vinko Coce,Vinko Coce,Živote Moj,,,More Sinje,,,,2006.0,,,,,,Goran Karan,,,,2006.0-More Sinje,2006.0-More Sinje/0.0-Dalmatinski Biseri
Vinko Coce,Vinko Coce,Ča Je Život,,,More Sinje,,,,2006.0,,,,,,Klapa Sveti Juraj - Hrm,,,,2006.0-More Sinje,2006.0-More Sinje/0.0-Dalmatinski Biseri
Vinko Coce,Vinko Coce,"More, Riba, Galeb, Sunce",,,More Sinje,,,,2006.0,,,,,,Duško Mucalo,,,,2006.0-More Sinje,2006.0-More Sinje
Vinko Coce,Vinko Coce,Video Spotovi:,,,More Sinje,,,,2006.0,,,,,,,,,,2006.0-More Sinje,2006.0-More Sinje
Vinko Coce,Vinko Coce,Sićaš Li Se Lungo Mare,04:05,,Zlatni Hitovi Dalmacije,,,,2006.0,,,,,,,,,,2006.0-Zlatni Hitovi Dalmacije,2006.0-Zlatni Hitovi Dalmacije/2011.0-Najljepše Ljubavne Pjesme/2017.0-The Best Of Collection
Vinko Coce,Vinko Coce,Hej Živote Moj,03:02,,Zlatni Hitovi Dalmacije,,,,2006.0,,,,,,,,,,2006.0-Zlatni Hitovi Dalmacije,2006.0-Zlatni Hitovi Dalmacije/2006.0-Zlatna Kolekcija
Vinko Coce,Vinko Coce,Vilo Moja,03:57,,Zlatni Hitovi Dalmacije,,,,2006.0,,,,,,"Klapa ""Krk""",,,,2006.0-Zlatni Hitovi Dalmacije,2006.0-Zlatni Hitovi Dalmacije/2008.0-Ne Damo Te Pismo Naša/2008.0-Na Mostu Jubavi
Vinko Coce,Vinko Coce,Nek' Te Sunce Zlati,4:38,,Zlatna Kolekcija,,,,2006.0,,,,,,,,,,2006.0-Zlatna Kolekcija,2006.0-Zlatna Kolekcija
Vinko Coce,Vinko Coce,Srce Ti Je Stina,3:20,,Zlatna Kolekcija,,,,2006.0,,,,,,,,,,2006.0-Zlatna Kolekcija,2006.0-Zlatna Kolekcija/2011.0-Najljepše Ljubavne Pjesme/2017.0-The Best Of Collection
Vinko Coce,Vinko Coce,Zaspalo Je Siroče,,,Ne Damo Te Pismo Naša,,,,2008.0,,,,,,,,,,2008.0-Ne Damo Te Pismo Naša,2008.0-Ne Damo Te Pismo Naša
Vinko Coce,Vinko Coce,Zemlja,,,Ne Damo Te Pismo Naša,,,,2008.0,,,,,,,,,,2008.0-Ne Damo Te Pismo Naša,2008.0-Ne Damo Te Pismo Naša/2010.0-Dite Sa Škoja
Vinko Coce,Vinko Coce,More,,,Ne Damo Te Pismo Naša,,,,2008.0,,,,,,,,,,2008.0-Ne Damo Te Pismo Naša,2008.0-Ne Damo Te Pismo Naša
Vinko Coce,Vinko Coce,Bodulska Balada,,,Ne Damo Te Pismo Naša,,,,2008.0,,,,,,,,,,2008.0-Ne Damo Te Pismo Naša,2008.0-Ne Damo Te Pismo Naša
Vinko Coce,Vinko Coce,Ruzinavi Brod,,,Ne Damo Te Pismo Naša,,,,2008.0,,,,,,,,,,2008.0-Ne Damo Te Pismo Naša,2008.0-Ne Damo Te Pismo Naša
Vinko Coce,Vinko Coce,Ne More Me Bit,,,Ne Damo Te Pismo Naša,,,,2008.0,,,,,,,,,,2008.0-Ne Damo Te Pismo Naša,2008.0-Ne Damo Te Pismo Naša
Vinko Coce,Vinko Coce,Daleko Me Biser Mora,,,Ne Damo Te Pismo Naša,,,,2008.0,,,,,,,,,,2008.0-Ne Damo Te Pismo Naša,2008.0-Ne Damo Te Pismo Naša
Vinko Coce,Vinko Coce,Nevera,,,Ne Damo Te Pismo Naša,,,,2008.0,,,,,,,,,,2008.0-Ne Damo Te Pismo Naša,2008.0-Ne Damo Te Pismo Naša
Vinko Coce,Vinko Coce,Lijepa Moja,,,Ne Damo Te Pismo Naša,,,,2008.0,,,,,,,,,,2008.0-Ne Damo Te Pismo Naša,2008.0-Ne Damo Te Pismo Naša
Vinko Coce,Vinko Coce,Budi Noćas Mirno More,,,Ne Damo Te Pismo Naša,,,,2008.0,,,,,,,,,,2008.0-Ne Damo Te Pismo Naša,2008.0-Ne Damo Te Pismo Naša
Vinko Coce,Vinko Coce,Kada Umren Umotan U Bilo,,,Ne Damo Te Pismo Naša,,,,2008.0,,,,,,,,,,2008.0-Ne Damo Te Pismo Naša,2008.0-Ne Damo Te Pismo Naša
Vinko Coce,Vinko Coce,Pisma Splitu,,,Ne Damo Te Pismo Naša,,,,2008.0,,,,,,,,,,2008.0-Ne Damo Te Pismo Naša,2008.0-Ne Damo Te Pismo Naša
Vinko Coce,Vinko Coce,Pisma Starog Slavuja,,,Na Mostu Jubavi,,,,2008.0,,,,,,,,,,2008.0-Na Mostu Jubavi,2008.0-Na Mostu Jubavi
Vinko Coce,Vinko Coce,Prošla Je Lipota,,,Na Mostu Jubavi,,,,2008.0,,,,,,,,,,2008.0-Na Mostu Jubavi,2008.0-Na Mostu Jubavi
Vinko Coce,Vinko Coce,Na Pustom Škoju,,,Na Mostu Jubavi,,,,2008.0,,,,,,,,,,2008.0-Na Mostu Jubavi,2008.0-Na Mostu Jubavi
Vinko Coce,Vinko Coce,Ja Sam Tvoja Hrid,,,Na Mostu Jubavi,,,,2008.0,,,,,,,,,,2008.0-Na Mostu Jubavi,2008.0-Na Mostu Jubavi
Vinko Coce,Vinko Coce,Lipo Naše More,,,Na Mostu Jubavi,,,,2008.0,,,,,,,,,,2008.0-Na Mostu Jubavi,2008.0-Na Mostu Jubavi
Vinko Coce,Vinko Coce,Na Mostu Jubavi,,,Na Mostu Jubavi,,,,2008.0,,,,,,,,,,2008.0-Na Mostu Jubavi,2008.0-Na Mostu Jubavi
Vinko Coce,Vinko Coce,Sunce Moje Dalmatinsko,,,Na Mostu Jubavi,,,,2008.0,,,,,,,,,,2008.0-Na Mostu Jubavi,2008.0-Na Mostu Jubavi
Vinko Coce,Vinko Coce,Cviće Moje,,,Na Mostu Jubavi,,,,2008.0,,,,,,,,,,2008.0-Na Mostu Jubavi,2008.0-Na Mostu Jubavi
Vinko Coce,Vinko Coce,Dec Po Dec,,,Na Mostu Jubavi,,,,2008.0,,,,,,,,,,2008.0-Na Mostu Jubavi,2008.0-Na Mostu Jubavi
Vinko Coce,Vinko Coce,Tri San Ti Dana,,,Na Mostu Jubavi,,,,2008.0,,,,,,,,,,2008.0-Na Mostu Jubavi,2008.0-Na Mostu Jubavi/0.0-Dalmatinski Biseri
Vinko Coce,Vinko Coce,Put Ka Sreći,,,Put Ka Sreći • Hrvatski Glazbenici Za Ivu Josipovića,,,,2010.0,,,,,,,,,,2010.0-Put Ka Sreći • Hrvatski Glazbenici Za Ivu Josipovića,2010.0-Put Ka Sreći • Hrvatski Glazbenici Za Ivu Josipovića/2010.0-Put Ka Sreći • Hrvatski Glazbenici Za Ivu Josipovića
Vinko Coce,Vinko Coce,Bonus,,,Put Ka Sreći • Hrvatski Glazbenici Za Ivu Josipovića,,,,2010.0,,,,,,,,,,2010.0-Put Ka Sreći • Hrvatski Glazbenici Za Ivu Josipovića,2010.0-Put Ka Sreći • Hrvatski Glazbenici Za Ivu Josipovića
Vinko Coce,Vinko Coce,Ribari Na Ribe,,,Dite Sa Škoja,,,,2010.0,,,,,,,,,,2010.0-Dite Sa Škoja,2010.0-Dite Sa Škoja
Vinko Coce,Vinko Coce,Zlatni Pir,,,Dite Sa Škoja,,,,2010.0,,,,,,,,,,2010.0-Dite Sa Škoja,2010.0-Dite Sa Škoja
Vinko Coce,Vinko Coce,Dite Sa Škoja,,,Dite Sa Škoja,,,,2010.0,,,,,,,,,,2010.0-Dite Sa Škoja,2010.0-Dite Sa Škoja
Vinko Coce,Vinko Coce,Poj Do Podruma,,,Dite Sa Škoja,,,,2010.0,,,,,,,,,,2010.0-Dite Sa Škoja,2010.0-Dite Sa Škoja
Vinko Coce,Vinko Coce,Lipo Li Je Naše Čiovo,,,Dite Sa Škoja,,,,2010.0,,,,,,,,,,2010.0-Dite Sa Škoja,2010.0-Dite Sa Škoja
Vinko Coce,Vinko Coce,Kupi Kruv I Slobodnu,,,Dite Sa Škoja,,,,2010.0,,,,,,,,,,2010.0-Dite Sa Škoja,2010.0-Dite Sa Škoja
Vinko Coce,Vinko Coce,Kad Bih Ja,,,Dite Sa Škoja,,,,2010.0,,,,,,,,,,2010.0-Dite Sa Škoja,2010.0-Dite Sa Škoja
Vinko Coce,Vinko Coce,Ako Tebi Ikad Falim,,,Dite Sa Škoja,,,,2010.0,,,,,,,,,,2010.0-Dite Sa Škoja,2010.0-Dite Sa Škoja
Vinko Coce,Vinko Coce,Dojdi Tiho,,,Dite Sa Škoja,,,,2010.0,,,,,,,,,,2010.0-Dite Sa Škoja,2010.0-Dite Sa Škoja
Vinko Coce,Vinko Coce,Vraćam Se Dalmaciji,,,Dite Sa Škoja,,,,2010.0,,,,,,,,,,2010.0-Dite Sa Škoja,2010.0-Dite Sa Škoja
Vinko Coce,Vinko Coce,"Putuj, Putuj",,,Dite Sa Škoja,,,,2010.0,,,,,,,,,,2010.0-Dite Sa Škoja,2010.0-Dite Sa Škoja
Vinko Coce,Vinko Coce,Jube Moja,,,Dite Sa Škoja,,,,2010.0,,,,,,,,,,2010.0-Dite Sa Škoja,2010.0-Dite Sa Škoja
Vinko Coce,Vinko Coce,Dvi Bačve,,,Dite Sa Škoja,,,,2010.0,,,,,,,,,,2010.0-Dite Sa Škoja,2010.0-Dite Sa Škoja
Vinko Coce,Vinko Coce,Zvoni Glas,,,Dite Sa Škoja,,,,2010.0,,,,,,,,,,2010.0-Dite Sa Škoja,2010.0-Dite Sa Škoja
Vinko Coce,Vinko Coce,Čekam Te Do Zore,,,Dite Sa Škoja,,,,2010.0,,,,,,,,,,2010.0-Dite Sa Škoja,2010.0-Dite Sa Škoja
Vinko Coce,Vinko Coce,Pozdrav Iz Trpnja,,,Dite Sa Škoja,,,,2010.0,,,,,,,,,,2010.0-Dite Sa Škoja,2010.0-Dite Sa Škoja
Vinko Coce,Vinko Coce,U More Zaljubljen,,,Dite Sa Škoja,,,,2010.0,,,,,,,,,,2010.0-Dite Sa Škoja,2010.0-Dite Sa Škoja
Vinko Coce,Vinko Coce,Za Te Uvik Mora Biti,,,Dite Sa Škoja,,,,2010.0,,,,,,,,,,2010.0-Dite Sa Škoja,2010.0-Dite Sa Škoja
Vinko Coce,Vinko Coce,Kada Umrem Umotan U Bilo,,,Dite Sa Škoja,,,,2010.0,,,,,,,,,,2010.0-Dite Sa Škoja,2010.0-Dite Sa Škoja
Vinko Coce,Vinko Coce,Gornja Vala Drvenik,,,Dite Sa Škoja,,,,2010.0,,,,,,,,,,2010.0-Dite Sa Škoja,2010.0-Dite Sa Škoja
Vinko Coce,Vinko Coce,Torcida Metković,,,Dite Sa Škoja,,,,2010.0,,,,,,,,,,2010.0-Dite Sa Škoja,2010.0-Dite Sa Škoja
Vinko Coce,Vinko Coce,"Mirno Spavaj ,Ružo Moja",3:54,,Najljepše Ljubavne Pjesme,,,,2011.0,,,,,,,,,,2011.0-Najljepše Ljubavne Pjesme,2011.0-Najljepše Ljubavne Pjesme
Vinko Coce,Vinko Coce,"Mama ,Adio",3:52,,Najljepše Ljubavne Pjesme,,,,2011.0,,,,,,,,,,2011.0-Najljepše Ljubavne Pjesme,2011.0-Najljepše Ljubavne Pjesme
Vinko Coce,Vinko Coce,"Dalmatinko , Crno Oko Moje",3:15,,Najljepše Ljubavne Pjesme,,,,2011.0,,,,,,,,,,2011.0-Najljepše Ljubavne Pjesme,2011.0-Najljepše Ljubavne Pjesme
Vinko Coce,Vinko Coce,Odriši Mi Dušu,4:04,,Najljepše Ljubavne Pjesme,,,,2011.0,,,,,,,,,,2011.0-Najljepše Ljubavne Pjesme,2011.0-Najljepše Ljubavne Pjesme
Vinko Coce,Vinko Coce,Nek´ Te Sunce Zlati,4:38,,Najljepše Ljubavne Pjesme,,,,2011.0,,,,,,,,,,2011.0-Najljepše Ljubavne Pjesme,2011.0-Najljepše Ljubavne Pjesme
Vinko Coce,Vinko Coce,Srce Moje Nemoj Zaplakati,3:18,,Najljepše Ljubavne Pjesme,,,,2011.0,,,,,,,,,,2011.0-Najljepše Ljubavne Pjesme,2011.0-Najljepše Ljubavne Pjesme/2017.0-The Best Of Collection
Vinko Coce,Vinko Coce,Serenada Do Sunca,3:00,,Najljepše Ljubavne Pjesme,,,,2011.0,,,,,,,,Matko Jelavić,,2011.0-Najljepše Ljubavne Pjesme,2011.0-Najljepše Ljubavne Pjesme
Vinko Coce,Vinko Coce,"Croatio, Ponosna U Duši",3:50,,Morska Svitanja,,,,2013.0,,,,,,Najbolji Hrvatski Tamburaši,,,,2013.0-Morska Svitanja,2013.0-Morska Svitanja
Vinko Coce,Vinko Coce,Dilili Su Braća,3:18,,Morska Svitanja,,,,2013.0,,,,,,Mladen Grdović,,,,2013.0-Morska Svitanja,2013.0-Morska Svitanja
Vinko Coce,Vinko Coce,Lipa Si Ka Ruža,3:43,,Morska Svitanja,,,,2013.0,,,,,,,,,,2013.0-Morska Svitanja,2013.0-Morska Svitanja
Vinko Coce,Vinko Coce,Morska Svitanja,3:47,,Morska Svitanja,,,,2013.0,,,,,,,,,,2013.0-Morska Svitanja,2013.0-Morska Svitanja
Vinko Coce,Vinko Coce,Sveta Ana,3:52,,Morska Svitanja,,,,2013.0,,,,,,,,,,2013.0-Morska Svitanja,2013.0-Morska Svitanja
Vinko Coce,Vinko Coce,Nebeski Salaši,4:25,,Morska Svitanja,,,,2013.0,,,,,,,,,,2013.0-Morska Svitanja,2013.0-Morska Svitanja
Vinko Coce,Vinko Coce,Moje Jedino Blago,3:23,,Morska Svitanja,,,,2013.0,,,,,,,,,,2013.0-Morska Svitanja,2013.0-Morska Svitanja
Vinko Coce,Vinko Coce,Dalmatinci Pivaju Najlipše Na Svitu,3:10,,Morska Svitanja,,,,2013.0,,,,,,Ivana Kovač,,,,2013.0-Morska Svitanja,2013.0-Morska Svitanja
Vinko Coce,Vinko Coce,Ljubav Moga Života,4:31,,Morska Svitanja,,,,2013.0,,,,,,Alen Nižetić,,,,2013.0-Morska Svitanja,2013.0-Morska Svitanja
Vinko Coce,Vinko Coce,Takujin,3:01,,Morska Svitanja,,,,2013.0,,,,,,,,,,2013.0-Morska Svitanja,2013.0-Morska Svitanja
Vinko Coce,Vinko Coce,Smokva,3:32,,Morska Svitanja,,,,2013.0,,,,,,,,,,2013.0-Morska Svitanja,2013.0-Morska Svitanja
Vinko Coce,Vinko Coce,Čovik Bez Šoldi,3:14,,Morska Svitanja,,,,2013.0,,,,,,,,,,2013.0-Morska Svitanja,2013.0-Morska Svitanja
Vinko Coce,Vinko Coce,Ispovid,4:03,,Morska Svitanja,,,,2013.0,,,,,,Klapa Solaris,,,,2013.0-Morska Svitanja,2013.0-Morska Svitanja
Vinko Coce,Vinko Coce,Štipalica,3:36,,Morska Svitanja,,,,2013.0,,,,,,,,,,2013.0-Morska Svitanja,2013.0-Morska Svitanja
Vinko Coce,Vinko Coce,Kaznila Me Ona Za Sve U Životu,3:22,,Morska Svitanja,,,,2013.0,,,,,,Pero Panjković,,,,2013.0-Morska Svitanja,2013.0-Morska Svitanja
Vinko Coce,Vinko Coce,Bonus:,,,Morska Svitanja,,,,2013.0,,,,,,,,,,2013.0-Morska Svitanja,2013.0-Morska Svitanja
Vinko Coce,Vinko Coce,Misto Malo,3:40,,Morska Svitanja,,,,2013.0,,,,,,,,,,2013.0-Morska Svitanja,2013.0-Morska Svitanja
Vinko Coce,Vinko Coce,Bila Tico,3:11,,Morska Svitanja,,,,2013.0,,,,,,,,,,2013.0-Morska Svitanja,2013.0-Morska Svitanja
Vinko Coce,Vinko Coce,Pijani Od Ljubavi,3:43,,Orange Collection,Marija Požgaj Mešin,Joško Bogavčić,,2015.0,Joško Bogavčić,,,,,,,,,2015.0-Orange Collection,2015.0-Orange Collection
Vinko Coce,Vinko Coce,U Okrilju Snova,2:59,,Orange Collection,Marija Požgaj Mešin,Joško Bogavčić,,2015.0,Joško Bogavčić,,,,,,,,,2015.0-Orange Collection,2015.0-Orange Collection
Vinko Coce,Vinko Coce,Stvoren Za Tebe,3:21,,Orange Collection,Marija Požgaj Mešin,Joško Bogavčić,,2015.0,Joško Bogavčić,,,,,,,,,2015.0-Orange Collection,2015.0-Orange Collection
Vinko Coce,Vinko Coce,Dite Dalmatinskog Krša,3:29,,Orange Collection,Marija Požgaj Mešin,Joško Bogavčić,,2015.0,Joško Bogavčić,,,,,,,,,2015.0-Orange Collection,2015.0-Orange Collection
Vinko Coce,Vinko Coce,Ribarska Noć,3:09,,Orange Collection,Marija Požgaj Mešin,Joško Bogavčić,,2015.0,Joško Bogavčić,,,,,,,,,2015.0-Orange Collection,2015.0-Orange Collection
Vinko Coce,Vinko Coce,Daleko Je Srce,3:42,,The Best Of Collection,,,,2017.0,,,,,,,,,,2017.0-The Best Of Collection,2017.0-The Best Of Collection
Vinko Coce,Vinko Coce,Oluja Sa Sjevera,3:13,,The Best Of Collection,,,,2017.0,,,,,,,,,,2017.0-The Best Of Collection,2017.0-The Best Of Collection
Vinko Coce,Vinko Coce,Ribari / Pescatori,,,Dalmatinski Biseri,,,,0.0,,,,,,,,,,0.0-Dalmatinski Biseri,0.0-Dalmatinski Biseri
Vinko Coce,Vinko Coce,Dalmacijo Ja Sam Tvoje Sime,,,Dalmatinski Biseri,,,,0.0,,,,,,,,,,0.0-Dalmatinski Biseri,0.0-Dalmatinski Biseri
Vinko Coce,Vinko Coce,Svaka Ti Vridi Stari Moj,,,Dalmatinski Biseri,,,,0.0,,,,,,,,,,0.0-Dalmatinski Biseri,0.0-Dalmatinski Biseri
Vinko Coce,Vinko Coce,Od Galeba Krila,,,Dalmatinski Biseri,,,,0.0,,,,,,,,,,0.0-Dalmatinski Biseri,0.0-Dalmatinski Biseri
