Artist,Artist_discogs,Song_discogs,Song_duration_discogs,Album_title_discogs,Album_year_discogs,Backing Vocals_discogs,Arranged By_discogs,Music By_discogs,Producer_discogs,Guest_discogs,Lyrics By_discogs,Featuring_discogs,Backing Vocals [Additional]_discogs,Choir_discogs,Engineer [Additional Backing Vocals Recordings]_discogs,Engineer [Dobro Recordings]_discogs,Engineer [Gospel Choir Vocals Recordings]_discogs,Engineer [Vocals Recordings]_discogs,Guitar [Dobro]_discogs,Vocals [Choir Solo Parts]_discogs,Vocals [Choir]_discogs,Arranged By [Vocals]_discogs,Engineer [Guitars_discogs,Keyboards_discogs,Drum Programming Recordings]_discogs,Engineer [Sitar_discogs,Mandolins_discogs,E-bow Guitars Recordings]_discogs,Guitar [E-bow]_discogs,Sitar_discogs,Mandolin_discogs,Organ [Hammond]_discogs,Vocals_discogs,Lyrics By [Italian Lyrics]_discogs,Piano_discogs,Vocals [Featuring]_discogs,Written By [Italian Translation]_discogs,Engineer [Dobro_discogs,Performer [Boomerang]_discogs,Written-By_discogs,Engineer [Mandolins Recordings]_discogs,Engineer [Violin Recordings]_discogs,Lyrics By [Svahili]_discogs,Bass_discogs,Engineer [Drums And Bass Recordings]_discogs,Flute [Irish Flute]_discogs,Engineer [Piano Recordings]_discogs,Violin_discogs,Programmed By_discogs,Bass [Acoustic Bass]_discogs,Bass [Electric Bass]_discogs,Congas_discogs,Engineer [Drums And Bass_discogs,Piano Recordings]_discogs,Engineer [Vocals_discogs,Additional Backing Vocals_discogs,Congas Recordings]_discogs,Guitar_discogs,Guitar [Lead]_discogs,Drum Programming_discogs,Violins_discogs,Percussion Recordings]_discogs,Percussion_discogs,Engineer_discogs,Performer_discogs,Acoustic Guitar_discogs,Electric Guitar_discogs,Synthesizer_discogs,Drums_discogs,Electric Guitar [Solo]_discogs,Electric Piano_discogs,Featuring [Guest]_discogs,Acoustic Guitar [Solo]_discogs,Guitar [Nylon]_discogs,Cello_discogs,Viola_discogs,Organ_discogs,Harmonica_discogs,Bouzouki [Irish]_discogs,Violin [Pizzicato]_discogs,Organ [Solo]_discogs,Piano [Acoustic]_discogs,Accordion_discogs,Arranged By [Co-arranged]_discogs,Clarinet_discogs,Saxophone_discogs,Saxophone [Sopran]_discogs,Effects [Boomerang]_discogs,Guitar [Flamenco_discogs,Solo]_discogs,Piano [Solo]_discogs,Trumpet_discogs,Mixed By_discogs,Remix_discogs,Lyrics By [English]_discogs,Lyrics By [French]_discogs,Vocals [Duet]_discogs,Didgeridoo_discogs,Drums [Additional]_discogs,Vocals [Special Guest]_discogs,Arranged By [Choir]_discogs,Guitar [Laid Back]_discogs,Guitar [Pedal Steel]_discogs,Brass_discogs,Pedal Steel Guitar_discogs,Album_year_title_discogs,All_albums_discogs
Gibonni,Zlatan Stipišić Gibonni,Bolje Da Sam Šutio (Ne Bih Te Naljutio),,Sa Mnom Ili Bez Mene,,,,,,,,,,,,,,,,,,,,,,,,,,,,,,,,,,,,,,,,,,,,,,,,,,,,,,,,,,,,,,,,,,,,,,,,,,,,,,,,,,,,,,,,,,,,,,,,,,,,,,nan-Sa Mnom Ili Bez Mene,nan-Sa Mnom Ili Bez Mene/1993.0-Noina Arka / Sa Mnom Ili Bez Mene
Gibonni,Zlatan Stipišić Gibonni,Ciccolina,,Sa Mnom Ili Bez Mene,,,,,,,,,,,,,,,,,,,,,,,,,,,,,,,,,,,,,,,,,,,,,,,,,,,,,,,,,,,,,,,,,,,,,,,,,,,,,,,,,,,,,,,,,,,,,,,,,,,,,,nan-Sa Mnom Ili Bez Mene,nan-Sa Mnom Ili Bez Mene/1993.0-Noina Arka / Sa Mnom Ili Bez Mene/nan-Kolekcija
Gibonni,Zlatan Stipišić Gibonni,Zrno Radosti,,Sa Mnom Ili Bez Mene,,,,,,,,,,,,,,,,,,,,,,,,,,,,,,,,,,,,,,,,,,,,,,,,,,,,,,,,,,,,,,,,,,,,,,,,,,,,,,,,,,,,,,,,,,,,,,,,,,,,,,nan-Sa Mnom Ili Bez Mene,nan-Sa Mnom Ili Bez Mene/1993.0-Noina Arka / Sa Mnom Ili Bez Mene/nan-Kolekcija/2006.0-The Platinum Collection/2010.0-Najljepše Ljubavne Pjesme/2010.0-Najbolje Pjesme
Gibonni,Zlatan Stipišić Gibonni,Sve Će Biti Ko' Nekada,,Sa Mnom Ili Bez Mene,,,,,,,,,,,,,,,,,,,,,,,,,,,,,,,,,,,,,,,,,,,,,,,,,,,,,,,,,,,,,,,,,,,,,,,,,,,,,,,,,,,,,,,,,,,,,,,,,,,,,,nan-Sa Mnom Ili Bez Mene,nan-Sa Mnom Ili Bez Mene
Gibonni,Zlatan Stipišić Gibonni,...Sa Mnom Ili Bez Mene,,Sa Mnom Ili Bez Mene,,,,,,,,,,,,,,,,,,,,,,,,,,,,,,,,,,,,,,,,,,,,,,,,,,,,,,,,,,,,,,,,,,,,,,,,,,,,,,,,,,,,,,,,,,,,,,,,,,,,,,nan-Sa Mnom Ili Bez Mene,nan-Sa Mnom Ili Bez Mene
Gibonni,Zlatan Stipišić Gibonni,Kad Te Spomenem,,Sa Mnom Ili Bez Mene,,,,,,,,,,,,,,,,,,,,,,,,,,,,,,,,,,,,,,,,,,,,,,,,,,,,,,,,,,,,,,,,,,,,,,,,,,,,,,,,,,,,,,,,,,,,,,,,,,,,,,nan-Sa Mnom Ili Bez Mene,nan-Sa Mnom Ili Bez Mene/1993.0-Noina Arka / Sa Mnom Ili Bez Mene/nan-24 Karata ! 18 Velikih (1991-1998)/nan-Kolekcija/nan-The Best Of Gibonni/2006.0-The Platinum Collection/2010.0-Najljepše Ljubavne Pjesme/2010.0-Najbolje Pjesme
Gibonni,Zlatan Stipišić Gibonni,Cijelu Noć Molio Sam Nebo,,Sa Mnom Ili Bez Mene,,,,,,,,,,,,,,,,,,,,,,,,,,,,,,,,,,,,,,,,,,,,,,,,,,,,,,,,,,,,,,,,,,,,,,,,,,,,,,,,,,,,,,,,,,,,,,,,,,,,,,nan-Sa Mnom Ili Bez Mene,nan-Sa Mnom Ili Bez Mene/1993.0-Noina Arka / Sa Mnom Ili Bez Mene/nan-Kolekcija
Gibonni,Zlatan Stipišić Gibonni,Zar Bih Te Povrijedio,,Sa Mnom Ili Bez Mene,,,,,,,,,,,,,,,,,,,,,,,,,,,,,,,,,,,,,,,,,,,,,,,,,,,,,,,,,,,,,,,,,,,,,,,,,,,,,,,,,,,,,,,,,,,,,,,,,,,,,,nan-Sa Mnom Ili Bez Mene,nan-Sa Mnom Ili Bez Mene/1993.0-Noina Arka / Sa Mnom Ili Bez Mene/nan-Kolekcija
Gibonni,Zlatan Stipišić Gibonni,Nek' Se Dijete Zove Kao Ja,,Nek' Se Dijete Zove Kao Ja / Noina Arka,1993.0,,,,,,,,,,,,,,,,,,,,,,,,,,,,,,,,,,,,,,,,,,,,,,,,,,,,,,,,,,,,,,,,,,,,,,,,,,,,,,,,,,,,,,,,,,,,,,,,,,,,,1993.0-Nek' Se Dijete Zove Kao Ja / Noina Arka,1993.0-Nek' Se Dijete Zove Kao Ja / Noina Arka/1993.0-Noina Arka / Sa Mnom Ili Bez Mene/nan-Noina Arka/nan-24 Karata ! 18 Velikih (1991-1998)/nan-The Best Of Gibonni/2009.0-The best Of/2010.0-Najbolje Pjesme
Gibonni,Zlatan Stipišić Gibonni,Noina Arka,,Nek' Se Dijete Zove Kao Ja / Noina Arka,1993.0,,,,,,,,,,,,,,,,,,,,,,,,,,,,,,,,,,,,,,,,,,,,,,,,,,,,,,,,,,,,,,,,,,,,,,,,,,,,,,,,,,,,,,,,,,,,,,,,,,,,,1993.0-Nek' Se Dijete Zove Kao Ja / Noina Arka,1993.0-Nek' Se Dijete Zove Kao Ja / Noina Arka/1993.0-Noina Arka / Sa Mnom Ili Bez Mene/nan-Noina Arka/nan-Koncert/nan-Kolekcija/nan-Kolekcija/2009.0-The best Of/2010.0-Najljepše Ljubavne Pjesme
Gibonni,Zlatan Stipišić Gibonni,Zlatne Godine,4:24,Zlatne Godine / Zlatne Godine (Unplugged Verzija),1993.0,,,,,,,,,,,,,,,,,,,,,,,,,,,,,,,,,,,,,,,,,,,,,,,,,,,,,,,,,,,,,,,,,,,,,,,,,,,,,,,,,,,,,,,,,,,,,,,,,,,,,1993.0-Zlatne Godine / Zlatne Godine (Unplugged Verzija),1993.0-Zlatne Godine / Zlatne Godine (Unplugged Verzija)/1993.0-Noina Arka / Sa Mnom Ili Bez Mene/nan-Noina Arka/nan-Koncert/nan-24 Karata ! 18 Velikih (1991-1998)/nan-Kolekcija/nan-Kolekcija/nan-The Best Of Gibonni/2006.0-The Platinum Collection/2009.0-The best Of/2010.0-Najbolje Pjesme
Gibonni,Zlatan Stipišić Gibonni,Zlatne Godine (Unplugged Verzija),4:27,Zlatne Godine / Zlatne Godine (Unplugged Verzija),1993.0,,,,,,,,,,,,,,,,,,,,,,,,,,,,,,,,,,,,,,,,,,,,,,,,,,,,,,,,,,,,,,,,,,,,,,,,,,,,,,,,,,,,,,,,,,,,,,,,,,,,,1993.0-Zlatne Godine / Zlatne Godine (Unplugged Verzija),1993.0-Zlatne Godine / Zlatne Godine (Unplugged Verzija)
Gibonni,Zlatan Stipišić Gibonni,Suviše Sam Njen,3:27,Noina Arka / Sa Mnom Ili Bez Mene,1993.0,,,,,,,,,,,,,,,,,,,,,,,,,,,,,,,,,,,,,,,,,,,,,,,,,,,,,,,,,,,,,,,,,,,,,,,,,,,,,,,,,,,,,,,,,,,,,,,,,,,,,1993.0-Noina Arka / Sa Mnom Ili Bez Mene,1993.0-Noina Arka / Sa Mnom Ili Bez Mene/nan-Noina Arka/nan-Kolekcija/2010.0-Najljepše Ljubavne Pjesme
Gibonni,Zlatan Stipišić Gibonni,Ostat Ću Na Nogama,4:47,Noina Arka / Sa Mnom Ili Bez Mene,1993.0,,,,,,,,,,,,,,,,,,,,,,,,,,,,,,,,,,,,,,,,,,,,,,,,,,,,,,,,,,,,,,,,,,,,,,,,,,,,,,,,,,,,,,,,,,,,,,,,,,,,,1993.0-Noina Arka / Sa Mnom Ili Bez Mene,1993.0-Noina Arka / Sa Mnom Ili Bez Mene/nan-Noina Arka/nan-Kolekcija
Gibonni,Zlatan Stipišić Gibonni,Dobri Judi/Split '93,3:30,Noina Arka / Sa Mnom Ili Bez Mene,1993.0,,,,,,,,,,,,,,,,,,,,,,,,,,,,,,,,,,,,,,,,,,,,,,,,,,,,,,,,,,,,,,,,,,,,,,,,,,,,,,,,,,,,,,,,,,,,,,,,,,,,,1993.0-Noina Arka / Sa Mnom Ili Bez Mene,1993.0-Noina Arka / Sa Mnom Ili Bez Mene
Gibonni,Zlatan Stipišić Gibonni,Nisi Htjela Siromaha,3:54,Noina Arka / Sa Mnom Ili Bez Mene,1993.0,,,,,,,,,,,,,,,,,,,,,,,,,,,,,,,,,,,,,,,,,,,,,,,,,,,,,,,,,,,,,,,,,,,,,,,,,,,,,,,,,,,,,,,,,,,,,,,,,,,,,1993.0-Noina Arka / Sa Mnom Ili Bez Mene,1993.0-Noina Arka / Sa Mnom Ili Bez Mene/nan-Noina Arka/nan-Kolekcija
Gibonni,Zlatan Stipišić Gibonni,Tebe Nisam Bio Vrijedan/Split '92,3:38,Noina Arka / Sa Mnom Ili Bez Mene,1993.0,,,,,,,,,,,,,,,,,,,,,,,,,,,,,,,,,,,,,,,,,,,,,,,,,,,,,,,,,,,,,,,,,,,,,,,,,,,,,,,,,,,,,,,,,,,,,,,,,,,,,1993.0-Noina Arka / Sa Mnom Ili Bez Mene,1993.0-Noina Arka / Sa Mnom Ili Bez Mene
Gibonni,Zlatan Stipišić Gibonni,Kaplja Voska,4:12,Noina Arka / Sa Mnom Ili Bez Mene,1993.0,,,,,,,,,,,,,,,,,,,,,,,,,,,,,,,,,,,,,,,,,,,,,,,,,,,,,,,,,,,,,,,,,,,,,,,,,,,,,,,,,,,,,,,,,,,,,,,,,,,,,1993.0-Noina Arka / Sa Mnom Ili Bez Mene,1993.0-Noina Arka / Sa Mnom Ili Bez Mene/nan-Noina Arka/nan-Kolekcija
Gibonni,Zlatan Stipišić Gibonni,Mi Smo Prvaci,4:20,Noina Arka / Sa Mnom Ili Bez Mene,1993.0,,,,,,,,,,,,,,,,,,,,,,,,,,,,,,,,,,,,,,,,,,,,,,,,,,,,,,,,,,,,,,,,,,,,,,,,,,,,,,,,,,,,,,,,,,,,,,,,,,,,,1993.0-Noina Arka / Sa Mnom Ili Bez Mene,1993.0-Noina Arka / Sa Mnom Ili Bez Mene/nan-Noina Arka/nan-Kolekcija
Gibonni,Zlatan Stipišić Gibonni,Sve Će Biti K'o Nekada,4:11,Noina Arka / Sa Mnom Ili Bez Mene,1993.0,,,,,,,,,,,,,,,,,,,,,,,,,,,,,,,,,,,,,,,,,,,,,,,,,,,,,,,,,,,,,,,,,,,,,,,,,,,,,,,,,,,,,,,,,,,,,,,,,,,,,1993.0-Noina Arka / Sa Mnom Ili Bez Mene,1993.0-Noina Arka / Sa Mnom Ili Bez Mene
Gibonni,Zlatan Stipišić Gibonni,Sa Mnom Ili Bez Mene,3:36,Noina Arka / Sa Mnom Ili Bez Mene,1993.0,,,,,,,,,,,,,,,,,,,,,,,,,,,,,,,,,,,,,,,,,,,,,,,,,,,,,,,,,,,,,,,,,,,,,,,,,,,,,,,,,,,,,,,,,,,,,,,,,,,,,1993.0-Noina Arka / Sa Mnom Ili Bez Mene,1993.0-Noina Arka / Sa Mnom Ili Bez Mene/nan-Koncert/nan-24 Karata ! 18 Velikih (1991-1998)/nan-Kolekcija/nan-Kolekcija/nan-The Best Of Gibonni/2006.0-The Platinum Collection/2009.0-The best Of/2010.0-Najljepše Ljubavne Pjesme
Gibonni,Zlatan Stipišić Gibonni,Dobri Judi,3:30,Noina Arka,,,,,,,,,,,,,,,,,,,,,,,,,,,,,,,,,,,,,,,,,,,,,,,,,,,,,,,,,,,,,,,,,,,,,,,,,,,,,,,,,,,,,,,,,,,,,,,,,,,,,,nan-Noina Arka,nan-Noina Arka/nan-Koncert/nan-24 Karata ! 18 Velikih (1991-1998)/nan-Kolekcija/nan-Kolekcija/nan-The Best Of Gibonni/2006.0-The Platinum Collection/2009.0-The best Of/2010.0-Najljepše Ljubavne Pjesme/2010.0-Najbolje Pjesme
Gibonni,Zlatan Stipišić Gibonni,Tebe Nisam Bio Vrijedan,3:38,Noina Arka,,,,,,,,,,,,,,,,,,,,,,,,,,,,,,,,,,,,,,,,,,,,,,,,,,,,,,,,,,,,,,,,,,,,,,,,,,,,,,,,,,,,,,,,,,,,,,,,,,,,,,nan-Noina Arka,nan-Noina Arka/nan-Koncert/nan-24 Karata ! 18 Velikih (1991-1998)/2000.0-HTisdn Millennium Koncert/nan-Kolekcija/nan-Kolekcija/nan-The Best Of Gibonni/2006.0-The Platinum Collection/2010.0-Najljepše Ljubavne Pjesme/2010.0-Najbolje Pjesme
Gibonni,Zlatan Stipišić Gibonni,Nije Vrime Od Nedije U Polje Poći,3:53,Kruna Od Perja,,,,,,,,,,,,,,,,,,,,,,,,,,,,,,,,,,,,,,,,,,,,,,,,,,,,,,,,,,,,,,,,,,,,,,,,,,,,,,,,,,,,,,,,,,,,,,,,,,,,,,nan-Kruna Od Perja,nan-Kruna Od Perja
Gibonni,Zlatan Stipišić Gibonni,Kruna Od Perja,3:47,Kruna Od Perja,,,,,,,,,,,,,,,,,,,,,,,,,,,,,,,,,,,,,,,,,,,,,,,,,,,,,,,,,,,,,,,,,,,,,,,,,,,,,,,,,,,,,,,,,,,,,,,,,,,,,,nan-Kruna Od Perja,nan-Kruna Od Perja/nan-Kolekcija/2006.0-The Platinum Collection/2010.0-Najljepše Ljubavne Pjesme/2010.0-Najbolje Pjesme
Gibonni,Zlatan Stipišić Gibonni,Dvije Duše,5:09,Kruna Od Perja,,,,,,,,,,,,,,,,,,,,,,,,,,,,,,,,,,,,,,,,,,,,,,,,,,,,,,,,,,,,,,,,,,,,,,,,,,,,,,,,,,,,,,,,,,,,,,,,,,,,,,nan-Kruna Od Perja,nan-Kruna Od Perja/nan-Koncert/nan-24 Karata ! 18 Velikih (1991-1998)/nan-Kolekcija/nan-Kolekcija/nan-The Best Of Gibonni/2006.0-The Platinum Collection/nan-Live Acoustic:Electric/2010.0-Najljepše Ljubavne Pjesme/2010.0-Najbolje Pjesme
Gibonni,Zlatan Stipišić Gibonni,Ozdravi Mi Ti,4:10,Kruna Od Perja,,,,,,,,,,,,,,,,,,,,,,,,,,,,,,,,,,,,,,,,,,,,,,,,,,,,,,,,,,,,,,,,,,,,,,,,,,,,,,,,,,,,,,,,,,,,,,,,,,,,,,nan-Kruna Od Perja,nan-Kruna Od Perja/nan-Koncert/nan-24 Karata ! 18 Velikih (1991-1998)/nan-Kolekcija/nan-Kolekcija/nan-The Best Of Gibonni/2006.0-The Platinum Collection/2009.0-The best Of/2010.0-Najbolje Pjesme
Gibonni,Zlatan Stipišić Gibonni,Predstavi Se Tko Si,4:25,Kruna Od Perja,,,,,,,,,,,,,,,,,,,,,,,,,,,,,,,,,,,,,,,,,,,,,,,,,,,,,,,,,,,,,,,,,,,,,,,,,,,,,,,,,,,,,,,,,,,,,,,,,,,,,,nan-Kruna Od Perja,nan-Kruna Od Perja
Gibonni,Zlatan Stipišić Gibonni,Goli Pod Zvjezdama,4:36,Kruna Od Perja,,,,,,,,,,,,,,,,,,,,,,,,,,,,,,,,,,,,,,,,,,,,,,,,,,,,,,,,,,,,,,,,,,,,,,,,,,,,,,,,,,,,,,,,,,,,,,,,,,,,,,nan-Kruna Od Perja,nan-Kruna Od Perja
Gibonni,Zlatan Stipišić Gibonni,"Ljudi, Drž'te Lopova",5:12,Kruna Od Perja,,,,,,,,,,,,,,,,,,,,,,,,,,,,,,,,,,,,,,,,,,,,,,,,,,,,,,,,,,,,,,,,,,,,,,,,,,,,,,,,,,,,,,,,,,,,,,,,,,,,,,nan-Kruna Od Perja,nan-Kruna Od Perja
Gibonni,Zlatan Stipišić Gibonni,Život Me Umorio,4:32,Kruna Od Perja,,,,,,,,,,,,,,,,,,,,,,,,,,,,,,,,,,,,,,,,,,,,,,,,,,,,,,,,,,,,,,,,,,,,,,,,,,,,,,,,,,,,,,,,,,,,,,,,,,,,,,nan-Kruna Od Perja,nan-Kruna Od Perja/nan-Koncert/nan-24 Karata ! 18 Velikih (1991-1998)/nan-Kolekcija/nan-Kolekcija/nan-The Best Of Gibonni/2006.0-The Platinum Collection/2009.0-The best Of/2010.0-Najljepše Ljubavne Pjesme
Gibonni,Zlatan Stipišić Gibonni,Pjesma Za Bijelu Vranu,3:32,Kruna Od Perja,,,,,,,,,,,,,,,,,,,,,,,,,,,,,,,,,,,,,,,,,,,,,,,,,,,,,,,,,,,,,,,,,,,,,,,,,,,,,,,,,,,,,,,,,,,,,,,,,,,,,,nan-Kruna Od Perja,nan-Kruna Od Perja/nan-Kolekcija
Gibonni,Zlatan Stipišić Gibonni,Lipa Moja,4:23,Kruna Od Perja,,,,,,,,,,,,,,,,,,,,,,,,,,,,,,,,,,,,,,,,,,,,,,,,,,,,,,,,,,,,,,,,,,,,,,,,,,,,,,,,,,,,,,,,,,,,,,,,,,,,,,nan-Kruna Od Perja,nan-Kruna Od Perja/nan-Koncert/nan-24 Karata ! 18 Velikih (1991-1998)/2000.0-HTisdn Millennium Koncert/nan-Kolekcija/nan-Kolekcija/nan-The Best Of Gibonni/2006.0-The Platinum Collection/2009.0-The best Of/2010.0-Najljepše Ljubavne Pjesme/2010.0-Najbolje Pjesme
Gibonni,Zlatan Stipišić Gibonni,Ozdravi Mi Ti (Instr.),,Kruna Od Perja,,,,,,,,,,,,,,,,,,,,,,,,,,,,,,,,,,,,,,,,,,,,,,,,,,,,,,,,,,,,,,,,,,,,,,,,,,,,,,,,,,,,,,,,,,,,,,,,,,,,,,nan-Kruna Od Perja,nan-Kruna Od Perja
Gibonni,Zlatan Stipišić Gibonni,Ovo Mi Je Škola,,Ruža Vjetrova,,,,,,,,,,,,,,,,,,,,,,,,,,,,,,,,,,,,,,,,,,,,,,,,,,,,,,,,,,,,,,,,,,,,,,,,,,,,,,,,,,,,,,,,,,,,,,,,,,,,,,nan-Ruža Vjetrova,nan-Ruža Vjetrova/nan-24 Karata ! 18 Velikih (1991-1998)/nan-ZG Mirakul Live!/nan-Kolekcija/2006.0-The Platinum Collection/nan-Live Acoustic:Electric/2010.0-Najljepše Ljubavne Pjesme
Gibonni,Zlatan Stipišić Gibonni,Crno Ili Bijelo,,Ruža Vjetrova,,,,,,,,,,,,,,,,,,,,,,,,,,,,,,,,,,,,,,,,,,,,,,,,,,,,,,,,,,,,,,,,,,,,,,,,,,,,,,,,,,,,,,,,,,,,,,,,,,,,,,nan-Ruža Vjetrova,nan-Ruža Vjetrova/nan-Kolekcija/2006.0-The Platinum Collection
Gibonni,Zlatan Stipišić Gibonni,Loše Vino,,Ruža Vjetrova,,,,,,,,,,,,,,,,,,,,,,,,,,,,,,,,,,,,,,,,,,,,,,,,,,,,,,,,,,,,,,,,,,,,,,,,,,,,,,,,,,,,,,,,,,,,,,,,,,,,,,nan-Ruža Vjetrova,nan-Ruža Vjetrova/nan-Kolekcija/2006.0-The Platinum Collection
Gibonni,Zlatan Stipišić Gibonni,Nepobjediva,,Ruža Vjetrova,,,,,,,,,,,,,,,,,,,,,,,,,,,,,,,,,,,,,,,,,,,,,,,,,,,,,,,,,,,,,,,,,,,,,,,,,,,,,,,,,,,,,,,,,,,,,,,,,,,,,,nan-Ruža Vjetrova,nan-Ruža Vjetrova/nan-Kolekcija/2006.0-The Platinum Collection/2010.0-Najbolje Pjesme/2011.0-Hitovi
Gibonni,Zlatan Stipišić Gibonni,Što Je Meni Tvoja Nevjera,,Ruža Vjetrova,,,,,,,,,,,,,,,,,,,,,,,,,,,,,,,,,,,,,,,,,,,,,,,,,,,,,,,,,,,,,,,,,,,,,,,,,,,,,,,,,,,,,,,,,,,,,,,,,,,,,,nan-Ruža Vjetrova,nan-Ruža Vjetrova/nan-Kolekcija/nan-Kolekcija
Gibonni,Zlatan Stipišić Gibonni,Ispod Moga Pramca (Tempera),,Ruža Vjetrova,,,,,,,,,,,,,,,,,,,,,,,,,,,,,,,,,,,,,,,,,,,,,,,,,,,,,,,,,,,,,,,,,,,,,,,,,,,,,,,,,,,,,,,,,,,,,,,,,,,,,,nan-Ruža Vjetrova,nan-Ruža Vjetrova/nan-24 Karata ! 18 Velikih (1991-1998)/nan-Kolekcija/2010.0-Najljepše Ljubavne Pjesme/2010.0-Najbolje Pjesme
Gibonni,Zlatan Stipišić Gibonni,Mogu Se Kladit' U Bilo Što (Bez Tebe Lakše Bi' Živio),,Ruža Vjetrova,,,,,,,,,,,,,,,,,,,,,,,,,,,,,,,,,,,,,,,,,,,,,,,,,,,,,,,,,,,,,,,,,,,,,,,,,,,,,,,,,,,,,,,,,,,,,,,,,,,,,,nan-Ruža Vjetrova,nan-Ruža Vjetrova
Gibonni,Zlatan Stipišić Gibonni,Ako Me Nosiš Na Duši,,Ruža Vjetrova,,,,,,,,,,,,,,,,,,,,,,,,,,,,,,,,,,,,,,,,,,,,,,,,,,,,,,,,,,,,,,,,,,,,,,,,,,,,,,,,,,,,,,,,,,,,,,,,,,,,,,nan-Ruža Vjetrova,nan-Ruža Vjetrova/nan-24 Karata ! 18 Velikih (1991-1998)/nan-ZG Mirakul Live!/nan-Kolekcija/nan-The Best Of Gibonni/2006.0-The Platinum Collection/2010.0-Najljepše Ljubavne Pjesme
Gibonni,Zlatan Stipišić Gibonni,"Ej, Vapore",,Ruža Vjetrova,,,,,,,,,,,,,,,,,,,,,,,,,,,,,,,,,,,,,,,,,,,,,,,,,,,,,,,,,,,,,,,,,,,,,,,,,,,,,,,,,,,,,,,,,,,,,,,,,,,,,,nan-Ruža Vjetrova,nan-Ruža Vjetrova/nan-24 Karata ! 18 Velikih (1991-1998)/nan-Kolekcija/nan-The Best Of Gibonni/2006.0-The Platinum Collection/2010.0-Najljepše Ljubavne Pjesme/2010.0-Najbolje Pjesme
Gibonni,Zlatan Stipišić Gibonni,Ruža Vjetrova,,Ruža Vjetrova,,,,,,,,,,,,,,,,,,,,,,,,,,,,,,,,,,,,,,,,,,,,,,,,,,,,,,,,,,,,,,,,,,,,,,,,,,,,,,,,,,,,,,,,,,,,,,,,,,,,,,nan-Ruža Vjetrova,nan-Ruža Vjetrova/nan-Kolekcija
Gibonni,Zlatan Stipišić Gibonni,Nije Vrime Od Nedije Za U Polje Poći,,Koncert,,,,,,,,,,,,,,,,,,,,,,,,,,,,,,,,,,,,,,,,,,,,,,,,,,,,,,,,,,,,,,,,,,,,,,,,,,,,,,,,,,,,,,,,,,,,,,,,,,,,,,nan-Koncert,nan-Koncert
Gibonni,Zlatan Stipišić Gibonni,Što Je Meni Tvoja Nevjera?,,Koncert,,,,,,,,,,,,,,,,,,,,,,,,,,,,,,,,,,,,,,,,,,,,,,,,,,,,,,,,,,,,,,,,,,,,,,,,,,,,,,,,,,,,,,,,,,,,,,,,,,,,,,nan-Koncert,nan-Koncert
Gibonni,Zlatan Stipišić Gibonni,Morski Pas,,Koncert,,,,,,,,,,,,,,,,,,,,,,,,,,,,,,,,,,,,,,,,,,,,,,,,,,,,,,,,,,,,,,,,,,,,,,,,,,,,,,,,,,,,,,,,,,,,,,,,,,,,,,nan-Koncert,nan-Koncert
Gibonni,Zlatan Stipišić Gibonni,U Ljubav Vjere Nemam,,Koncert,,,,,,,,,,,,,,,,,,,,,,,,,,,,,,,,,,,,,,,,,,,,,,,,,,,,,,,,,,,,,,,,,,,,,,,,,,,,,,,,,,,,,,,,,,,,,,,,,,,,,,nan-Koncert,nan-Koncert/2000.0-HTisdn Millennium Koncert/nan-ZG Mirakul Live!/nan-Kolekcija/2006.0-The Platinum Collection/nan-Live Acoustic:Electric/2009.0-The best Of
Gibonni,Zlatan Stipišić Gibonni,Nek Se Dijete Zove Kao Ja,,Koncert,,,,,,Josipa Lisac,,,,,,,,,,,,,,,,,,,,,,,,,,,,,,,,,,,,,,,,,,,,,,,,,,,,,,,,,,,,,,,,,,,,,,,,,,,,,,,,,,,,,,,,,,,,,,,,nan-Koncert,nan-Koncert
Gibonni,Zlatan Stipišić Gibonni,Cijelu Noć Sam Molio Nebo,4:52,24 Karata ! 18 Velikih (1991-1998),,,,,,,,,,,,,,,,,,,,,,,,,,,,,,,,,,,,,,,,,,,,,,,,,,,,,,,,,,,,,,,,,,,,,,,,,,,,,,,,,,,,,,,,,,,,,,,,,,,,,,nan-24 Karata ! 18 Velikih (1991-1998),nan-24 Karata ! 18 Velikih (1991-1998)/nan-The Best Of Gibonni
Gibonni,Zlatan Stipišić Gibonni,Nije Vrime Od Nedije Za U Poje Poći,4:02,24 Karata ! 18 Velikih (1991-1998),,,,,,,,,,,,,,,,,,,,,,,,,,,,,,,,,,,,,,,,,,,,,,,,,,,,,,,,,,,,,,,,,,,,,,,,,,,,,,,,,,,,,,,,,,,,,,,,,,,,,,nan-24 Karata ! 18 Velikih (1991-1998),nan-24 Karata ! 18 Velikih (1991-1998)/nan-Kolekcija/nan-Kolekcija/2006.0-The Platinum Collection
Gibonni,Zlatan Stipišić Gibonni,"Što Je Meni Tvoja Nevjera (Doručak I Ručak, Večera)",3:45,24 Karata ! 18 Velikih (1991-1998),,,,,,,,,,,,,,,,,,,,,,,,,,,,,,,,,,,,,,,,,,,,,,,,,,,,,,,,,,,,,,,,,,,,,,,,,,,,,,,,,,,,,,,,,,,,,,,,,,,,,,nan-24 Karata ! 18 Velikih (1991-1998),nan-24 Karata ! 18 Velikih (1991-1998)
Gibonni,Zlatan Stipišić Gibonni,"Projdi, Vilo",4:19,24 Karata ! 18 Velikih (1991-1998),,,,,,,,,,,,,,,,,,,,,,,,,,,,,,,,,,,,,,,,,,,,,,,,,,,,,,,,,,,,,,,,,,,,,,,,,,,,,,,,,,,,,,,,,,,,,,,,,,,,,,nan-24 Karata ! 18 Velikih (1991-1998),nan-24 Karata ! 18 Velikih (1991-1998)
Gibonni,Zlatan Stipišić Gibonni,Činim Pravu Stvar,,"Judi, Zviri I Beštimje",,,,,,,,,,,,,,,,,,,,,,,,,,,,,,,,,,,,,,,,,,,,,,,,,,,,,,,,,,,,,,,,,,,,,,,,,,,,,,,,,,,,,,,,,,,,,,,,,,,,,,"nan-Judi, Zviri I Beštimje","nan-Judi, Zviri I Beštimje/2000.0-HTisdn Millennium Koncert/nan-ZG Mirakul Live!/nan-The Best Of Gibonni/2006.0-The Platinum Collection/nan-Live Acoustic:Electric/2013.0-Slavim Ove Dane Što Si Tu (Live) / Ain't Bad Enough For R'N'R"
Gibonni,Zlatan Stipišić Gibonni,Miss Croatia,,"Judi, Zviri I Beštimje",,,,,,,,,,,,,,,,,,,,,,,,,,,,,,,,,,,,,,,,,,,,,,,,,,,,,,,,,,,,,,,,,,,,,,,,,,,,,,,,,,,,,,,,,,,,,,,,,,,,,,"nan-Judi, Zviri I Beštimje","nan-Judi, Zviri I Beštimje"
Gibonni,Zlatan Stipišić Gibonni,Projdi Vilo (A Capella),,"Judi, Zviri I Beštimje",,,,,,,,,,,,,,,,,,,,,,,,,,,,,,,,,,,,,,,,,,,,,,,,,,,,,,,,,,,,,,,,,,,,,,,,,,,,,,,,,,,,,,,,,,,,,,,,,,,,,,"nan-Judi, Zviri I Beštimje","nan-Judi, Zviri I Beštimje"
Gibonni,Zlatan Stipišić Gibonni,"Judi, Zviri I Beštimje",,"Judi, Zviri I Beštimje",,,,,,,,,,,,,,,,,,,,,,,,,,,,,,,,,,,,,,,,,,,,,,,,,,,,,,,,,,,,,,,,,,,,,,,,,,,,,,,,,,,,,,,,,,,,,,,,,,,,,,"nan-Judi, Zviri I Beštimje","nan-Judi, Zviri I Beštimje/nan-ZG Mirakul Live!/2006.0-The Platinum Collection"
Gibonni,Zlatan Stipišić Gibonni,Divji Cvit,,"Judi, Zviri I Beštimje",,,,,,,,,,,,,,,,,,,,,,,,,,,,,,,,,,,,,,,,,,,,,,,,,,,,,,,,,,,,,,,,,,,,,,,,,,,,,,,,,,,,,,,,,,,,,,,,,,,,,,"nan-Judi, Zviri I Beštimje","nan-Judi, Zviri I Beštimje/2000.0-HTisdn Millennium Koncert/nan-ZG Mirakul Live!/2013.0-20th Century Man & Live"
Gibonni,Zlatan Stipišić Gibonni,Nije Tajna,,"Judi, Zviri I Beštimje",,,,,,,,,,,,,,,,,,,,,,,,,,,,,,,,,,,,,,,,,,,,,,,,,,,,,,,,,,,,,,,,,,,,,,,,,,,,,,,,,,,,,,,,,,,,,,,,,,,,,,"nan-Judi, Zviri I Beštimje","nan-Judi, Zviri I Beštimje"
Gibonni,Zlatan Stipišić Gibonni,I Ja Ću Budan Sanjati,,"Judi, Zviri I Beštimje",,,,,,,,,,,,,,,,,,,,,,,,,,,,,,,,,,,,,,,,,,,,,,,,,,,,,,,,,,,,,,,,,,,,,,,,,,,,,,,,,,,,,,,,,,,,,,,,,,,,,,"nan-Judi, Zviri I Beštimje","nan-Judi, Zviri I Beštimje"
Gibonni,Zlatan Stipišić Gibonni,"Šuti, Umukni",,"Judi, Zviri I Beštimje",,,,,,,,,,,,,,,,,,,,,,,,,,,,,,,,,,,,,,,,,,,,,,,,,,,,,,,,,,,,,,,,,,,,,,,,,,,,,,,,,,,,,,,,,,,,,,,,,,,,,,"nan-Judi, Zviri I Beštimje","nan-Judi, Zviri I Beštimje"
Gibonni,Zlatan Stipišić Gibonni,Ne Znam Plesat,,"Judi, Zviri I Beštimje",,,,,,,,,,,,,,,,,,,,,,,,,,,,,,,,,,,,,,,,,,,,,,,,,,,,,,,,,,,,,,,,,,,,,,,,,,,,,,,,,,,,,,,,,,,,,,,,,,,,,,"nan-Judi, Zviri I Beštimje","nan-Judi, Zviri I Beštimje"
Gibonni,Zlatan Stipišić Gibonni,Posoljeni Zrak I Razlivena Tinta,,"Judi, Zviri I Beštimje",,,,,,,,,,,,,,,,,,,,,,,,,,,,,,,,,,,,,,,,,,,,,,,,,,,,,,,,,,,,,,,,,,,,,,,,,,,,,,,,,,,,,,,,,,,,,,,,,,,,,,"nan-Judi, Zviri I Beštimje","nan-Judi, Zviri I Beštimje/nan-ZG Mirakul Live!/nan-Live Acoustic:Electric/2013.0-20th Century Man & Live"
Gibonni,Zlatan Stipišić Gibonni,Projdi Vilo,,"Judi, Zviri I Beštimje",,,,,,,,,,,,,,,,,,,,,,,,,,,,,,,,,,,,,,,,,,,,,,,,,,,,,,,,,,,,,,,,,,,,,,,,,,,,,,,,,,,,,,,,,,,,,,,,,,,,,,"nan-Judi, Zviri I Beštimje","nan-Judi, Zviri I Beštimje/2000.0-HTisdn Millennium Koncert/nan-ZG Mirakul Live!/nan-The Best Of Gibonni/2006.0-The Platinum Collection"
Gibonni,Zlatan Stipišić Gibonni,Tempera,2:17,HTisdn Millennium Koncert,2000.0,,,,,,,Klapa Cambi,,,,,,,,,,,,,,,,,,,,,,,,,,,,,,,,,,,,,,,,,,,,,,,,,,,,,,,,,,,,,,,,,,,,,,,,,,,,,,,,,,,,,,,,,,,,,,2000.0-HTisdn Millennium Koncert,2000.0-HTisdn Millennium Koncert/2000.0-HTisdn Millennium Koncert/nan-ZG Mirakul Live!/nan-Live Acoustic:Electric/2013.0-Live
Gibonni,Zlatan Stipišić Gibonni,Judi Zviri i Beštimje,2:40,HTisdn Millennium Koncert,2000.0,,,,,,,Klapa Cambi,,,,,,,,,,,,,,,,,,,,,,,,,,,,,,,,,,,,,,,,,,,,,,,,,,,,,,,,,,,,,,,,,,,,,,,,,,,,,,,,,,,,,,,,,,,,,,2000.0-HTisdn Millennium Koncert,2000.0-HTisdn Millennium Koncert/2000.0-HTisdn Millennium Koncert
Gibonni,Zlatan Stipišić Gibonni,Sve Ću Preživit,4:27,HTisdn Millennium Koncert,2000.0,,,,,,,Vlatko Stefanovski,,,,,,,,,,,,,,,,,,,,,,,,,,,,,,,,,,,,,,,,,,,,,,,,,,,,,,,,,,,,,,,,,,,,,,,,,,,,,,,,,,,,,,,,,,,,,,2000.0-HTisdn Millennium Koncert,2000.0-HTisdn Millennium Koncert/nan-Live Acoustic:Electric
Gibonni,Zlatan Stipišić Gibonni,Posoljeni Zrak i Razlivena Tinta,6:52,HTisdn Millennium Koncert,2000.0,,,,,,,Vlatko Stefanovski,,,,,,,,,,,,,,,,,,,,,,,,,,,,,,,,,,,,,,,,,,,,,,,,,,,,,,,,,,,,,,,,,,,,,,,,,,,,,,,,,,,,,,,,,,,,,,2000.0-HTisdn Millennium Koncert,2000.0-HTisdn Millennium Koncert
Gibonni,Zlatan Stipišić Gibonni,Dalmatino Povišću Pritrujena,3:30,HTisdn Millennium Koncert,2000.0,,,,,,,Klapa Cambi,,,,,,,,,,,,,,,,,,,,,,,,,,,,,,,,,,,,,,,,,,,,,,,,,,,,,,,,,,,,,,,,,,,,,,,,,,,,,,,,,,,,,,,,,,,,,,2000.0-HTisdn Millennium Koncert,2000.0-HTisdn Millennium Koncert
Gibonni,Zlatan Stipišić Gibonni,Kao Kakao,6:54,HTisdn Millennium Koncert,2000.0,,,,,,,Vlatko Stefanovski,,,,,,,,,,,,,,,,,,,,,,,,,,,,,,,,,,,,,,,,,,,,,,,,,,,,,,,,,,,,,,,,,,,,,,,,,,,,,,,,,,,,,,,,,,,,,,2000.0-HTisdn Millennium Koncert,2000.0-HTisdn Millennium Koncert
Gibonni,Zlatan Stipišić Gibonni,Oprosti,4:46,Mirakul,,,,,,,,,Špiro Jurić,Praise And Worship Team,Tomislav Mrduljaš,Muc Softić,Silvio Pasarić,Tomislav Mrduljaš,Nikša Bratoš,Jackie Liles-McGhee,Ralph Hodnett,,,,,,,,,,,,,,,,,,,,,,,,,,,,,,,,,,,,,,,,,,,,,,,,,,,,,,,,,,,,,,,,,,,,,,,,,,,,,,,,,,,,,nan-Mirakul,nan-Mirakul/nan-ZG Mirakul Live!/nan-ZG Mirakul Live!/2006.0-The Platinum Collection/nan-Live Acoustic:Electric
Gibonni,Zlatan Stipišić Gibonni,Libar,5:28,Mirakul,,,,,,,,,,,,,,,,,,Miranda Đaković,Dragan Brnas,Joško Gujinović,Dragan Brnas,Muc Softić,Muc Softić,Muc Softić,Nikša Bratoš,Nikša Bratoš,Nikša Bratoš,Joško Gujinović,Putokazi,,,,,,,,,,,,,,,,,,,,,,,,,,,,,,,,,,,,,,,,,,,,,,,,,,,,,,,,,,,,,,,,,,,,,,,,,nan-Mirakul,nan-Mirakul/nan-ZG Mirakul Live!/nan-ZG Mirakul Live!/nan-The Best Of Gibonni/nan-Live Acoustic:Electric
Gibonni,Zlatan Stipišić Gibonni,Ne Odustajem (Non Rinuncio A Lei),5:11,Mirakul,,Teo Brajčić,,,,,,,,,Tomislav Mrduljaš,,,,,,,,,,,,,,,,,,,Saverio Grandi,Fedor Boić,Gaetano Curreri,V. Križan,,,,,,,,,,,,,,,,,,,,,,,,,,,,,,,,,,,,,,,,,,,,,,,,,,,,,,,,,,,,,,,,,,,,,nan-Mirakul,nan-Mirakul
Gibonni,Zlatan Stipišić Gibonni,Tajna Vještina,5:20,Mirakul,,,,,,,,,,,,,,,Nikša Bratoš,,,,,,,,,Muc Softić,Nikša Bratoš,,,Joško Gujinović,,,Joško Gujinović,,,Muc Softić,,,,,,,,,,,,,,,,,,,,,,,,,,,,,,,,,,,,,,,,,,,,,,,,,,,,,,,,,,,,,,,,,,,,nan-Mirakul,nan-Mirakul/nan-ZG Mirakul Live!
Gibonni,Zlatan Stipišić Gibonni,Mirakul Intro,0:52,Mirakul,,,,,,,,,,,,,,,,,,,,,,,,,,,,,Geoffrey Oryema,,,,,,Vlatko Stefanovski,Zlatan Stipišić Gibonni,,,,,,,,,,,,,,,,,,,,,,,,,,,,,,,,,,,,,,,,,,,,,,,,,,,,,,,,,,,,,,,,,,nan-Mirakul,nan-Mirakul
Gibonni,Zlatan Stipišić Gibonni,Mirakul,6:06,Mirakul,,Muc Softić,,,,,,,,,,,,,,,,,,,,,,,,,Nikša Bratoš,,Geoffrey Oryema,,,,,,Vlatko Stefanovski,,Muc Softić,Nikša Bratoš,Geoffrey Oryema,,,,,,,,,,,,,,,,,,,,,,,,,,,,,,,,,,,,,,,,,,,,,,,,,,,,,,,,,,,,,,,nan-Mirakul,nan-Mirakul/nan-ZG Mirakul Live!/nan-ZG Mirakul Live!/nan-Live Acoustic:Electric/2013.0-Live/2013.0-Live/2013.0-20th Century Man & Live
Gibonni,Zlatan Stipišić Gibonni,Za Ljubav Izgorit',4:40,Mirakul,,Zlatan Stipišić Gibonni,,,,,,,,,,,,,,,,,,,,,,,,,,,,,Fedor Boić,,,,,,,,,Zorislav Preksavec,Nikša Bratoš,Nikša Bratoš,Davor Amerza,,,,,,,,,,,,,,,,,,,,,,,,,,,,,,,,,,,,,,,,,,,,,,,,,,,,,,,,,,,nan-Mirakul,nan-Mirakul
Gibonni,Zlatan Stipišić Gibonni,Ono Nešto,0:55,Mirakul,,,,Marko Ramljak,,,,,,,,,,,,,,,,,,,,,,,,,,,,,,,,,,,,,,,,Marko Ramljak,Marko Ramljak,,,,,,,,,,,,,,,,,,,,,,,,,,,,,,,,,,,,,,,,,,,,,,,,,,,,,,,,,nan-Mirakul,nan-Mirakul
Gibonni,Zlatan Stipišić Gibonni,Kao Časna Riječ,5:00,Mirakul,,Zlatan Stipišić Gibonni,,,,,,,,,,,,Tomislav Mrduljaš,,,,,Dragan Brnas,Joško Gujinović,Dragan Brnas,,,,,,,,,,,,,,,,,Nikša Bratoš,,,,,,,,,,,,,,,,,,,,,,,,,,,,,,,,,,,,,,,,,,,,,,,,,,,,,,,,,,,,,,,,nan-Mirakul,nan-Mirakul
Gibonni,Zlatan Stipišić Gibonni,Svi Moji Punti Kad Se Zbroje,5:11,Mirakul,,Zlatan Stipišić Gibonni,,,,,,,,,,,,,,,,,,,,,,,,,,,,,Zlatan Došlić,,,,,,,,,,,,,,,Sven Buić,Marko Reljanović,Matko Petrić,Zoran Švigir,Zoran Švigir,Joško Gujinović,Joško Gujinović,Joško Gujinović,Marko Ramljak,,,,,,,,,,,,,,,,,,,,,,,,,,,,,,,,,,,,,,,,,,,,,,,,nan-Mirakul,nan-Mirakul/nan-ZG Mirakul Live!/nan-ZG Mirakul Live!/nan-Live Acoustic:Electric
Gibonni,Zlatan Stipišić Gibonni,Kad Mi Nebo Bude Dom,4:14,Mirakul,,Joško Gujinović,,Vlatko Stefanovski,,,Zlatan Stipišić Gibonni,,,,,,,,,,,,Vlatko Stefanovski,Joško Gujinović,Vlatko Stefanovski,,,,,,,,,,,,,,,,,,,Sven Buić,Zoran Švigir,,,,,,,,,,Joško Gujinović,,,,Vlatko Stefanovski,Vlatko Stefanovski,Joško Gujinović,Joško Gujinović,Matko Petrić,,,,,,,,,,,,,,,,,,,,,,,,,,,,,,,,,,,,,,,,,,,nan-Mirakul,nan-Mirakul
Gibonni,Zlatan Stipišić Gibonni,Libar Od Mojega Duga,4:19,Mirakul,,,Vlatko Stefanovski,Zlatan Stipišić Gibonni,Zlatan Stipišić Gibonni,,,,,,,,,,,,,,,,,,,,,,,,,,,,,,,,,,,,,,,,,,,,,,,,,Vlatko Stefanovski,,,,,,Ivica Čović Pipo,Vlatko Stefanovski,,,,,,,,,,,,,,,,,,,,,,,,,,,,,,,,,,,,,,,,,nan-Mirakul,nan-Mirakul
Gibonni,Zlatan Stipišić Gibonni,Oprosti (A Capella),2:57,Mirakul,,,Rajmir Kraljević,,Rajmir Kraljević,,,,,,,,,,,,,,,,,,,,,,,,,,,,,,,,,,,,,,,,,,,,,,,,,,,,,,,Ante Dorić,Klapa Cambi,,,,,,,,,,,,,,,,,,,,,,,,,,,,,,,,,,,,,,,,,nan-Mirakul,nan-Mirakul
Gibonni,Zlatan Stipišić Gibonni,Zg Mirakul Live,,Svi moji punti kad se zbroje,2003.0,,,,,,,,,,,,,,,,,,,,,,,,,,,,,,,,,,,,,,,,,,,,,,,,,,,,,,,,,,,,,,,,,,,,,,,,,,,,,,,,,,,,,,,,,,,,,,,,,,,,,2003.0-Svi moji punti kad se zbroje,2003.0-Svi moji punti kad se zbroje
Gibonni,Zlatan Stipišić Gibonni,MIRAKUL,,Svi moji punti kad se zbroje,2003.0,,,,,,,,,,,,,,,,,,,,,,,,,,,,,,,,,,,,,,,,,,,,,,,,,,,,,,,,,,,,,,,,,,,,,,,,,,,,,,,,,,,,,,,,,,,,,,,,,,,,,2003.0-Svi moji punti kad se zbroje,2003.0-Svi moji punti kad se zbroje
Gibonni,Zlatan Stipišić Gibonni,HT ISDN Millenium koncert,,Svi moji punti kad se zbroje,2003.0,,,,,,,,,,,,,,,,,,,,,,,,,,,,,,,,,,,,,,,,,,,,,,,,,,,,,,,,,,,,,,,,,,,,,,,,,,,,,,,,,,,,,,,,,,,,,,,,,,,,,2003.0-Svi moji punti kad se zbroje,2003.0-Svi moji punti kad se zbroje
Gibonni,Zlatan Stipišić Gibonni,"Judi, zviri i beštimje",,Svi moji punti kad se zbroje,2003.0,,,,,,,,,,,,,,,,,,,,,,,,,,,,,,,,,,,,,,,,,,,,,,,,,,,,,,,,,,,,,,,,,,,,,,,,,,,,,,,,,,,,,,,,,,,,,,,,,,,,,2003.0-Svi moji punti kad se zbroje,2003.0-Svi moji punti kad se zbroje
Gibonni,Zlatan Stipišić Gibonni,Koncert,,ZG Mirakul Live!,,,,,,,,,,,,,,,,,,,,,,,,,,,,,,,,,,,,,,,,,,,,,,,,,,,,,,,,,,,,,,,,,,,,,,,,,,,,,,,,,,,,,,,,,,,,,,,,,,,,,,nan-ZG Mirakul Live!,nan-ZG Mirakul Live!
Gibonni,Zlatan Stipišić Gibonni,Ne Odustajem,,ZG Mirakul Live!,,,,,,,,,,,,,,,,,,,,,,,,,,,,,,,,,,,,,,,,,,,,,,,,,,,,,,,,,,,,,,,,,,,,,,,,,,,,,,,,,,,,,,,,,,,,,,,,,,,,,,nan-ZG Mirakul Live!,nan-ZG Mirakul Live!/nan-ZG Mirakul Live!
Gibonni,Zlatan Stipišić Gibonni,Spotovi,,ZG Mirakul Live!,,,,,,,,,,,,,,,,,,,,,,,,,,,,,,,,,,,,,,,,,,,,,,,,,,,,,,,,,,,,,,,,,,,,,,,,,,,,,,,,,,,,,,,,,,,,,,,,,,,,,,nan-ZG Mirakul Live!,nan-ZG Mirakul Live!
Gibonni,Zlatan Stipišić Gibonni,Bonus,,ZG Mirakul Live!,,,,,,,,,,,,,,,,,,,,,,,,,,,,,,,,,,,,,,,,,,,,,,,,,,,,,,,,,,,,,,,,,,,,,,,,,,,,,,,,,,,,,,,,,,,,,,,,,,,,,,nan-ZG Mirakul Live!,nan-ZG Mirakul Live!/nan-The Best Of Collection
Gibonni,Zlatan Stipišić Gibonni,Stvaranje Mirakula,,ZG Mirakul Live!,,,,,,,,,,,,,,,,,,,,,,,,,,,,,,,,,,,,,,,,,,,,,,,,,,,,,,,,,,,,,,,,,,,,,,,,,,,,,,,,,,,,,,,,,,,,,,,,,,,,,,nan-ZG Mirakul Live!,nan-ZG Mirakul Live!
Gibonni,Zlatan Stipišić Gibonni,Opatija 12. 6. 2002,,ZG Mirakul Live!,,,,,,,,,,,,,,,,,,,,,,,,,,,,,,,,,,,,,,,,,,,,,,,,,,,,,,,,,,,,,,,,,,,,,,,,,,,,,,,,,,,,,,,,,,,,,,,,,,,,,,nan-ZG Mirakul Live!,nan-ZG Mirakul Live!
Gibonni,Zlatan Stipišić Gibonni,Pred ZG Mirakul Live! 12. 2. 2003,,ZG Mirakul Live!,,,,,,,,,,,,,,,,,,,,,,,,,,,,,,,,,,,,,,,,,,,,,,,,,,,,,,,,,,,,,,,,,,,,,,,,,,,,,,,,,,,,,,,,,,,,,,,,,,,,,,nan-ZG Mirakul Live!,nan-ZG Mirakul Live!
Gibonni,Zlatan Stipišić Gibonni,Kula Od Karti,05:34,Kula Od Karti,,,,,,,,,,,,,,,,,,,,,,,,,,,,,,,,,,,,,,,,,,,,,,,,,,,,,,,,,,,,,,,,,,,,,,,,,,,,,,,,,,,,,,,,,,,,,,,,,,,,,,nan-Kula Od Karti,nan-Kula Od Karti
Gibonni,Zlatan Stipišić Gibonni,Pesna Za Prijatelot,05:06,Kula Od Karti,,,,,,,,,,,,,,,,,,,,,,,,,,,,,,,,,,,,,,,,,,,,,,,,,,,,,,,,,,,,,,,,,,,,,,,,,,,,,,,,,,,,,,,,,,,,,,,,,,,,,,nan-Kula Od Karti,nan-Kula Od Karti
Gibonni,Zlatan Stipišić Gibonni,Ova E Balkan,04:53,Kula Od Karti,,,,,,,,,,,,,,,,,,,,,,,,,,,,,,,,,,,,,,,,,,,,,,,,,,,,,,,,,,,,,,,,,,,,,,,,,,,,,,,,,,,,,,,,,,,,,,,,,,,,,,nan-Kula Od Karti,nan-Kula Od Karti
Gibonni,Zlatan Stipišić Gibonni,"Verba, Nadež, Ljubov",05:14,Kula Od Karti,,,,,,,,,,,,,,,,,,,,,,,,,,,,,,,,,,,,,,,,,,,,,,,,,,,,,,,,,,,,,,,,,,,,,,,,,,,,,,,,,,,,,,,,,,,,,,,,,,,,,,nan-Kula Od Karti,nan-Kula Od Karti
Gibonni,Zlatan Stipišić Gibonni,Nostalgija,04:14,Kula Od Karti,,,,,,,,,,,,,,,,,,,,,,,,,,,,,,,,,,,,,,,,,,,,,,,,,,,,,,,,,,,,,,,,,,,,,,,,,,,,,,,,,,,,,,,,,,,,,,,,,,,,,,nan-Kula Od Karti,nan-Kula Od Karti
Gibonni,Zlatan Stipišić Gibonni,"Ne, Ne, Ne",04:09,Kula Od Karti,,,,,,,,,,,,,,,,,,,,,,,,,,,,,,,,,,,,,,,,,,,,,,,,,,,,,,,,,,,,,,,,,,,,,,,,,,,,,,,,,,,,,,,,,,,,,,,,,,,,,,nan-Kula Od Karti,nan-Kula Od Karti
Gibonni,Zlatan Stipišić Gibonni,Januarska Balada,05:41,Kula Od Karti,,,,,,,,,,,,,,,,,,,,,,,,,,,,,,,,,,,,,,,,,,,,,,,,,,,,,,,,,,,,,,,,,,,,,,,,,,,,,,,,,,,,,,,,,,,,,,,,,,,,,,nan-Kula Od Karti,nan-Kula Od Karti
Gibonni,Zlatan Stipišić Gibonni,California,04:54,Kula Od Karti,,,,,,,,,,,,,,,,,,,,,,,,,,,,,,,,,,,,,,,,,,,,,,,,,,,,,,,,,,,,,,,,,,,,,,,,,,,,,,,,,,,,,,,,,,,,,,,,,,,,,,nan-Kula Od Karti,nan-Kula Od Karti
Gibonni,Zlatan Stipišić Gibonni,Daydream,04:09,Kula Od Karti,,,,,,,,,,,,,,,,,,,,,,,,,,,,,,,,,,,,,,,,,,,,,,,,,,,,,,,,,,,,,,,,,,,,,,,,,,,,,,,,,,,,,,,,,,,,,,,,,,,,,,nan-Kula Od Karti,nan-Kula Od Karti
Gibonni,Zlatan Stipišić Gibonni,Goodbye George,01:40,Kula Od Karti,,,,,,,,,,,,,,,,,,,,,,,,,,,,,,,,,,,,,,,,,,,,,,,,,,,,,,,,,,,,,,,,,,,,,,,,,,,,,,,,,,,,,,,,,,,,,,,,,,,,,,nan-Kula Od Karti,nan-Kula Od Karti
Gibonni,Zlatan Stipišić Gibonni,CD 1 Sa Mnom Ili Bez Mene,,Kolekcija,,,,,,,,,,,,,,,,,,,,,,,,,,,,,,,,,,,,,,,,,,,,,,,,,,,,,,,,,,,,,,,,,,,,,,,,,,,,,,,,,,,,,,,,,,,,,,,,,,,,,,nan-Kolekcija,nan-Kolekcija
Gibonni,Zlatan Stipišić Gibonni,Bolje Da Sam Šutio,3:05,Kolekcija,,,,,,,,,,,,,,,,,,,,,,,,,,,,,,,,,,,,,,,,,,,,,,,,,,,,,,,,,,,,,,,,,,,,,,,,,,,,,,,,,,,,,,,,,,,,,,,,,,,,,,nan-Kolekcija,nan-Kolekcija
Gibonni,Zlatan Stipišić Gibonni,Sve Će Biti K’o Nekada,4:11,Kolekcija,,,,,,,,,,,,,,,,,,,,,,,,,,,,,,,,,,,,,,,,,,,,,,,,,,,,,,,,,,,,,,,,,,,,,,,,,,,,,,,,,,,,,,,,,,,,,,,,,,,,,,nan-Kolekcija,nan-Kolekcija
Gibonni,Zlatan Stipišić Gibonni,CD 2 Noina Arka,,Kolekcija,,,,,,,,,,,,,,,,,,,,,,,,,,,,,,,,,,,,,,,,,,,,,,,,,,,,,,,,,,,,,,,,,,,,,,,,,,,,,,,,,,,,,,,,,,,,,,,,,,,,,,nan-Kolekcija,nan-Kolekcija
Gibonni,Zlatan Stipišić Gibonni,Nek’ Se Dijete Zove Kao Ja,4:24,Kolekcija,,,,,,,,,,,,,,,,,,,,,,,,,,,,,,,,,,,,,,,,,,,,,,,,,,,,,,,,,,,,,,,,,,,,,,,,,,,,,,,,,,,,,,,,,,,,,,,,,,,,,,nan-Kolekcija,nan-Kolekcija/nan-Kolekcija/2006.0-The Platinum Collection
Gibonni,Zlatan Stipišić Gibonni,CD 3 Kruna Od Perja,,Kolekcija,,,,,,,,,,,,,,,,,,,,,,,,,,,,,,,,,,,,,,,,,,,,,,,,,,,,,,,,,,,,,,,,,,,,,,,,,,,,,,,,,,,,,,,,,,,,,,,,,,,,,,nan-Kolekcija,nan-Kolekcija
Gibonni,Zlatan Stipišić Gibonni,"Predstavi Se, Tko Si",4:25,Kolekcija,,,,,,,,,,,,,,,,,,,,,,,,,,,,,,,,,,,,,,,,,,,,,,,,,,,,,,,,,,,,,,,,,,,,,,,,,,,,,,,,,,,,,,,,,,,,,,,,,,,,,,nan-Kolekcija,nan-Kolekcija
Gibonni,Zlatan Stipišić Gibonni,Goli Pod Zvijezdama,4:36,Kolekcija,,,,,,,,,,,,,,,,,,,,,,,,,,,,,,,,,,,,,,,,,,,,,,,,,,,,,,,,,,,,,,,,,,,,,,,,,,,,,,,,,,,,,,,,,,,,,,,,,,,,,,nan-Kolekcija,nan-Kolekcija
Gibonni,Zlatan Stipišić Gibonni,"Ljudi, Drž’te Lopova",5:12,Kolekcija,,,,,,,,,,,,,,,,,,,,,,,,,,,,,,,,,,,,,,,,,,,,,,,,,,,,,,,,,,,,,,,,,,,,,,,,,,,,,,,,,,,,,,,,,,,,,,,,,,,,,,nan-Kolekcija,nan-Kolekcija
Gibonni,Zlatan Stipišić Gibonni,Ozdravi Mi Ti (Instrumental),3:48,Kolekcija,,,,,,,,,,,,,,,,,,,,,,,,,,,,,,,,,,,,,,,,,,,,,,,,,,,,,,,,,,,,,,,,,,,,,,,,,,,,,,,,,,,,,,,,,,,,,,,,,,,,,,nan-Kolekcija,nan-Kolekcija
Gibonni,Zlatan Stipišić Gibonni,CD 4 Koncert,,Kolekcija,,,,,,,,,,,,,,,,,,,,,,,,,,,,,,,,,,,,,,,,,,,,,,,,,,,,,,,,,,,,,,,,,,,,,,,,,,,,,,,,,,,,,,,,,,,,,,,,,,,,,,nan-Kolekcija,nan-Kolekcija
Gibonni,Zlatan Stipišić Gibonni,Da Mi Je Biti Morski Pas,2:56,Kolekcija,,,,,,,,,,,,,,,,,,,,,,,,,,,,,,,,,,,,,,,,,,,,,,,,,,,,,,,,,,,,,,,,,,,,,,,,,,,,,,,,,,,,,,,,,,,,,,,,,,,,,,nan-Kolekcija,nan-Kolekcija/2009.0-The best Of
Gibonni,Zlatan Stipišić Gibonni,CD 5 Ruža Vjetrova,,Kolekcija,,,,,,,,,,,,,,,,,,,,,,,,,,,,,,,,,,,,,,,,,,,,,,,,,,,,,,,,,,,,,,,,,,,,,,,,,,,,,,,,,,,,,,,,,,,,,,,,,,,,,,nan-Kolekcija,nan-Kolekcija
Gibonni,Zlatan Stipišić Gibonni,"Mogu Se Kladit U Bilo Što (Bez Tebe, Lakše Bi Živio)",4:05,Kolekcija,,,,,,,,,,,,,,,,,,,,,,,,,,,,,,,,,,,,,,,,,,,,,,,,,,,,,,,,,,,,,,,,,,,,,,,,,,,,,,,,,,,,,,,,,,,,,,,,,,,,,,nan-Kolekcija,nan-Kolekcija
Gibonni,Zlatan Stipišić Gibonni,Sebi Dovoljna,4:21,Sebi Dovoljna,2005.0,,,,,,,,,,,,,,,,,,,,,,,,,,,,,,,,,,,Zlatan Stipišić Gibonni,,,,,,,,,,,,,,,,,,,,,,,,,,,,,,,,,,,,,,,,,,,,,,,,,,,,,,,,,,,,,,,,,,2005.0-Sebi Dovoljna,2005.0-Sebi Dovoljna/nan-Unca Fibre (Vodič Za Brodolomce I Anđele Čuvare)
Gibonni,Zlatan Stipišić Gibonni,Ispod Moga Pramca / Tempera,4:25,The Best Of Gibonni,,,,,,,,,,,,,,,,,,,,,,,,,,,,,,,,,,,,,,,,,,,,,,,,,,,,,,,,,,,,,,,,,,,,,,,,,,,,,,,,,,,,,,,,,,,,,,,,,,,,,,nan-The Best Of Gibonni,nan-The Best Of Gibonni
Gibonni,Zlatan Stipišić Gibonni,Nije Vrime Od Nedije Za U Poje Poć,4:02,The Best Of Gibonni,,,,,,,,,,,,,,,,,,,,,,,,,,,,,,,,,,,,,,,,,,,,,,,,,,,,,,,,,,,,,,,,,,,,,,,,,,,,,,,,,,,,,,,,,,,,,,,,,,,,,,nan-The Best Of Gibonni,nan-The Best Of Gibonni
Gibonni,Zlatan Stipišić Gibonni,Vrime Da Se Pomirim Sa Svitom (Electric),5:29,Vrime Da Se Pomirim Sa Svitom,2006.0,Vladimir Pavelić,,,,,,,,,,,,,Nikša Bratoš,,,,,,,,,,,,,,,,Nikša Bratoš,,,,,,,,,Tony Levin,,,,,Nikša Bratoš,,,,,,,,,,,,,,,,,Nikša Bratoš,Nikša Bratoš,Nikša Bratoš,Dalibor Marinković,Vlatko Stefanovski,,,,,,,,,,,,,,,,,,,,,,,,,,,,,,,,,,,,2006.0-Vrime Da Se Pomirim Sa Svitom,2006.0-Vrime Da Se Pomirim Sa Svitom/nan-Unca Fibre (Vodič Za Brodolomce I Anđele Čuvare)
Gibonni,Zlatan Stipišić Gibonni,Vrime Da Se Pomirim Sa Svitom (Acoustic),5:16,Vrime Da Se Pomirim Sa Svitom,2006.0,Marko Ramljak,,,,,,,,,,,,,,,,,,,,,,,,,,,,,,,,,,,,,,Nikša Bratoš,,,,Marko Ramljak,,,,,,,,,,,,,,,Tommy Emmanuel,,,Tommy Emmanuel,,,,,,,,,,,,,,,,,,,,,,,,,,,,,,,,,,,,,,,,2006.0-Vrime Da Se Pomirim Sa Svitom,2006.0-Vrime Da Se Pomirim Sa Svitom/nan-Unca Fibre (Vodič Za Brodolomce I Anđele Čuvare)
Gibonni,Zlatan Stipišić Gibonni,CD 1,,The Platinum Collection,2006.0,,,,,,,,,,,,,,,,,,,,,,,,,,,,,,,,,,,,,,,,,,,,,,,,,,,,,,,,,,,,,,,,,,,,,,,,,,,,,,,,,,,,,,,,,,,,,,,,,,,,,2006.0-The Platinum Collection,2006.0-The Platinum Collection
Gibonni,Zlatan Stipišić Gibonni,Ostat’ Ću Na Nogama,4:50,The Platinum Collection,2006.0,,,,,,,,,,,,,,,,,,,,,,,,,,,,,,,,,,,,,,,,,,,,,,,,,,,,,,,,,,,,,,,,,,,,,,,,,,,,,,,,,,,,,,,,,,,,,,,,,,,,,2006.0-The Platinum Collection,2006.0-The Platinum Collection
Gibonni,Zlatan Stipišić Gibonni,Nek’ Se Dijete Zove Kao Ja (Live),4:22,The Platinum Collection,2006.0,,,,,,,,,,,,,,,,,,,,,,,,,,,,,,,,,,,,,,,,,,,,,,,,,,,,,,,,,,,,,,,,,,,,,,,,,,,,,,,,,,,,,,,,,,,,,,,,,,,,,2006.0-The Platinum Collection,2006.0-The Platinum Collection
Gibonni,Zlatan Stipišić Gibonni,Dvije Duše (Live),5:19,The Platinum Collection,2006.0,,,,,,,,,,,,,,,,,,,,,,,,,,,,,,,,,,,,,,,,,,,,,,,,,,,,,,,,,,,,,,,,,,,,,,,,,,,,,,,,,,,,,,,,,,,,,,,,,,,,,2006.0-The Platinum Collection,2006.0-The Platinum Collection
Gibonni,Zlatan Stipišić Gibonni,CD 2,,The Platinum Collection,2006.0,,,,,,,,,,,,,,,,,,,,,,,,,,,,,,,,,,,,,,,,,,,,,,,,,,,,,,,,,,,,,,,,,,,,,,,,,,,,,,,,,,,,,,,,,,,,,,,,,,,,,2006.0-The Platinum Collection,2006.0-The Platinum Collection
Gibonni,Zlatan Stipišić Gibonni,Anđeo U Tebi,5:40,The Platinum Collection,2006.0,,,,,,,,,,,,,,,,,,,,,,,,,,,,,,,,,,,,,,,,,,,,,,,,,,,,,,,,,,,,,,,,,,,,,,,,,,,,,,,,,,,,,,,,,,,,,,,,,,,,,2006.0-The Platinum Collection,2006.0-The Platinum Collection/nan-Unca Fibre (Vodič Za Brodolomce I Anđele Čuvare)/nan-Live Acoustic:Electric
Gibonni,Zlatan Stipišić Gibonni,Tempera (Ispod Moga Pramca),4:27,The Platinum Collection,2006.0,,,,,,,,,,,,,,,,,,,,,,,,,,,,,,,,,,,,,,,,,,,,,,,,,,,,,,,,,,,,,,,,,,,,,,,,,,,,,,,,,,,,,,,,,,,,,,,,,,,,,2006.0-The Platinum Collection,2006.0-The Platinum Collection
Gibonni,Zlatan Stipišić Gibonni,Ja Ću Budan Sanjati,5:06,The Platinum Collection,2006.0,,,,,,,,,,,,,,,,,,,,,,,,,,,,,,,,,,,,,,,,,,,,,,,,,,,,,,,,,,,,,,,,,,,,,,,,,,,,,,,,,,,,,,,,,,,,,,,,,,,,,2006.0-The Platinum Collection,2006.0-The Platinum Collection/2010.0-Najbolje Pjesme
Gibonni,Zlatan Stipišić Gibonni,Ozdravi Mi Ti (Live),3:50,The Platinum Collection,2006.0,,,,,,,,,,,,,,,,,,,,,,,,,,,,,,,,,,,,,,,,,,,,,,,,,,,,,,,,,,,,,,,,,,,,,,,,,,,,,,,,,,,,,,,,,,,,,,,,,,,,,2006.0-The Platinum Collection,2006.0-The Platinum Collection
Gibonni,Zlatan Stipišić Gibonni,Što Je Meni Tvoja Nevjera (Live),3:43,The Platinum Collection,2006.0,,,,,,,,,,,,,,,,,,,,,,,,,,,,,,,,,,,,,,,,,,,,,,,,,,,,,,,,,,,,,,,,,,,,,,,,,,,,,,,,,,,,,,,,,,,,,,,,,,,,,2006.0-The Platinum Collection,2006.0-The Platinum Collection
Gibonni,Zlatan Stipišić Gibonni,Kad Sam Nasamo S Njom,,Unca Fibre (Vodič Za Brodolomce I Anđele Čuvare),,Dragan Brnas,,,,,,,,,,,,,,,,,,,,,,,,,,,,,Matija Dedić,,,,,,,,,Tony Levin,,,,,Nikša Bratoš,,,,,,,,,,,,,,,,,Nikša Bratoš,,Nikša Bratoš,Manu Katché,,Nikša Bratoš,,Tommy Emmanuel,Vlatko Stefanovski,,,,,,,,,,,,,,,,,,,,,,,,,,,,,,,,nan-Unca Fibre (Vodič Za Brodolomce I Anđele Čuvare),nan-Unca Fibre (Vodič Za Brodolomce I Anđele Čuvare)/nan-Familija
Gibonni,Zlatan Stipišić Gibonni,Zavezanih Očiju (Evo Me Doma),,Unca Fibre (Vodič Za Brodolomce I Anđele Čuvare),,Zvonimir Kovačić,,,,,,,,,,,,,,,,,,,,,,,,Nikša Bratoš,,,,,Kristian Terzić,,,,,,,,,Alen Svetopetrić,,,,Marko Ramljak,Nikša Bratoš,,,,,,,,,,,,,,,,,Nikša Bratoš,Nikša Bratoš,Nikša Bratoš,Manu Katché,Vlatko Stefanovski,,Mladen Badovinac,,,Stanko Kovačić,Marko Ramljak,,,,,,,,,,,,,,,,,,,,,,,,,,,,,,nan-Unca Fibre (Vodič Za Brodolomce I Anđele Čuvare),nan-Unca Fibre (Vodič Za Brodolomce I Anđele Čuvare)
Gibonni,Zlatan Stipišić Gibonni,Šta Će Meni Moja Dica Reć (Comfort Verzija),,Unca Fibre (Vodič Za Brodolomce I Anđele Čuvare),,Zlatko Volarević Dilayla,,,,,,,,,,,,,,,,,,,,,,,,,Nikša Bratoš,,,,Nikša Bratoš,,,,,,,,,Tony Levin,,,,,Nikša Bratoš,,,,,,,,,,,,,,,,,Nikša Bratoš,Nikša Bratoš,Nikša Bratoš,Manu Katché,Vlatko Stefanovski,Kristian Terzić,,,,Stanko Kovačić,,Kristian Terzić,Neven Mijač,,,,,,,,,,,,,,,,,,,,,,,,,,,,nan-Unca Fibre (Vodič Za Brodolomce I Anđele Čuvare),nan-Unca Fibre (Vodič Za Brodolomce I Anđele Čuvare)
Gibonni,Zlatan Stipišić Gibonni,Hodaj,,Unca Fibre (Vodič Za Brodolomce I Anđele Čuvare),,Zvonimir Kovačić,,,,,,,,,,,,,Nikša Bratoš,,,,,,,,,,,,,,,,Nikša Bratoš,,,,,,,,,Robert Vrbančić,,,,,Nikša Bratoš,,,,,,,,,,,,,,Matko Petrić,,,Nikša Bratoš,Nikša Bratoš,Nikša Bratoš,Dalibor Marinković,Vlatko Stefanovski,,,,,,,,Neven Mijač,Nino Nimac,Marko Ramljak,,,,,,,,,,,,,,,,,,,,,,,,,,nan-Unca Fibre (Vodič Za Brodolomce I Anđele Čuvare),nan-Unca Fibre (Vodič Za Brodolomce I Anđele Čuvare)/nan-Live Acoustic:Electric
Gibonni,Zlatan Stipišić Gibonni,Mi Svijetlimo,,Unca Fibre (Vodič Za Brodolomce I Anđele Čuvare),,Žare Batinović,,,,,,,,,,,,,,,,,,,,,,,,,,,,,,,,,,,,,,Tony Levin,,,,,Nikša Bratoš,,,,,,,,,,,,,,,,,,Nikša Bratoš,Kristian Terzić,Dalibor Marinković,Vlatko Stefanovski,Nikša Bratoš,,,,,,,,,,Oliver Dragojević,Kristian Terzić,,,,,,,,,,,,,,,,,,,,,,,,nan-Unca Fibre (Vodič Za Brodolomce I Anđele Čuvare),nan-Unca Fibre (Vodič Za Brodolomce I Anđele Čuvare)
Gibonni,Zlatan Stipišić Gibonni,Tija Bi Te Zaboravit,,Unca Fibre (Vodič Za Brodolomce I Anđele Čuvare),,Špiro Jurić,,,,,,,,,,,,,,,,,,Duško Ivelić,,,,,,,Nikša Bratoš,,,,Duško Ivelić,,,,,Traditional,,,,,,,,,Duško Ivelić,,,,,,,,,,,,,,,,,Zlatko Brodarić,Nikša Bratoš,,,,,,,,,,,,,,,,Zlatan Došlić,Goran Bregović,Nikša Bratoš,,,,,,,,,,,,,,,,,,,,,nan-Unca Fibre (Vodič Za Brodolomce I Anđele Čuvare),nan-Unca Fibre (Vodič Za Brodolomce I Anđele Čuvare)/nan-Live Acoustic:Electric
Gibonni,Zlatan Stipišić Gibonni,Oslobodi Me (Ako Znaš O Čemu Govorim),,Unca Fibre (Vodič Za Brodolomce I Anđele Čuvare),,Vladimir Pavelić,,,,,,,,,,,,,Nikša Bratoš,,,,,,,,,,,,,,,,Nikša Bratoš,,,,,,,,,Tony Levin,,,,,Nikša Bratoš,,,,,,,,,,,,,,,,,Nikša Bratoš,Nikša Bratoš,,Manu Katché,Vlatko Stefanovski,,,,,,,,,,,,,,,Adnan Busuladžić,,Adnan Busuladžić,Vlatko Stefanovski,Vlatko Stefanovski,Vlatko Stefanovski,Kristian Terzić,Josip Grah,,,,,,,,,,,,,,nan-Unca Fibre (Vodič Za Brodolomce I Anđele Čuvare),nan-Unca Fibre (Vodič Za Brodolomce I Anđele Čuvare)
Gibonni,Zlatan Stipišić Gibonni,Šta Će Meni Moja Dica Reć (Bistra Verzija),,Unca Fibre (Vodič Za Brodolomce I Anđele Čuvare),,Teo Brajčić,,,Ivica Čović Pipo,,,,,,,,,,,,,,,,,,,,,,,,,,,,,,,,,,,Marko Reljanović,,,,Marko Ramljak,,,,,,,,,,,,,,,Matko Petrić,,,,Zlatko Brodarić,,Dalibor Marinković,,,,,,,,,,,,,,Vinko Didović,,,,,,,,,,Ivica Čović Pipo,,,,,,,,,,,,,nan-Unca Fibre (Vodič Za Brodolomce I Anđele Čuvare),nan-Unca Fibre (Vodič Za Brodolomce I Anđele Čuvare)
Gibonni,Zlatan Stipišić Gibonni,....,,Unca Fibre (Vodič Za Brodolomce I Anđele Čuvare),,,,,,,,,,,,,,,,,,,,,,,,,,,,,,,,,,,,,,,,,,,,,,,,,,,,,,,,,,,,,,,,,,,,,,,,,,,,,,,,,,,,,,,,,,,,,,,,,,,,,,nan-Unca Fibre (Vodič Za Brodolomce I Anđele Čuvare),nan-Unca Fibre (Vodič Za Brodolomce I Anđele Čuvare)
Gibonni,Zlatan Stipišić Gibonni,Sebi Dovoljna (Coco Mosquito Remix),,Unca Fibre (Vodič Za Brodolomce I Anđele Čuvare),,,,,Gordan Muratović,,,,,,,,,,,,,,,,,,,,,,Nikša Bratoš,,,,Nikša Bratoš,,,,,,,,,Tony Levin,,,,,Coco Mosquito,,,,,,,,,,,,,,,,,Coco Mosquito,Tonči Radić,,Dalibor Marinković,Vlatko Stefanovski,,,,,,,,,,Marko Ramljak,,,,,,,,,,,,,,Coco Mosquito,,,,,,,,,,,,nan-Unca Fibre (Vodič Za Brodolomce I Anđele Čuvare),nan-Unca Fibre (Vodič Za Brodolomce I Anđele Čuvare)
Gibonni,Zlatan Stipišić Gibonni,Acoustic,,Live Acoustic:Electric,,,,,,,,,,,,,,,,,,,,,,,,,,,,,,,,,,,,,,,,,,,,,,,,,,,,,,,,,,,,,,,,,,,,,,,,,,,,,,,,,,,,,,,,,,,,,,,,,,,,,,nan-Live Acoustic:Electric,nan-Live Acoustic:Electric
Gibonni,Zlatan Stipišić Gibonni,Šta Će Meni Moja Dica Reć?,,Live Acoustic:Electric,,,,,,,,,,,,,,,,,,,,,,,,,,,,,,,,,,,,,,,,,,,,,,,,,,,,,,,,,,,,,,,,,,,,,,,,,,,,,,,,,,,,,,,,,,,,,,,,,,,,,,nan-Live Acoustic:Electric,nan-Live Acoustic:Electric
Gibonni,Zlatan Stipišić Gibonni,Electric,,Live Acoustic:Electric,,,,,,,,,,,,,,,,,,,,,,,,,,,,,,,,,,,,,,,,,,,,,,,,,,,,,,,,,,,,,,,,,,,,,,,,,,,,,,,,,,,,,,,,,,,,,,,,,,,,,,nan-Live Acoustic:Electric,nan-Live Acoustic:Electric
Gibonni,Zlatan Stipišić Gibonni,Vrime Da Se Pomirim Sa Svitom,,Live Acoustic:Electric,,,,,,,,,,,,,,,,,,,,,,,,,,,,,,,,,,,,,,,,,,,,,,,,,,,,,,,,,,,,,,,,,,,,,,,,,,,,,,,,,,,,,,,,,,,,,,,,,,,,,,nan-Live Acoustic:Electric,nan-Live Acoustic:Electric
Gibonni,Zlatan Stipišić Gibonni,Nije Vrime Od Nedije Za U Poje Poči,,The best Of,2009.0,,,,,,,,,,,,,,,,,,,,,,,,,,,,,,,,,,,,,,,,,,,,,,,,,,,,,,,,,,,,,,,,,,,,,,,,,,,,,,,,,,,,,,,,,,,,,,,,,,,,,2009.0-The best Of,2009.0-The best Of
Gibonni,Zlatan Stipišić Gibonni,Šta Je Meni Tvoja Nevjera,,The best Of,2009.0,,,,,,,,,,,,,,,,,,,,,,,,,,,,,,,,,,,,,,,,,,,,,,,,,,,,,,,,,,,,,,,,,,,,,,,,,,,,,,,,,,,,,,,,,,,,,,,,,,,,,2009.0-The best Of,2009.0-The best Of
Gibonni,Zlatan Stipišić Gibonni,Tebi Nisam Bio Vijeran,,The best Of,2009.0,,,,,,,,,,,,,,,,,,,,,,,,,,,,,,,,,,,,,,,,,,,,,,,,,,,,,,,,,,,,,,,,,,,,,,,,,,,,,,,,,,,,,,,,,,,,,,,,,,,,,2009.0-The best Of,2009.0-The best Of
Gibonni,Zlatan Stipišić Gibonni, 	Dvije Duše,,The best Of,2009.0,,,,,,,,,,,,,,,,,,,,,,,,,,,,,,,,,,,,,,,,,,,,,,,,,,,,,,,,,,,,,,,,,,,,,,,,,,,,,,,,,,,,,,,,,,,,,,,,,,,,,2009.0-The best Of,2009.0-The best Of
Gibonni,Zlatan Stipišić Gibonni,Kruna Od Perja (Bonus Tracks ) ,,The best Of,2009.0,,,,,,,,,,,,,,,,,,,,,,,,,,,,,,,,,,,,,,,,,,,,,,,,,,,,,,,,,,,,,,,,,,,,,,,,,,,,,,,,,,,,,,,,,,,,,,,,,,,,,2009.0-The best Of,2009.0-The best Of
Gibonni,Zlatan Stipišić Gibonni,Ovo Mi Je Škola (Bonus Tracks ) ,,The best Of,2009.0,,,,,,,,,,,,,,,,,,,,,,,,,,,,,,,,,,,,,,,,,,,,,,,,,,,,,,,,,,,,,,,,,,,,,,,,,,,,,,,,,,,,,,,,,,,,,,,,,,,,,2009.0-The best Of,2009.0-The best Of
Gibonni,Zlatan Stipišić Gibonni,Zašto Praviš Slona Od Mene,,The best Of,2009.0,,,,,,,,,,,,,,,,,,,,,,,,,,,,,,,,,,,,,,,,,,,,,,,,,,,,,,,,,,,,,,,,,,,,,,,,,,,,,,,,,,,,,,,,,,,,,,,,,,,,,2009.0-The best Of,2009.0-The best Of
Gibonni,Zlatan Stipišić Gibonni,Misliš Da Sam Blesav,,The best Of,2009.0,,,,,,,,,,,,,,,,,,,,,,,,,,,,,,,,,,,,,,,,,,,,,,,,,,,,,,,,,,,,,,,,,,,,,,,,,,,,,,,,,,,,,,,,,,,,,,,,,,,,,2009.0-The best Of,2009.0-The best Of
Gibonni,Zlatan Stipišić Gibonni,Ti Si Mi U Mislima,,The best Of,2009.0,,,,,,,,,,,,,,,,,,,,,,,,,,,,,,,,,,,,,,,,,,,,,,,,,,,,,,,,,,,,,,,,,,,,,,,,,,,,,,,,,,,,,,,,,,,,,,,,,,,,,2009.0-The best Of,2009.0-The best Of
Gibonni,Zlatan Stipišić Gibonni,Ja Bih Preživio,,The best Of,2009.0,,,,,,,,,,,,,,,,,,,,,,,,,,,,,,,,,,,,,,,,,,,,,,,,,,,,,,,,,,,,,,,,,,,,,,,,,,,,,,,,,,,,,,,,,,,,,,,,,,,,,2009.0-The best Of,2009.0-The best Of
Gibonni,Zlatan Stipišić Gibonni,Elaa Ee,,The best Of,2009.0,,,,,,,,,,,,,,,,,,,,,,,,,,,,,,,,,,,,,,,,,,,,,,,,,,,,,,,,,,,,,,,,,,,,,,,,,,,,,,,,,,,,,,,,,,,,,,,,,,,,,2009.0-The best Of,2009.0-The best Of
Gibonni,Zlatan Stipišić Gibonni,Gibajmo Se,,The best Of,2009.0,,,,,,,,,,,,,,,,,,,,,,,,,,,,,,,,,,,,,,,,,,,,,,,,,,,,,,,,,,,,,,,,,,,,,,,,,,,,,,,,,,,,,,,,,,,,,,,,,,,,,2009.0-The best Of,2009.0-The best Of
Gibonni,Zlatan Stipišić Gibonni, 	Jače Manijače,,The best Of,2009.0,,,,,,,,,,,,,,,,,,,,,,,,,,,,,,,,,,,,,,,,,,,,,,,,,,,,,,,,,,,,,,,,,,,,,,,,,,,,,,,,,,,,,,,,,,,,,,,,,,,,,2009.0-The best Of,2009.0-The best Of
Gibonni,Zlatan Stipišić Gibonni,Nisam Mog'o S Njom,,The best Of,2009.0,,,,,,,,,,,,,,,,,,,,,,,,,,,,,,,,,,,,,,,,,,,,,,,,,,,,,,,,,,,,,,,,,,,,,,,,,,,,,,,,,,,,,,,,,,,,,,,,,,,,,2009.0-The best Of,2009.0-The best Of
Gibonni,Zlatan Stipišić Gibonni,Imam Rep,,The best Of,2009.0,,,,,,,,,,,,,,,,,,,,,,,,,,,,,,,,,,,,,,,,,,,,,,,,,,,,,,,,,,,,,,,,,,,,,,,,,,,,,,,,,,,,,,,,,,,,,,,,,,,,,2009.0-The best Of,2009.0-The best Of
Gibonni,Zlatan Stipišić Gibonni,Moja Ljubav,,The best Of,2009.0,,,,,,,,,,,,,,,,,,,,,,,,,,,,,,,,,,,,,,,,,,,,,,,,,,,,,,,,,,,,,,,,,,,,,,,,,,,,,,,,,,,,,,,,,,,,,,,,,,,,,2009.0-The best Of,2009.0-The best Of
Gibonni,Zlatan Stipišić Gibonni, 	Ljubav Se Zove Imenom Tvojim,,The best Of,2009.0,,,,,,,,,,,,,,,,,,,,,,,,,,,,,,,,,,,,,,,,,,,,,,,,,,,,,,,,,,,,,,,,,,,,,,,,,,,,,,,,,,,,,,,,,,,,,,,,,,,,,2009.0-The best Of,2009.0-The best Of
Gibonni,Zlatan Stipišić Gibonni,Africa (Radio Mix),,The best Of,2009.0,,,,,,,,,,,,,,,,,,,,,,,,,,,,,,,,,,,,,,,,,,,,,,,,,,,,,,,,,,,,,,,,,,,,,,,,,,,,,,,,,,,,,,,,,,,,,,,,,,,,,2009.0-The best Of,2009.0-The best Of
Gibonni,Zlatan Stipišić Gibonni,Tebi Pripadam,,The best Of,2009.0,,,,,,,,,,,,,,,,,,,,,,,,,,,,,,,,,,,,,,,,,,,,,,,,,,,,,,,,,,,,,,,,,,,,,,,,,,,,,,,,,,,,,,,,,,,,,,,,,,,,,2009.0-The best Of,2009.0-The best Of
Gibonni,Zlatan Stipišić Gibonni, 	Biti Sam,,The best Of,2009.0,,,,,,,,,,,,,,,,,,,,,,,,,,,,,,,,,,,,,,,,,,,,,,,,,,,,,,,,,,,,,,,,,,,,,,,,,,,,,,,,,,,,,,,,,,,,,,,,,,,,,2009.0-The best Of,2009.0-The best Of
Gibonni,Zlatan Stipišić Gibonni,Ja Ću Budna Sanjati,5:06,Najljepše Ljubavne Pjesme,2010.0,,,,,,,,,,,,,,,,,,,,,,,,,,,,,,,,,,,,,,,,,,,,,,,,,,,,,,,,,,,,,,,,,,,,,,,,,,,,,,,,,,,,,,,,,,,,Vanna (2),,,,,,,,,2010.0-Najljepše Ljubavne Pjesme,2010.0-Najljepše Ljubavne Pjesme
Gibonni,Zlatan Stipišić Gibonni,Zlatne Godine (Unplugged),4:27,Najljepše Ljubavne Pjesme,2010.0,,,,,,,,,,,,,,,,,,,,,,,,,,,,,,,,,,,,,,,,,,,,,,,,,,,,,,,,,,,,,,,,,,,,,,,,,,,,,,,,,,,,,,,,,,,,,,,,,,,,,2010.0-Najljepše Ljubavne Pjesme,2010.0-Najljepše Ljubavne Pjesme
Gibonni,Zlatan Stipišić Gibonni,Rušila Sam Mostove Od Sna (Live),4:22,Najljepše Ljubavne Pjesme,2010.0,,,,,,,,,,,,,,,,,,,,,,,,,,,,,,,,,,,,,,,,,,,,,,,,,,,,,,,,,,,,,,,,,,,,,,,,,,,,,,,,,,,,,,,,,,,,Josipa Lisac,,,,,,,,,2010.0-Najljepše Ljubavne Pjesme,2010.0-Najljepše Ljubavne Pjesme
Gibonni,Zlatan Stipišić Gibonni,Toleranca,3:15,Toleranca,,,,,,,,,,,,,,,,,,,,,,,,,,,,,,,,,,,,,,,,Jani Hace,,,,,,,,,,,,,,Nikša Bratoš,,,,,,,,,,,Marko Lazarić,,,,,,,,,,,,,,,,,,,,,,,,,,,,,Yapumaitpinna,Boris Leiner,Ricardo Luque,,,,,,nan-Toleranca,nan-Toleranca/2013.0-Live/2013.0-Live/2013.0-20th Century Man & Live
Gibonni,Zlatan Stipišić Gibonni,Žeđam,5:01,Toleranca,,,,,,,,,,,,,,,,,,,,,,,,,,,,,,,,,,,,,,,,Nikša Bratoš,,,,,,,,,,,,,,Nikša Bratoš,,,,,Boris Leiner,,,,,,Marko Lazarić,,,,,,,,,,,,,,,,,,,,,,,,,,,,,,,,,,,,,nan-Toleranca,nan-Toleranca/2013.0-Live/2013.0-Live/2013.0-20th Century Man & Live
Gibonni,Zlatan Stipišić Gibonni,Zamoli Me (Možda Ti Je Ispod Časti),4:01,Toleranca,,,,,,,,,,Mirza Tetarić,,,,,,,,,,,,,,,,,Nikša Bratoš,,,,,,,,,,,,,Nikša Bratoš,,,,,,,,,,,,,,Nikša Bratoš,,,,,,,,,,,Marko Lazarić,,,,,,,,,,,,,,,,,,,,,,,,,,,,,,,,Ivana Husar,Vlatko Stefanovski,Davor Rodik,,,nan-Toleranca,nan-Toleranca/2013.0-Slavim Ove Dane Što Si Tu (Live) / Ain't Bad Enough For R'N'R
Gibonni,Zlatan Stipišić Gibonni,Vesla Na Vodi,4:31,Toleranca,,,,,Dejan Orešković,,,,,,,,,,,,,,,,,,,,,,,,,,Zlatan Stipišić Gibonni,,,,,,,,,Dejan Orešković,,,,Marko Ramljak,,,,,,,,,,Dejan Orešković,,,,,,,,,,,Marko Lazarić,,,,,,,,,,,,,,,,,,,,,,,,,,,,,,,,,,,,,nan-Toleranca,nan-Toleranca
Gibonni,Zlatan Stipišić Gibonni,Mala Vesla,2:03,Toleranca,,,,Marko Ramljak,,,,,,,,,,,,,,,,,,,,,,,,,,,,,,,,,,,,,,,,Marko Ramljak,,,,,,,,,,,,,,,,,,,,,,,,,,,,,,,,,,,,,,,,,,,,,,,,,,,,,,,,,,nan-Toleranca,nan-Toleranca
Gibonni,Zlatan Stipišić Gibonni,Slavim Ove Dane Što Si Tu,4:53,Toleranca,,,,,,,,London Community Gospel Choir,,Stephanie Meade,,,,,,,,,,,,,,,,,Nikša Bratoš,,,,,,,,,,,,,Jani Hace,,,,Marko Ramljak,,,,,,,,,,Nikša Bratoš,,,,,Matko Petrić,,,,,,Damir Šomen,,,,,,,,,,,,,,,,,,,,,,,,,,,,,,,,,,,,,nan-Toleranca,nan-Toleranca
Gibonni,Zlatan Stipišić Gibonni,Vrata Do Nas,4:31,Toleranca,,,,,,,,,,,,,,,,,,,,,,,,,,,,,,,,,,,,,,,,Alen Svetopetrić,,,,,,,,,,,,,,Zlatan Stipišić Gibonni,,,,,,,,,,,Dalibor Marinković,,,,,,,,,,,,,,,,,,,,,,,,,,,,,,,,,,,,,nan-Toleranca,nan-Toleranca
Gibonni,Zlatan Stipišić Gibonni,Opet Si Bogu Drag,3:13,Toleranca,,,,,,,,,,,,,,,,,,,,,,,,,,,,,,,,,,,,,,,,Jani Hace,,,,,,,,,,,,,,Marijan Brkić,,,,,,,,,,,Dalibor Marinković,,,,,,,,,,,,,,,,,,,,,,,,,,,,,,,,,,,Marin Ferketin,,nan-Toleranca,nan-Toleranca
Gibonni,Zlatan Stipišić Gibonni,Vrata Moje Sestre,4:13,Toleranca,,,,,,,,,,,,,,,,,,,,Nikša Bratoš,,,,,,,,,,,Massej Kovačević,,,,,,,,,Nikša Bratoš,,,,,,,,,,,,,,Luka Toman,,,,,Marin Petrić,,,,,,,,,,,,,,,,,,,,Zlatan Došlić,,,,,,,,,,,,,,,,,,,,,,,nan-Toleranca,nan-Toleranca/2013.0-20th Century Man & Live
Gibonni,Zlatan Stipišić Gibonni,"Čemu Se Nadaš, Srce Moje?",4:31,Toleranca,,,Ante Gelo,,,,,,,,,,,,,,,,,Ante Gelo,,,,,,,,,Maya Azucena,,,,,,,,,,,Marko Reljanović,,,,,,,,,,,,,,,,,,,,,,Ante Gelo,Luka Toman,,Janko Novoselić,,,,,,,,,,,,,,,,,,,,,,,,,,,,,,,,,,,,,nan-Toleranca,nan-Toleranca
Gibonni,Zlatan Stipišić Gibonni,Toleranca (Drugo Čitanje),2:32,Toleranca,,,,,,,,,,,,,,,,,,,,,,,,,,,,,,,Matija Dedić,,,,,,,,,Robert Vrbančić,,,,,,,,,,,,,,,,,,,,,,Zlatan Stipišić Gibonni,Luka Toman,,Dalibor Marinković,,,,,,,,,,,,,,Zlatan Došlić,,,,,,,,,,,,,,,,,,,,,,,nan-Toleranca,nan-Toleranca
Gibonni,Zlatan Stipišić Gibonni,Tempera (Ispod moga pramca),,Hitovi,2011.0,,Zlatan Stipišić Gibonni,Zlatan Stipišić Gibonni,,,Zlatan Stipišić Gibonni,,,,,,,,,,,,,,,,,,,,,,,,,,,,,,,,,,,,,,,,,,,,,,,,,,,,,,,,,,,,,,,,,,,,,,,,,,,,,,,,,,,,,,,,,,,,,,,2011.0-Hitovi,2011.0-Hitovi
Gibonni,Zlatan Stipišić Gibonni,U ljubav vjere nemam (duet: Oliver),,Hitovi,2011.0,,Dino Dvornik,Zlatan Stipišić Gibonni,,,Zlatan Stipišić Gibonni,,,,,,,,,,,,,,,,,,,,,,,,,,,,,,,,,,,,,,,,,,,,,,,,,,,,,,,,,,,,,,,,,,,,,,,,,,,,,,,,,,,,,,,,,,,,,,,2011.0-Hitovi,2011.0-Hitovi
Gibonni,Zlatan Stipišić Gibonni,Projdi vilo,,Hitovi,2011.0,,Nikša Bratoš,Zlatan Stipišić Gibonni,,,Zlatan Stipišić Gibonni,,,,,,,,,,,,,,,,,,,,,,,,,,,,,,,,,,,,,,,,,,,,,,,,,,,,,,,,,,,,,,,,,,,,,,,,,,,,,,,,,,,,,,,,,,,,,,,2011.0-Hitovi,2011.0-Hitovi/nan-The Best Of Collection
Gibonni,Zlatan Stipišić Gibonni,Dobri judi,,Hitovi,2011.0,,Zlatan Stipišić Gibonni,Zlatan Stipišić Gibonni,,,Zlatan Stipišić Gibonni,,,,,,,,,,,,,,,,,,,,,,,,,,,,,,,,,,,,,,,,,,,,,,,,,,,,,,,,,,,,,,,,,,,,,,,,,,,,,,,,,,,,,,,,,,,,,,,2011.0-Hitovi,2011.0-Hitovi/nan-The Best Of Collection
Gibonni,Zlatan Stipišić Gibonni,Ovo mi je škola,,Hitovi,2011.0,,Zlatan Stipišić Gibonni,Zlatan Stipišić Gibonni,,,Zlatan Stipišić Gibonni,,,,,,,,,,,,,,,,,,,,,,,,,,,,,,,,,,,,,,,,,,,,,,,,,,,,,,,,,,,,,,,,,,,,,,,,,,,,,,,,,,,,,,,,,,,,,,,2011.0-Hitovi,2011.0-Hitovi/2013.0-Live/nan-The Best Of Collection
Gibonni,Zlatan Stipišić Gibonni,Zlatne godine,,Hitovi,2011.0,,Nikša Bratoš,Zrinko Tutić,,,Zlatan Stipišić Gibonni,,,,,,,,,,,,,,,,,,,,,,,,,,,,,,,,,,,,,,,,,,,,,,,,,,,,,,,,,,,,,,,,,,,,,,,,,,,,,,,,,,,,,,,,,,,,,,,2011.0-Hitovi,2011.0-Hitovi/nan-The Best Of Collection
Gibonni,Zlatan Stipišić Gibonni,Dvije duše,,Hitovi,2011.0,,Zlatan Stipišić Gibonni,Zlatan Stipišić Gibonni,,,Zlatan Stipišić Gibonni,,,,,,,,,,,,,,,,,,,,,,,,,,,,,,,,,,,,,,,,,,,,,,,,,,,,,,,,,,,,,,,,,,,,,,,,,,,,,,,,,,,,,,,,,,,,,,,2011.0-Hitovi,2011.0-Hitovi/nan-The Best Of Collection
Gibonni,Zlatan Stipišić Gibonni,Nek' se djete zove kao ja,,Hitovi,2011.0,,Zlatan Stipišić Gibonni,Zlatan Stipišić Gibonni,,,Zlatan Stipišić Gibonni,,,,,,,,,,,,,,,,,,,,,,,,,,,,,,,,,,,,,,,,,,,,,,,,,,,,,,,,,,,,,,,,,,,,,,,,,,,,,,,,,,,,,,,,,,,,,,,2011.0-Hitovi,2011.0-Hitovi
Gibonni,Zlatan Stipišić Gibonni,Sa mnom ili bez mene,,Hitovi,2011.0,,Zlatan Stipišić Gibonni,Zlatan Stipišić Gibonni,,,Zlatan Stipišić Gibonni,,,,,,,,,,,,,,,,,,,,,,,,,,,,,,,,,,,,,,,,,,,,,,,,,,,,,,,,,,,,,,,,,,,,,,,,,,,,,,,,,,,,,,,,,,,,,,,2011.0-Hitovi,2011.0-Hitovi/nan-The Best Of Collection
Gibonni,Zlatan Stipišić Gibonni,Tebe nisam bio vrijedan,,Hitovi,2011.0,,Zlatan Stipišić Gibonni,Zlatan Stipišić Gibonni,,,Zlatan Stipišić Gibonni,,,,,,,,,,,,,,,,,,,,,,,,,,,,,,,,,,,,,,,,,,,,,,,,,,,,,,,,,,,,,,,,,,,,,,,,,,,,,,,,,,,,,,,,,,,,,,,2011.0-Hitovi,2011.0-Hitovi/nan-The Best Of Collection
Gibonni,Zlatan Stipišić Gibonni,Kad te spomenem,,Hitovi,2011.0,,Zlatan Stipišić Gibonni,Zlatan Stipišić Gibonni,,,Zlatan Stipišić Gibonni,,,,,,,,,,,,,,,,,,,,,,,,,,,,,,,,,,,,,,,,,,,,,,,,,,,,,,,,,,,,,,,,,,,,,,,,,,,,,,,,,,,,,,,,,,,,,,,2011.0-Hitovi,2011.0-Hitovi
Gibonni,Zlatan Stipišić Gibonni,Lipa moja,,Hitovi,2011.0,,Zlatan Stipišić Gibonni,Zlatan Stipišić Gibonni,,,Zlatan Stipišić Gibonni,,,,,,,,,,,,,,,,,,,,,,,,,,,,,,,,,,,,,,,,,,,,,,,,,,,,,,,,,,,,,,,,,,,,,,,,,,,,,,,,,,,,,,,,,,,,,,,2011.0-Hitovi,2011.0-Hitovi/nan-The Best Of Collection
Gibonni,Zlatan Stipišić Gibonni,"Ej, vapore",,Hitovi,2011.0,,Zlatan Stipišić Gibonni,Zlatan Stipišić Gibonni,,,Zlatan Stipišić Gibonni,,,,,,,,,,,,,,,,,,,,,,,,,,,,,,,,,,,,,,,,,,,,,,,,,,,,,,,,,,,,,,,,,,,,,,,,,,,,,,,,,,,,,,,,,,,,,,,2011.0-Hitovi,2011.0-Hitovi/nan-The Best Of Collection
Gibonni,Zlatan Stipišić Gibonni,Ja ću budan sanjati (duet: Vanna),,Hitovi,2011.0,,Nikša Bratoš,Zlatan Stipišić Gibonni,,,Zlatan Stipišić Gibonni,,,,,,,,,,,,,,,,,,,,,,,,,,,,,,,,,,,,,,,,,,,,,,,,,,,,,,,,,,,,,,,,,,,,,,,,,,,,,,,,,,,,,,,,,,,,,,,2011.0-Hitovi,2011.0-Hitovi
Gibonni,Zlatan Stipišić Gibonni,Ako me nosiš na duši,,Hitovi,2011.0,,Zlatan Stipišić Gibonni,Zlatan Stipišić Gibonni,,,Zlatan Stipišić Gibonni,,,,,,,,,,,,,,,,,,,,,,,,,,,,,,,,,,,,,,,,,,,,,,,,,,,,,,,,,,,,,,,,,,,,,,,,,,,,,,,,,,,,,,,,,,,,,,,2011.0-Hitovi,2011.0-Hitovi/2013.0-Live/nan-The Best Of Collection
Gibonni,Zlatan Stipišić Gibonni,Nije vrime od nedije za u poje poći,,Hitovi,2011.0,,Zlatan Stipišić Gibonni,Zlatan Stipišić Gibonni,,,Zlatan Stipišić Gibonni,,,,,,,,,,,,,,,,,,,,,,,,,,,,,,,,,,,,,,,,,,,,,,,,,,,,,,,,,,,,,,,,,,,,,,,,,,,,,,,,,,,,,,,,,,,,,,,2011.0-Hitovi,2011.0-Hitovi
Gibonni,Zlatan Stipišić Gibonni,Što je meni tvoja nevjera - Live,,Hitovi,2011.0,,Gibonni Band,Zlatan Stipišić Gibonni,,,Zlatan Stipišić Gibonni,,,,,,,,,,,,,,,,,,,,,,,,,,,,,,,,,,,,,,,,,,,,,,,,,,,,,,,,,,,,,,,,,,,,,,,,,,,,,,,,,,,,,,,,,,,,,,,2011.0-Hitovi,2011.0-Hitovi
Gibonni,Zlatan Stipišić Gibonni,Hey Crow,3:50,20th Century Man,,,,,,,,,,,,,,,,,,,,,,,,,,,,,,,,,,,,,,,,,,,,,,,,,,,,,,,,,,,,,,,,,,,,,,,,,,,,,,,,,,,,,,,,,,,,,,,,,,,,,,nan-20th Century Man,nan-20th Century Man/2013.0-20th Century Man & Live
Gibonni,Zlatan Stipišić Gibonni,Hide The Mirror,4:59,20th Century Man,,,,,,,,,,,,,,,,,,,,,,,,,,,,,,,,,,,,,,,,,,,,,,,,,,,,,,,,,,,,,,,,,,,,,,,,,,,,,,,,,,,,,,,,,,,,,,,,,,,,,,nan-20th Century Man,nan-20th Century Man/2013.0-20th Century Man & Live
Gibonni,Zlatan Stipišić Gibonni,Broken Finger,4:30,20th Century Man,,,,,,,,,,,,,,,,,,,,,,,,,,,,,,,,,,,,,,,,,,,,,,,,,,,,,,,,,,,,,,,,,,,,,,,,,,,,,,,,,,,,,,,,,,,,,,,,,,,,,,nan-20th Century Man,nan-20th Century Man/2013.0-20th Century Man & Live
Gibonni,Zlatan Stipišić Gibonni,My Cloud,5:23,20th Century Man,,,,,,,,,,,,,,,,,,,,,,,,,,,,,,,,,,,,,,,,,,,,,,,,,,,,,,,,,,,,,,,,,,,,,,,,,,,,,,,,,,,,,,,,,,,,,,,,,,,,,,nan-20th Century Man,nan-20th Century Man/2013.0-20th Century Man & Live
Gibonni,Zlatan Stipišić Gibonni,20th Century Man,3:58,20th Century Man,,,,,,,,,,,,,,,,,,,,,,,,,,,,,,,,,,,,,,,,,,,,,,,,,,,,,,,,,,,,,,,,,,,,,,,,,,,,,,,,,,,,,,,,,,,,,,,,,,,,,,nan-20th Century Man,nan-20th Century Man/2013.0-20th Century Man/2013.0-20th Century Man & Live
Gibonni,Zlatan Stipišić Gibonni,Kids In Uniform,4:35,20th Century Man,,,,,,,,,,,,,,,,,,,,,,,,,,,,,,,,,,,,,,,,,,,,,,,,,,,,,,,,,,,,,,,,,,,,,,,,,,,,,,,,,,,,,,,,,,,,,,,,,,,,,,nan-20th Century Man,nan-20th Century Man/2013.0-20th Century Man & Live
Gibonni,Zlatan Stipišić Gibonni,My Brother Cain,5:43,20th Century Man,,,,,,,,,,,,,,,,,,,,,,,,,,,,,,,,,,,,,,,,,,,,,,,,,,,,,,,,,,,,,,,,,,,,,,,,,,,,,,,,,,,,,,,,,,,,,,,,,,,,,,nan-20th Century Man,nan-20th Century Man/2013.0-20th Century Man & Live
Gibonni,Zlatan Stipišić Gibonni,She Said,3:23,20th Century Man,,,,,,,,,,,,,,,,,,,,,,,,,,,,,,,,,,,,,,,,,,,,,,,,,,,,,,,,,,,,,,,,,,,,,,,,,,,,,,,,,,,,,,,,,,,,,,,,,,,,,,nan-20th Century Man,nan-20th Century Man/2013.0-20th Century Man & Live
Gibonni,Zlatan Stipišić Gibonni,Nothing Changed,4:14,20th Century Man,,,,,,,,,,,,,,,,,,,,,,,,,,,,,,,,,,,,,,,,,,,,,,,,,,,,,,,,,,,,,,,,,,,,,,,,,,,,,,,,,,,,,,,,,,,,,,,,,,,,,,nan-20th Century Man,nan-20th Century Man
Gibonni,Zlatan Stipišić Gibonni,Ain't Bad Enough For R'n'r,4:15,20th Century Man,,,,,,,,,,,,,,,,,,,,,,,,,,,,,,,,,,,,,,,,,,,,,,,,,,,,,,,,,,,,,,,,,,,,,,,,,,,,,,,,,,,,,,,,,,,,,,,,,,,,,,nan-20th Century Man,nan-20th Century Man
Gibonni,Zlatan Stipišić Gibonni,Slavim Ove Dane Što Si Tu (Live),,Slavim Ove Dane Što Si Tu (Live) / Ain't Bad Enough For R'N'R,2013.0,,,,,,,Maya Azucena,,,,,,,,,,,,,,,,,,,,,,,,,,,,,,,,,,,,,,,,,,,,,,,,,,,,,,,,,,,,,,,,,,,,,,,,,,,,,,,,,,,,,,,,,,,,,,2013.0-Slavim Ove Dane Što Si Tu (Live) / Ain't Bad Enough For R'N'R,2013.0-Slavim Ove Dane Što Si Tu (Live) / Ain't Bad Enough For R'N'R
Gibonni,Zlatan Stipišić Gibonni, Ain't Bad Enough For R'N'R,,Slavim Ove Dane Što Si Tu (Live) / Ain't Bad Enough For R'N'R,2013.0,,,,,,,,,,,,,,,,,,,,,,,,,,,,,,,,,,,,,,,,,,,,,,,,,,,,,,,,,,,,,,,,,,,,,,,,,,,,,,,,,,,,,,,,,,,,,,,,,,,,,2013.0-Slavim Ove Dane Što Si Tu (Live) / Ain't Bad Enough For R'N'R,2013.0-Slavim Ove Dane Što Si Tu (Live) / Ain't Bad Enough For R'N'R
Gibonni,Zlatan Stipišić Gibonni,Tempera (Live),,Slavim Ove Dane Što Si Tu (Live) / Ain't Bad Enough For R'N'R,2013.0,,,,,,,,,,,,,,,,,,,,,,,,,,,,,,,,,,,,,,,,,,,,,,,,,,,,,,,,,,,,,,,,,,,,,,,,,,,,,,,,,,,,,,,,,,,,,,,,,,,,,2013.0-Slavim Ove Dane Što Si Tu (Live) / Ain't Bad Enough For R'N'R,2013.0-Slavim Ove Dane Što Si Tu (Live) / Ain't Bad Enough For R'N'R
Gibonni,Zlatan Stipišić Gibonni, Vrime Da Se Pomirim Sa Svitom (Live),,Slavim Ove Dane Što Si Tu (Live) / Ain't Bad Enough For R'N'R,2013.0,,,,,,,,,,,,,,,,,,,,,,,,,,,,,,,,,,,,,,,,,,,,,,,,,,,,,,,,,,,,,,,,,,,,,,,,,,,,,,,,,,,,,,,,,,,,,,,,,,,,,2013.0-Slavim Ove Dane Što Si Tu (Live) / Ain't Bad Enough For R'N'R,2013.0-Slavim Ove Dane Što Si Tu (Live) / Ain't Bad Enough For R'N'R
Gibonni,Zlatan Stipišić Gibonni,CD - Live,,Live,2013.0,,,,,,,,,,,,,,,,,,,,,,,,,,,,,,,,,,,,,,,,,,,,,,,,,,,,,,,,,,,,,,,,,,,,,,,,,,,,,,,,,,,,,,,,,,,,,,,,,,,,,2013.0-Live,2013.0-Live
Gibonni,Zlatan Stipišić Gibonni,Divji cvit,7:06,Live,2013.0,,,,,,,,,,,,,,,,,,,,,,,,,,,,,,,,,,,,,,,,,,,,,,,,,,,,,,,,,,,,,,,,,,,,,,,,,,,,,,,,,,,,,,,,,,,,,,,,,,,,,2013.0-Live,2013.0-Live
Gibonni,Zlatan Stipišić Gibonni,Ne odustajem / Dvije duše,6:42,Live,2013.0,,,,,,,Teo Brajčić,,,,,,,,,,,,,,,,,,,,,,,,,,,,,,,,,,,,,,,,,,,,,,,,,,,,,,,,,,,,,,,,,,,,,,,,,,,,,,,,,,,,,,,,,,,,,,2013.0-Live,2013.0-Live
Gibonni,Zlatan Stipišić Gibonni,Amazing Grace,2:40,Live,2013.0,,,,,,,,,,,,,,,,,,,,,,,,,,,,,,,,,,,,,,,,,,,,,,,,,,,,,,,,,,,,,,,,,,,,,,,,,,,,,,,,,,,,,,,,,,,,,,,,,,,,,2013.0-Live,2013.0-Live/2013.0-20th Century Man & Live
Gibonni,Zlatan Stipišić Gibonni,Zamoli me (Možda ti je ispod časti),4:36,Live,2013.0,,,,,,,,,,,,,,,,,,,,,,,,,,,,,,,,,,,,,,,,,,,,,,,,,,,,,,,,,,,,,,,,,,,,,,,,,,,,,,,,,,,,,,,,,,,,,,,,,,,,Davor Rodik,2013.0-Live,2013.0-Live
Gibonni,Zlatan Stipišić Gibonni,"Judi, zviri i beštimje / Moja voda",4:20,Live,2013.0,,,,,,,Damir Urban,,,,,,,,,,,,,,,,,,,,,,,,,,,,,,,,,,,,,,,,,,,,,,,,,,,,,,,,,,,,,,,,,,,,,,,,,,,,,,,,,,,,,,,,,,,,,,2013.0-Live,2013.0-Live/2013.0-Live
Gibonni,Zlatan Stipišić Gibonni,Slavim ove dane što si tu,4:52,Live,2013.0,,,,,,,Rashida Bryant,,,,,,,,,,,,,,,,,,,,,,,,,,,,,,,,,,,,,,,,,,,,,,,,,,,,,,,,,,,,,,,,,,,,,,,,,,,,,,,,,,,,,,,,,,,,,,2013.0-Live,2013.0-Live/2013.0-Live
Gibonni,Zlatan Stipišić Gibonni,Posoljeni zrak i razlivena tinta,8:14,Live,2013.0,,,,,,,Maya Azucena,,,,,,,,,,,,,,,,,,,,,,,,,,,,,,,,,,,,,,,,,,,,,,,,,,,,,,,,,,,,,,,,,,,,,,,,,,,,,,,,,,,,,,,,,,,,,,2013.0-Live,2013.0-Live/2013.0-Live
Gibonni,Zlatan Stipišić Gibonni,Vrata moje sestre,5:49,Live,2013.0,,,,,,,,,,,,,,,,,,,,,,,,,,,,,,,,,,,,,,,,,,,,,,,,,,,,,,,,,,,,,,,,,,,,,,,,,,,,,,,,,,,,,,,,,,,,,,,,,,,,,2013.0-Live,2013.0-Live
Gibonni,Zlatan Stipišić Gibonni,DVD - TOLERANCA TOUR / dvorana dražen petrović / zagreb.........23.04.2010,,Live,2013.0,,,,,,,,,,,,,,,,,,,,,,,,,,,,,,,,,,,,,,,,,,,,,,,,,,,,,,,,,,,,,,,,,,,,,,,,,,,,,,,,,,,,,,,,,,,,,,,,,,,,,2013.0-Live,2013.0-Live
Gibonni,Zlatan Stipišić Gibonni,U ljubav vjere nemam,,Live,2013.0,,,,,,,,,,,,,,,,,,,,,,,,,,,,,,,,,,,,,,,,,,,,,,,,,,,,,,,,,,,,,,,,,,,,,,,,,,,,,,,,,,,,,,,,,,,,,,,,,,,,,2013.0-Live,2013.0-Live
Gibonni,Zlatan Stipišić Gibonni,Zamoli me (možda ti je ispod časti),,Live,2013.0,,,,,,,Davor Rodik,,,,,,,,,,,,,,,,,,,,,,,,,,,,,,,,,,,,,,,,,,,,,,,,,,,,,,,,,,,,,,,,,,,,,,,,,,,,,,,,,,,,,,,,,,,,,,2013.0-Live,2013.0-Live
Gibonni,Zlatan Stipišić Gibonni,Hodaj / Anđeo u tebi,,Live,2013.0,,,,,,,Rachida Bryant,,,,,,,,,,,,,,,,,,,,,,,,,,,,,,,,,,,,,,,,,,,,,,,,,,,,,,,,,,,,,,,,,,,,,,,,,,,,,,,,,,,,,,,,,,,,,,2013.0-Live,2013.0-Live
Gibonni,Zlatan Stipišić Gibonni,Vrime da se pomirim sa svitom,,Live,2013.0,,,,,,,,,,,,,,,,,,,,,,,,,,,,,,,,,,,,,,,,,,,,,,,,,,,,,,,,,,,,,,,,,,,,,,,,,,,,,,,,,,,,,,,,,,,,,,,,,,,,,2013.0-Live,2013.0-Live
Gibonni,Zlatan Stipišić Gibonni,CD 1 20th Century Man,,20th Century Man & Live,2013.0,,,,,,,,,,,,,,,,,,,,,,,,,,,,,,,,,,,,,,,,,,,,,,,,,,,,,,,,,,,,,,,,,,,,,,,,,,,,,,,,,,,,,,,,,,,,,,,,,,,,,2013.0-20th Century Man & Live,2013.0-20th Century Man & Live
Gibonni,Zlatan Stipišić Gibonni,Nothing Changes,4:14,20th Century Man & Live,2013.0,,,,,,,,,,,,,,,,,,,,,,,,,,,,,,,,,,,,,,,,,,,,,,,,,,,,,,,,,,,,,,,,,,,,,,,,,,,,,,,,,,,,,,,,,,,,,,,,,,,,,2013.0-20th Century Man & Live,2013.0-20th Century Man & Live
Gibonni,Zlatan Stipišić Gibonni,Ain’t Bad Enough For R’n’R,4:15,20th Century Man & Live,2013.0,,,,,,,,,,,,,,,,,,,,,,,,,,,,,,,,,,,,,,,,,,,,,,,,,,,,,,,,,,,,,,,,,,,,,,,,,,,,,,,,,,,,,,,,,,,,,,,,,,,,,2013.0-20th Century Man & Live,2013.0-20th Century Man & Live
Gibonni,Zlatan Stipišić Gibonni,CD 2 Live,,20th Century Man & Live,2013.0,,,,,,,,,,,,,,,,,,,,,,,,,,,,,,,,,,,,,,,,,,,,,,,,,,,,,,,,,,,,,,,,,,,,,,,,,,,,,,,,,,,,,,,,,,,,,,,,,,,,,2013.0-20th Century Man & Live,2013.0-20th Century Man & Live
Gibonni,Zlatan Stipišić Gibonni,Ne Odustajem - Dvije Duše,6:42,20th Century Man & Live,2013.0,,,,,,,,,,,,,,,,,,,,,,,,,,,,,,,,,,,,,,,,,,,,,,,,,,,,,,,,,,,,,,,,,,,,,,,,,,,,,,,,,,,,,,,,,,,,,,,,,,,,,2013.0-20th Century Man & Live,2013.0-20th Century Man & Live
Gibonni,Zlatan Stipišić Gibonni,Zamoli Me,4:36,20th Century Man & Live,2013.0,,,,,,,,,,,,,,,,,,,,,,,,,,,,,,,,,,,,,,,,,,,,,,,,,,,,,,,,,,,,,,,,,,,,,,,,,,,,,,,,,,,,,,,,,,,,,,,,,,,,,2013.0-20th Century Man & Live,2013.0-20th Century Man & Live
Gibonni,Zlatan Stipišić Gibonni,"Judi, Zviri I Beštimje - Moja Voda",4:20,20th Century Man & Live,2013.0,,,,,,,,,,,,,,,,,,,,,,,,,,,,,,,,,,,,,,,,,,,,,,,,,,,,,,,,,,,,,,,,,,,,,,,,,,,,,,,,,,,,,,,,,,,,,,,,,,,,,2013.0-20th Century Man & Live,2013.0-20th Century Man & Live
Gibonni,Zlatan Stipišić Gibonni,Slavim Ove Dane,4:52,20th Century Man & Live,2013.0,,,,,,,,,,,,,,,,,,,,,,,,,,,,,,,,,,,,,,,,,,,,,,,,,,,,,,,,,,,,,,,,,,,,,,,,,,,,,,,,,,,,,,,,,,,,,,,,,,,,,2013.0-20th Century Man & Live,2013.0-20th Century Man & Live
Gibonni,Zlatan Stipišić Gibonni,Ispod moga pramca (Tempera),4:26,The Best Of Collection,,,Zlatan Stipišić Gibonni,,,,,,,,,,,,,,,,,,,,,,,,,,,,,,,,,,,,,,,,,,,,,,,,,,,,,,,,,,,,,,,,,,,,,,,,,,,,,,,,,,,,,,,,,,,,,,,,,,,nan-The Best Of Collection,nan-The Best Of Collection
Gibonni,Zlatan Stipišić Gibonni,Ozdravi mi ti,4:10,The Best Of Collection,,,Zlatan Stipišić Gibonni,,,,,,,,,,,,,,,,,,,,,,,,,,,,,,,,,,,,,,,,,,,,,,,,,,,,,,,,,,,,,,,,,,,,,,,,,,,,,,,,,,,,,,,,,,,,,,,,,,,nan-The Best Of Collection,nan-The Best Of Collection
Gibonni,Zlatan Stipišić Gibonni,Noina arka,4:34,The Best Of Collection,,,Zlatan Stipišić Gibonni,,,,,,,,,,,,,,,,,,,,,,,,,,,,,,,,,,,,,,,,,,,,,,,,,,,,,,,,,,,,,,,,,,,,,,,,,,,,,,,,,,,,,,,,,,,,,,,,,,,nan-The Best Of Collection,nan-The Best Of Collection
Gibonni,Zlatan Stipišić Gibonni,Zrno radosti,4:05,The Best Of Collection,,,Zlatan Stipišić Gibonni,,,,,,,,,,,,,,,,,,,,,,,,,,,,,,,,,,,,,,,,,,,,,,,,,,,,,,,,,,,,,,,,,,,,,,,,,,,,,,,,,,,,,,,,,,,,,,,,,,,nan-The Best Of Collection,nan-The Best Of Collection
Gibonni,Zlatan Stipišić Gibonni,Nek' se dijete zove kao ja,4:24,The Best Of Collection,,,Zlatan Stipišić Gibonni,,,,,,,,,,,,,,,,,,,,,,,,,,,,,,,,,,,,,,,,,,,,,,,,,,,,,,,,,,,,,,,,,,,,,,,,,,,,,,,,,,,,,,,,,,,,,,,,,,,nan-The Best Of Collection,nan-The Best Of Collection
Gibonni,Zlatan Stipišić Gibonni,Sve će biti k'o nekada,4:11,The Best Of Collection,,,Zlatan Stipišić Gibonni,,,,,,,,,,,,,,,,,,,,,,,,,,,,,,,,,,,,,,,,,,,,,,,,,,,,,,,,,,,,,,,,,,,,,,,,,,,,,,,,,,,,,,,,,,,,,,,,,,,nan-The Best Of Collection,nan-The Best Of Collection
Gibonni,Zlatan Stipišić Gibonni,Kruna od perja,3:44,The Best Of Collection,,,Zlatan Stipišić Gibonni,,,,,,,,,,,,,,,,,,,,,,,,,,,,,,,,,,,,,,,,,,,,,,,,,,,,,,,,,,,,,,,,,,,,,,,,,,,,,,,,,,,,,,,,,,,,,,,,,,,nan-The Best Of Collection,nan-The Best Of Collection
Gibonni,Zlatan Stipišić Gibonni,U ljubav vjere nemam (Live),4:15,The Best Of Collection,,,Gibonni Band,,,,,,,,,,,,,,,,,,,,,,,,,,,,,,,,,,,,,,,,,,,,,,,,,,,,,,,,,,,,,,,,,,,,,,,,,,,,,,,,,,,,,,,,,,,,,,,,,,,nan-The Best Of Collection,nan-The Best Of Collection
Gibonni,Zlatan Stipišić Gibonni,Cesarica (Live),2:01,The Best Of Collection,,,Stipica Kalogjera,,,,,Oliver Dragojević,,,,,,,,,,,,,,,,,,,,,,,,,,,,,,,,,,,,,,,,,,,,,,,,,,,,,,,,,,,,,,,,,,,,,,,,,,,,,,,,,,,,,,,,,,,,,,nan-The Best Of Collection,nan-The Best Of Collection
Gibonni,Zlatan Stipišić Gibonni,Sreća,5:43,Sreća,2016.0,,,,,,,,,,,,,,,,,,,,,,,,,,,,,,,,,,,,,,,,,,,,,,,,,,,,,,,,,,,,,,,,,,,,,,,,,,,,,,,,,,,,,,,,,,,,,,,,,,,,,2016.0-Sreća,2016.0-Sreća/nan-Familija
Gibonni,Zlatan Stipišić Gibonni,Udica,4:43,Udica,2016.0,,,,,,,,,,,,,,,,,,,,,,,,,,,,,,,,,,,,,,,,,,,,,,,,,,,,,,,,,,,,,,,,,,,,,,,,,,,,,,,,,,,,,,,,,,,,,,,,,,,,,2016.0-Udica,2016.0-Udica/nan-Familija
Gibonni,Zlatan Stipišić Gibonni,"Onako, Od Oka",5:32,Familija,,,,,,,,,,,,,,,,,,,,,,,,,,,,,,,,,,,,,,,,,,,,,,,,,,,,,,,,,,,,,,,,,,Steve Stevens,,,,,,,,,,,,,,,,,,,,,,,,,,,,,,,,,,,,nan-Familija,nan-Familija
Gibonni,Zlatan Stipišić Gibonni,Bella Figura Intro,0:36,Familija,,,,,,,,,,,,,,,,,,,,,,,,,,,,,,,,,,,,,,,,,,,,,,,,,,,,,,,,,,,,,,,,,,,,,,,,,,,,,,,,,,,,,,,,,,,,,,,,,,,,,,nan-Familija,nan-Familija
Gibonni,Zlatan Stipišić Gibonni,"Bella Figura, Bella Pitura",5:17,Familija,,,,,,,,,,,,,,,,,,,,,,,,,,,,,,,,,,,,,,,,,,,,,,,,,,,,,,,,,,,,,,,,,,Vlatko Stefanovski,,,,,,,,,,,,,,,,,,,,,,,,,,,,,,,,,,,,nan-Familija,"nan-Familija/2017.0-Bella Figura, Bella Pitura"
Gibonni,Zlatan Stipišić Gibonni,Gdje To Piše?,3:39,Familija,,,,,,,,,,,,,,,,,,,,,,,,,,,,,,,,,,,,,,,,,,,,,,,,,,,,,,,,,,,,,,,,,,,,,,,,,,,,,,,,,,,,,,,,,,,,,,,,,,,,,,nan-Familija,nan-Familija
Gibonni,Zlatan Stipišić Gibonni,Moja Si Kuća,4:55,Familija,,,,,,,,,,,,,,,,,,,,,,,,,,,,,,,,,,,,,,,,,,,,,,,,,,,,,,,,,,,,,,,,,,,,,,,,,,,,,,,,,,,,,,,,,,,,,,,,,,,,,,nan-Familija,nan-Familija
Gibonni,Zlatan Stipišić Gibonni,Za Tvoje Dobro,5:07,Familija,,,,,,,,,,,,,,,,,,,,,,,,,,,,,,,,,,,,,,,,,,,,,,,,,,,,,,,,,,,,,,,,,,,,,,,,,,Antonio Serrano (2),,,,,,,,,,,,,,,,,,,,,,,,,,,,nan-Familija,nan-Familija
Gibonni,Zlatan Stipišić Gibonni,Nisi Više Moja Bol,5:15,Familija,,,,,,,,,,,,,,,,,,,,,,,,,,,,,,,,,,,,,,,,,,,,,,,,,,,,,,,,,,,,,,,,,,,,,,,,,,,,,,,,,,,,,,,,,,,,,,,,,,,,,,nan-Familija,nan-Familija/2018.0-Nisi Više Moja Bol
Gibonni,Zlatan Stipišić Gibonni,Kiša (Zinab),,U Po' Ure,,,,,,,,,,,,,,,,,,,,,,,,,,,,,,,,,,,,,,,,,,,,,,,,,,,,,,,,,,,,,,,,,,,,,,,,,,,,,,,,,,,,,,,,,,,,,,,,,,,,,,nan-U Po' Ure,nan-U Po' Ure
Gibonni,Zlatan Stipišić Gibonni,Pijesak Nošen Vjetrom,,U Po' Ure,,,,,,,,,,,,,,,,,,,,,,,,,,,,,,,,,,,,,,,,,,,,,,,,,,,,,,,,,,,,,,,,,,,,,,,,,,,,,,,,,,,,,,,,,,,,,,,,,,,,,,nan-U Po' Ure,nan-U Po' Ure
Gibonni,Zlatan Stipišić Gibonni,Lažu Fotografije,,U Po' Ure,,,,,,,,,,,,,,,,,,,,,,,,,,,,,,,,,,,,,,,,,,,,,,,,,,,,,,,,,,,,,,,,,,,,,,,,,,,,,,,,,,,,,,,,,,,,,,,,,,,,,,nan-U Po' Ure,nan-U Po' Ure
Gibonni,Zlatan Stipišić Gibonni,Mlijeko Proliveno,,U Po' Ure,,,,,,,,,,,,,,,,,,,,,,,,,,,,,,,,,,,,,,,,,,,,,,,,,,,,,,,,,,,,,,,,,,,,,,,,,,,,,,,,,,,,,,,,,,,,,,,,,,,,,,nan-U Po' Ure,nan-U Po' Ure
Gibonni,Zlatan Stipišić Gibonni,"Ko Si, Da Si",,U Po' Ure,,,,,,,,,,,,,,,,,,,,,,,,,,,,,,,,,,,,,,,,,,,,,,,,,,,,,,,,,,,,,,,,,,,,,,,,,,,,,,,,,,,,,,,,,,,,,,,,,,,,,,nan-U Po' Ure,nan-U Po' Ure
