Song_ID,Artist,Artist_diskografija,Song_tekstovinet,Views_tekstovinet,Lyrics_tekstovinet,Url_tekstovinet,Writer_lyricstranslate,Song_lyricstranslate,EngTitle_lyricstranslate,Album_lyricstranslate,Lyrics_lyricstranslate,EngLyrics_lyricstranslate,Url_lyricstranslate,Izvedba_diskografija,Url_diskografija,Song_diskografija
BBRKiV88_1_0,Mia Dimšić,Mia Dimšić,Bezimeni,13417,"Ni sama ne znam zasto
ali svaki put kad idem van 
nadje se netko kao ti
da skroz upropasti mi dan 

Kad mislim da je dobro
iznenada stanes mi na put 
i uvijek sebi kazem
'ajde, mozda cu se priviknut
 
Al’ takvi kao ti
su svuda oko nas
i samo vicu na sav glas

Dok sviram, prilazis
i uvazeno misljenje mi das 
i sve mi objasnis
jer ipak ti od mene bolje znas

Vec stotu casu pijes
pa govora dobio si dar 
sad mozes svijet osvojit'
a kamoli ovaj mali bar 

Al’ takvi kao ti
su svuda oko nas
i samo vicu na sav glas

Ref.
Zato se okreni, svojim putem kreni 
ostani u svojoj neprobojnoj sjeni 
samo se okreni, svojim putem kreni 
neki ljudi cak i s imenom su bezimeni

Mozda sam naivna
i ako grijesim, ispravi me s tim 
al’ nije bitno gdje tko stanuje
i tko je ciji sin 

I mada, moram priznat'
za svoj zivot imas cudan plan 
koliko dosad vidim
ni po cemu nisi poseban

Ref.

Ref. 2x

Bezimeni","https://tekstovi.net/2,4413,54027.html",,Bezimeni,Nameless,Život nije siv,"Ni sama ne znam zašto, ali svaki put kad idem van
1
Nađe se netko kao ti da skroz upropasti mi dan
Kad mislim da je dobro, iznenada staneš mi na put
I uvijek sebi kažem: ajde, možda ću se priviknut’. Al’ takvi kao ti su svuda oko nas
I samo viču na sav glas. Dok sviram, prilaziš i uvaženo mišljenje mi daš
I sve mi objasniš jer ipak ti od mene bolje znaš
Već stotu čašu piješ pa govora dobio si dar
Sad možeš svijet osvojit, a kamoli ovaj mali bar. Al’ takvi kao ti su svuda oko nas
I samo viču na sav glas. Zato se okreni, svojim putem kreni
Ostani u svojoj neprobojnoj sjeni
Samo se okreni, svojim putem kreni
Neki ljudi čak i s imenom su bezimeni. Možda sam naivna i ako griješim, ispravi me s tim
Al’ nije bitno gdje tko stanuje i tko je čiji sin
I mada, moram priznat, za svoj život imaš čudan plan
Koliko dosad vidim, ni po čemu nisi poseban. Jer takvi kao ti su svuda oko nas
I samo viču na sav glas. Zato se okreni, svojim putem kreni
Ostani u svojoj neprobojnoj sjeni
Samo se okreni, svojim putem kreni
Neki ljudi čak i s imenom su bezimeni. Zato se okreni, svojim putem kreni
Ostani u svojoj neprobojnoj sjeni
Samo se okreni, svojim putem kreni
Neki ljudi .... Zato se okreni, svojim putem kreni
Ostani u svojoj neprobojnoj sjeni
Samo se okreni, svojim putem kreni
Neki ljudi čak i s imenom su bezimeni, bezimeni","I dn't really know why, but every time I go out
There someone like to totally ruin my day
When I think it's good, suddenly you step on my way
And I always tell myself: Alright, maybe I'll get used to it. But such people like you are everywhere around us
And they just scream at the top of their voice. As I play, you step up and give me a respected opinion
And you explain everything cause still, you know better than I do
You're on your hundredth glass already so no problem speaking
Now you can conquer the world, nevermind this small bar. But such people like you are everywhere around us
And they just scream at the top of their voice. So turn around, go your way
Stay in your bulletproof shadow
Just turn around, go your way
Some people are nameless even with a name. Maybe I'm naive and if I'm wrong, correct me with that
But it doesn't matter who lives where and who is his daddy
And, although, I must admitt, you have a weird life plan
As far as I see, you're nothing special. Because such people like you are everywhere around us
And they just scream at the top of their voice. So turn around, go your way
Stay in your bulletproof shadow
Just turn around, go your way
Some people are nameless even with a name. So turn around, go your way
Stay in your bulletproof shadow
Just turn around, go your way
Some people.... So turn around, go your way
Stay in your bulletproof shadow
Just turn around, go your way
Some people are nameless even with a name, nameless",https://lyricstranslate.com/en/nameless-lyrics.html,,,
BBRKiV88_1_1,Mia Dimšić,Mia Dimšić,Bozic bez tebe,775,"Kada padne prvi snijeg
pomislim na dalek bijeg
ulicama sretnih sjecanja

I uz pomoc albuma
s nekim starim slikama
dodje okus toplih kestena
 
A i s njima usne tvoje
poljupcima zvijezde broje
oci nam k'o mjesec sjaje
dok noc nestaje

Ref.
Gdje si sad 
kad mi trebas najvise
kada zima mirise
kad svi su sretni
kad svi se smiju

Gdje si sad
kad te ruke traze
ostaju same bez tebe
a Bozic je

Stazu krase koraci
s nebom slave dimnjaci
ispred snjezni plast
od beskraja

Djeca jure sanjkama
sve je k'o u bajkama
sam se javi glas tvog saptaja

Onda s njim i usne tvoje
poljupcima zvijezde broje
oci nam k'o mjesec sjaje
dok noc nestaje

Ref.","https://tekstovi.net/2,4413,60820.html",,Božić bez tebe,Christmas Without You,Božićno jutro,"Kada padne prvi snijeg
1
Pomislim na dalek bijeg
Ulicama sretnih sjećanja.. I uz pomoć albuma
S nekim starim slikama
Dođe okus toplih kestena.. A i s njima usne tvoje,
Poljupcima zvijezde broje,
Oči nam ko' mjesec sjaje
Dok noć nestaje.. Gdje si sad,
Kad mi trebaš najviše,
Kada zima miriše,
Kada svi su sretni, kad svi se smiju.
Gdje si sad,
Kad te ruke traže,
Ostaju same bez tebe
A Božić je.. Stazu krase koraci
S nebom slave dimnjaci
Ispred snježni plašt od beskraja.
Djeca jure sanjkama,
Sve je ko u bajkama,
Sam se javi glas tvog šaptaja.. Onda s njim i usne tvoje,
Poljupcima zvijezde broje,
Oči nam ko mjesec sjaje
Dok noć nestaje.. Gdje si sad,
Kad mi trebaš najviše,
Kada zima miriše
Kada svi su sretni, kad svi se smiju.
Gdje si sad,
Kad te ruke traže,
Ostaju same bez tebe
A Božić je,
A Božić je.","When the first snow falls
I think of an escape far away
Through happy memories lanes. And with help from albums
With some old photos
An aroma of warm chestnuts appears. And alongside it - your lips
Counting stars with kisses
Our eyes shine like the moon
As the night disappears. Where are you now?
When I need you the most
When it smells like winter
When everyone's happy, when everyone's laughing
Where are you now?
When hands look for you
Staying by their self without you
And it's Christmas. Steps ornate the path
Chimneys celebrate together with the sky
In front is a snow cape made out of endlessness
Children rushing in slades
It's all like in fairytales
Just the sound of your whispers appear. And alongside them - your lips
Counting stars with kisses
Our eyes shine like the moon
As the night disappears. Where are you now?
When I need you the most
When it smells like winter
When everyone's happy, when everyone's laughing
Where are you now?
When hands look for you
Staying by their self without you
And it's Christmas
And it's Christmas",https://lyricstranslate.com/en/bo%C5%BEi%C4%87-bez-tebe-christmas-without-you.html-0,,,
BBRKiV88_1_2,Mia Dimšić,Mia Dimšić,Budi mi blizu,4107,"Ne treba mi ljubav kada u njoj nisi ti
ne treba mi jutro kad se sama probudim
ti si najduza crta na mojem dlanu
svi nasi snovi tamo nam stanu

Dodji mi sto prije, najteze je cekati
dodji mi jos nocas da je ljepse zaspati
i kad brojimo zvijezde na karti neba
s tobom sve ide bas kako treba
 
Ref.
Sad budi mi blizu da sav nemir nestane
i ljubi me jako k'o da sutra umirem
ove ruke mozes vodit samo ti
ljubavi

Ne treba mi ljubav ako dodje bez tebe
ne treba mi vino ako sama smijem se
hajde, idemo negdje da ne znam kamo
svakoj tisini mi rijeci znamo

Ref. 2x","https://tekstovi.net/2,4413,53293.html",,Budi mi blizu,Stay close to me,Život nije siv (2017),"Ne treba mi ljubav kada u njoj nisi ti
1
ne treba mi jutro kad se sama probudim
ti si najduža crta na mojem dlanu
svi naši snovi tamo nam stanu. Dođi mi što prije, najteže je čekati
dođi mi još noćas da je ljepše zaspati
i kad brojimo zvijezde na karti neba
s tobom sve ide baš kako treba. Sad budi mi blizu da sav nemir nestane
I ljubi me jako k'o da sutra umirem
Ove ruke možeš vodit samo ti
Ljubavi. Ne treba mi ljubav ako dođe bez tebe
ne treba mi vino ako sama smijem se
hajde, idemo negdje da ne znam kamo
svakoj tišini mi riječi znamo. Sad budi mi blizu da sav nemir nestane
I ljubi me jako k'o da sutra umirem
Ove ruke možeš vodit samo ti
Ljubavi","I don’t need love if you are not in it
I don’t need morning if I wake alone
you’re the longest line on my palm
all our dreams rest there. Come to me soon, waiting is hardest
Come to me tonight to ease my sleep
and when we count the stars on heaven’s map
with you, everything goes as it should. Stay close to me now until all heartache ends
And love me deeply as if tomorrow I die
Only you can take these hands
Love. I don’t need love if it comes without you
I don’t need wine if I’m laughing alone
come, let’s go somewhere we don’t know where
we know the words for every silence. Stay close to me now until all heartache ends
And love me deeply as if tomorrow I die
Only you can take these hands
Love",https://lyricstranslate.com/en/budi-mi-blizu-stay-close-me.html,['Mia Dimšić'],https://diskografija.com/pjesma/budi-mi-blizu-26127.htm,Budi mi blizu
BBRKiV88_1_3,Mia Dimšić,Mia Dimšić,Cesta do sna,944,"Dok vjetar nosi lisce i travu
sve mirise na prvu kavu
a bend jos u kombiju drijema
za promjenu, kasnjenja nema

Pred nama neka mjesta su nova
na karti su tu samo slova
a kad zasvijetle u noci
vec znam da cu opet im doci
 
Ref.
Mozda, jednog dana vidim cijeli svijet
neke nove ceste znat' cu napamet
kad cu stici nije vazno, tko to zna
vazna je cesta do sna

Da l' je Zemlja kugla ili ravna
ma, sporedna cesta je glavna
gdjegod krenem, cekaju cuda
ma, samo nek' dalje vrluda

Vec dobro znam 
taj vjetar u kosi
pa, pustim da 
dalje me nosi

Pribadaca 
putuje atlasom
a mi se samo
vucemo za njom

Ref.

Do kraja, do kraja
tom cestom sve do kraja

Ref.

Do kraja, do kraja
tom cestom sve do kraja","https://tekstovi.net/2,4413,60823.html",,Cesta do sna,Road to the dream,Sretan put (2019),"Dok vjetar nosi lišće i travu
1
Sve miriše na prvu kavu
A bend još u kombiju drijema
Za promjenu kašnjenja nema. Pred nama neka cesta je nova
A karte su tu samo slova
A kada zasvijetle u noći
Već znam da ću opet im doći. Možda, jednog
Dana vidim cijeli svijet
Neke, nove
Ceste znat ću napamet
Kad ću, stići
Nije važno, tko to zna
Važna je cesta do sna. Da l’ je zemlja kugla il’ ravna
Ma sporedna cesta je glavna
Gdje god krenem čekaju čuda
Ma samo nek’ dalje vrluda. Već dobro znam taj vjetar u kosi
Pa pustim da dalje me nosi
I pa da čak putujemo atlasom
A mi se samo – vučemo za njom. Možda, jednog
Dana vidim cijeli svijet
Neke, nove
Ceste znat ću napamet
Kad ću, stići
Nije važno, tko to zna
Važna je cesta do sna. Uu uu uu uu
Do kraja
Do kraja
Tom cestom sve do kraja. Možda, jednog
Dana vidim cijeli svijet
Neke, nove
Ceste znat ću napamet
Kad ću, stići
Nije važno, tko to zna
Važna je cesta do sna. Do kraja
Do kraja
Tom cestom sve do kraja (4x)","While wind is carrying leaves and grass
Everything smells on the first coffee
And the band is still sleeping in the van
For change there's no delaying. In front of us some road is new
Maps are there just letters
When they shine at night
Already know that I will come again. Maybe, one
Day I would see a new world
Some, new
Roads I will memorise
When I'm gonna, come
Doesn't matter, who knows
Road to dream is matter. Is Earth around or flat
A secondary road is the main
Wherever I go, miracles are waiting
Let him to just keep roaming. Already know that wind in my hair
So I let him to keep carrying me
And even If we travel with atlas
And we're just - pulling after her. Maybe, one
Day I would see a new world
Some, new
Roads I will memorise
When I'm gonna, come
Doesn't matter, who knows
Road to the dream is matter. Uu uu uu uu
Til' the end
Til' the end
With that road till' the end. Maybe, one
Day I would see a new world
Some, new
Roads I will memorise
When I'm gonna, come
Doesn't matter, who knows
Road to the dream is matter. Til' the end
Til' the end
With that road til' the end (4x)",https://lyricstranslate.com/en/cesta-do-sna-road-dream.html,,,
BBRKiV88_1_4,Mia Dimšić,Mia Dimšić,Cimet i caj,2651,"Danas su na rasporedu
snjegovici vani
andjeli na smrzavici
vecoj nego lani
danas sve su obaveze
napokon po strani
 
Cujem da prognoza
na nas baca metar snijega
to je dobro, svima je
polako dosta svega
a od toplog ognjista
i nema boljeg bijega

Ref.
Skoro ce Bozic
dodji mi jos danas
ovdje sve je spremno za nas
keksi, cimet, karamele, caj

Pa, ako neces danas
barem sutra
tako toplo je unutra
imam dobar osjecaj

Prosle mi je blagdane
sve bilo naopacke
mjerila sam koliko su
lampice dugacke
i zbog skupih poklona
sam cekala u redu

Zivce sam izgubila
zbog kremastih kolaca
al' kad tebe pogledam
sva volja mi se vraca
znam da vise necu
hodati po tankom ledu

Ref.

Ref. 2x

Ako neces danas, barem sutra
tako toplo je unutra
imam dobar osjecaj
imam dobar osjecaj","https://tekstovi.net/2,4413,55145.html",,Cimet i čaj,Cinnamon and Tea,Božićno jutro,"Danas su na rasporedu snjegovići vani
1
anđeli na smrzavici većoj nego lani
danas sve su obaveze napokon po strani. Čujem da prognoza na nas baca metar snijega
to je dobro, svima je polako dosta svega
a od toplog ognjišta i nema boljeg bijega. Skoro će Božić, dođi mi još danas
ovdje sve je spremno za nas: keksi, cimet, karamele, čaj
ako nećeš danas, barem sutra
tako toplo je unutra, imam dobar osjećaj. Prošle mi je blagdane sve bilo naopačke
mjerila sam koliko su lampice dugačke
i zbog skupih poklona sam čekala u redu. Živce sam izgubila zbog kremastih kolača
al kad tebe pogledam sva volja mi se vraća
znam da više neću hodati po tankom ledu. Skoro će Božić, dođi mi još danas
ovdje sve je spremno za nas: keksi, cimet, karamele, čaj
ako nećeš danas, barem sutra
tako toplo je unutra, imam dobar osjećaj. Skoro će Božić, dođi mi još danas
ovdje sve je spremno za nas: keksi, cimet, karamele, čaj
ako nećeš danas, barem sutra
tako toplo je unutra, imam dobar osjećaj. Skoro će Božić, dođi mi još danas
ovdje sve je spremno za nas: keksi, cimet, karamele, čaj
ako nećeš danas, barem sutra
tako toplo je unutra, imam dobar osjećaj. Ako nećeš danas, barem sutra
tako toplo je unutra, imam dobar osjećaj. Imam dobar osjećaj","Today are on the schedule snowmans outside
Angels in the cold bigger than last year
Today all of necesseties are finally put aside. I heard that forecast is throwing a meter of snow on us
That's good, we're all slowly getting bored of everything
And from warm hearth there's no better escape. Christmas will be soon, come to me today
Everything's ready here for us: bisquits, cinnamon, caramels, tea
If you won't today, then tomorrow at least
It's so warm inside, I have a good feeling. For my last holidays everything was turned around
I measured how long were the lights
And because of expensive presents, I waited in the line. I've lost my mind because of cream cakes
But when I look at you, all my will comes back
I know that I won't walk anymore on the thin ice. Christmas will be soon, come to me today
Everything's ready here for us: bisquits, cinnamon, caramels, tea
If you won't today, then tomorrow at least
It's so warm inside, I have a good feeling. Christmas will be soon, come to me today
Everything's ready here for us: bisquits, cinnamon, caramels, tea
If you won't today, then tomorrow at least
It's so warm inside, I have a good feeling. Christmas will be soon, come to me today
Everything's ready here for us: bisquits, cinnamon, caramels, tea
If you won't today, then tomorrow at least
It's so warm inside, I have a good feeling. If you won't today, then tomorrow at least
It's so warm inside, I have a good feeling. I have a good feeling",https://lyricstranslate.com/en/cimet-i-%C4%8Daj-cinnamon-and-tea.html,,,
BBRKiV88_1_5,Mia Dimšić,Mia Dimšić,Do posljednjeg retka,1104,"Da smo se sreli malo kasnije
sve bi nam bilo bezopasnije
aha, tko zna

Da smo se malo manje vidjali
jos bi se jedno drugom svidjali
aha, tko zna
 
Ref.
Da pisem s tobom ispocetka
sve bi isto do posljednjeg retka
bez straha svoju zvijezdu pratim
ne zna srce mudro zbrajati

Jos jednom prvi put da volim
pustila bih opet da izgorim
tko ne zna sebe dati
nicega se nece sjecati

Da smo se malo manje brinuli
mozda bi visi vrh dodirnuli
aha, tko zna

Da smo se posvadjali glasnije
sve bi nam sada bilo jasnije
aha, tko zna

Ref. 3x","https://tekstovi.net/2,4413,60822.html",,Do posljednjeg retka,To The Last Verse,Život nije siv,"Da smo se sreli malo kasnije
1
Sve bi nam bilo bezopasnije
Aha
Tko zna
Da smo se malo manje viđali
Još bi se jedno drugom sviđali
Aha
Tko zna. Da pišem s tobom iz početka
Sve bi' isto do posljednjeg retka
Bez straha svoju zvijezdu pratim
Ne zna srce mudrost zbrajati. Još jednom prvi put da volim
Pustila bi' opet da izgorim
Tko ne zna sebe dati
Ničega se neće sjećati. Da smo se malo manje brinuli
Možda bi viši vrh dodirnuli
Aha
Tko zna
Da smo se posvađali glasnije
Sve bi nam sada bilo jasnije
Aha
Tko zna. Da pišem s tobom iz početka
Sve bi' isto do posljednjeg retka
Bez straha svoju zvijezdu pratim
Ne zna srce mudrost zbrajati. Još jednom prvi put da volim
Pustila bi' opet da izgorim
Tko ne zna sebe dati
Ničega se neće sjećati","If we had met a bit earlier
Everything would be a bit less dangerous for us
Yeah
Who knows
If we had seen each other a bit less
We'd still like each other
Yeah
Who knows. If I were to write with you from the top
I'd do everything the same to the last verse
I follow my star without any fear
Heart doesn't know how to add up wisdom. If I were to love once again for the first time
I'd let myself burn down again
The one who doesn't know how to give onself up
Won't remember anything. If we worried less
We might have touched a higher peak
Yeah
Who knows
If we had fought louder
Everything would be clearer to us now
Yeah
Who knows. If I were to write with you from the top
I'd do everything the same to the last verse
I follow my star without any fear
Heart doesn't know how to add up wisdom. If I were to love once again for the first time
I'd let myself burn down again
The one who doesn't know how to give onself up
Won't remember anything",https://lyricstranslate.com/en/do-posljednjeg-retka-last-verse.html,,,
BBRKiV88_1_6,Mia Dimšić,Mia Dimšić,Kisa,4650,"Kad kisa padne
sve se cini otuznim
i da ti budem iskrena
ponekad se ne znam nosit s tim

Pa trazim nacin
da sve brzo osusim
a ne postoji kisobran
tako velik da se zaklonim
 
Od svog blata sto se skupi
gdje mi je najvise stalo
pa zbog toga predaleko
prema suncu putujem

I ne znam puno o zivotu
mozda nista, mozda malo
ali stvarno vjerujem da

Ref.
Padat ce sad i jos tri dana
ali uvijek jednom stane
znam da cak i glupa kisa
ima svoje dobre strane

I sve sto sad je mokro
gdje je danas vjetar puh'o
sigurno ce sutra biti suho

Kad kisa padne
samo zelim nestati
al' najgore sto mogu sad
je u svojoj sobi ostati

I sve je strasno
kad kroz prozor gledam van
al' znam da tek kad pokisnem
iz oluje rodit ce se san

A za njega vrijedi ici
i kroz vodu i kroz vjetar
svaki korak prijeci
cak i ako se razocaram

Ceka nas jos puno vise
sto nam moze malo kise
sve je lakse sad kad znam da

Ref. 3x

Sigurno ce sutra biti suho","https://tekstovi.net/2,4413,54946.html",,Kiša,Rain,Život nije siv,"Kad kiša padne, sve se čini otužnim
1
I da ti budem iskrena, ponekad se ne znam nosit’ s tim
Pa tražim način da sve brzo osušim
A ne postoji kišobran tako velik da se zaklonim. Od sveg blata što se skupi gdje mi je najviše stalo
Pa zbog toga predaleko prema suncu putujem
I ne znam puno o životu, možda ništa, možda malo
Ali stvarno vjerujem. Da padat će sad i još tri dana, ali uvijek jednom stane
Znam da čak i glupa kiša ima svoje dobre strane
I sve što sad je mokro, gdje je danas vjetar puho’
Sigurno će sutra biti suho. Kad kiša padne, samo želim nestati
Al’ najgore što mogu sad je u svojoj sobi ostati
I sve je strašno kad kroz prozor gledam van
Al’ znam da tek kad pokisnem iz oluje rodit će se san. A za njega vrijedi ići i kroz vodu i kroz vjetar
Svaki korak prijeći čak i ako se razočaram
Čeka nas još puno više, što nam može malo kiše
Sve je lakše sad kad znam. Da padat će sad i još tri dana, ali uvijek jednom stane
Znam da čak i glupa kiša ima svoje dobre strane
I sve što sad je mokro, gdje je danas vjetar puho’
Sigurno će sutra biti suho. Znam da čak i glupa kiša ima svoje dobre strane
I sve što sad je mokro, gdje je danas vjetar puho’
Sigurno će sutra biti suho. Padat će sad i još tri dana, ali uvijek jednom stane
Znam da čak i glupa kiša ima svoje dobre strane
I sve što sad je mokro, gdje je danas vjetar puho’
Sigurno će sutra biti suho. Sigurno će sutra biti suho","When rain falls, everything seems sad
And let me honest, sometimes I can't handle it
So I look for a way to dry everything out quickly
And there's no umbrella so big to cover me. Of all the mud that piles up where I care the most
So because of it I travel to the sun too far
And I don't know much about life, maybe nothing, maybe a little
But I really believe. Yes, it will rain now and then three more days, but it always stops once
I know even the stupid rain has its good sides
And all that is wet now, where wind blew today
Tomorrow will surely be dry. When rain falls, I just want to disappear
But the worst I can do now is to stay in my room
And everything is awful when I look out through my window
But I know, only when I get wet, the storm will give birth to a dream. And for that it's worth going through water and wind
Take every step, even if I get disapointed
There's a lot more waiting on us, what can a little rain do to us
Everything is easier now that I know. Yes, it will rain now and then three more days, but it always stops once
I know even the stupid rain has its good sides
And all that is wet now, where wind blew today
Tomorrow will surely be dry. I know even the stupid rain has its good sides
And all that is wet now, where wind blew today
Tomorrow will surely be dry. Yes, it will rain now and then three more days, but it always stops once
I know even the stupid rain has its good sides
And all that is wet now, where wind blew today
Tomorrow will surely be dry. Tomorrow will surely be dry",https://lyricstranslate.com/en/ki%C5%A1a-rain.html-2,,,
BBRKiV88_1_7,Mia Dimšić,Mia Dimšić,Male stvari,770,"Daj mi da upalim
neke dobre stvari
do kraja odvrnem bas
par dobrih rifova
skinem na gitari
i svoja bit cu za cas
 
U ovom ludom vremenu
kad nitko nigdje ne staje
zivot lako trosimo
k'o da ih imamo stotine

Ref.
Jer sve sto zelis
imas pred nosom vec
poljupce u tami i slatku rijec
na stanici dok cekas i nadas se
male stvari srecu donose

Sve djetinjaste fore i suncan dan
jastuk kad se vratis sav umoran
dok listas vrijeme
po svome sjecanju
male stvari osmijeh postanu

Mozda da odemo van u cudnoj robi
i ne gledamo na sat
i dok se spremamo
plesemo po sobi
taman da pocinje rat

U ovom ludom vremenu
kad nitko nigdje ne staje
zivot lako trosimo
k'o da ih imamo stotine

Ref.","https://tekstovi.net/2,4413,60819.html",,Male stvari,,Sretan put,"Daj mi da upalim neke dobre stvari
Do kraja odvrnem bas.
Par dobrih rifova skinem na gitari
I svoja bit ću za čas.. U ovom ludom vremenu,
Kad nitko nigdje ne staje,
Život lako trošimo,
K'o da ih imamo stotine.. Jer sve što želis imaš pred nosom već,
Poljupce u tami i slatku riječ.
Na stanici dok čekaš i nadaš se,
Male stvari sreću donose.
Sve djetinjaste fore i sunčan dan,
Jastuk kad se vratiš sav umoran.
Dok listaš vrijeme po svome sjećanju,
Male stvari osmijeh postanu.. Možda da odemo van u čudnoj robi
I ne gledamo na sat.
I dok se spremamo, plešemo po sobi,
Taman da počinje rat. U ovom ludom vremenu,
Kad nitko nigdje ne staje,
Život lako trošimo,
K'o da ih imamo stotine. Jer sve što želis imaš pred nosom već,
Poljupce u tami i slatku riječ.
Na stanici dok čekaš i nadaš se,
Male stvari sreću donose.
Sve djetinjaste fore i sunčan dan,
Jastuk kad se vratiš sav umoran.
Dok listaš vrijeme po svome sjećanju,
Male stvari osmijeh postanu.",,https://lyricstranslate.com/en/mia-dim%C5%A1i%C4%87-male-stvari-lyrics.html,,,
BBRKiV88_1_8,Mia Dimšić,Mia Dimšić,Neki novi ljudi,1421,"Dugo se nismo ni culi ni sreli
'ko zna zbog cega ovo dobro je
pogledaj gdje smo i da l' smo to htjeli
bez tebe svaka ludost nestaje

Ref.
Neki novi ljudi sad su ovdje kraj mene
i svi su moji svi su vrijedni kao drago kamenje
al' samo s tobom cak i tuga izgleda k'o sretan kraj
jer ti si taj, jer samo ti si taj
 
Toliko toga jos zelim ti reci
a mozda nikad nista ne kazem
uz miris mora dok spremam se leci
u svakoj misli tebe pronadem

Ref.

Neka jos prode, ako treba
neka prode jos godina sto
bit cu sretna tebe cekat
dijeliti dobro i zlo

Ref.

Jer ti si taj, jer samo ti si taj","https://tekstovi.net/2,4413,63568.html",,Neki novi ljudi,,,"Dugo se nismo ni čuli ni sreli
‘ko zna zbog čega ovo dobro je
pogledaj gdje smo i da l’ smo to htjeli
bez tebe svaka ludost nestaje. Refren:
Neki novi ljudi sad su ovdje kraj mene
i svi su moji svi su vrijedni kao drago kamenje
al’ samo s tobom čak i tuga izgleda
k’o sretan kraj
jer ti si taj, jer samo ti si taj. Toliko toga još želim ti reći
a možda nikad ništa ne kažem
uz miris mora dok spremam se leći
u svakoj misli tebe pronađem. Refren. Neka jos prođe, ako treba
neka prođe još godina sto
bit ću sretna tebe čekat
dijeliti dobro i zlo. Refren. Jer ti si taj, jer samo ti si taj",,https://lyricstranslate.com/en/mia-dimsic-neki-novi-ljudi-lyrics.html,,,
BBRKiV88_1_9,Mia Dimšić,Mia Dimšić,Nije vazno,1524,"Svakoga jutra
isti zvuk me probudi
i miris tvoje meke kose
ali kraj mene nisi ti

Napravim jaku kavu
za nas oboje
ja svoju casu sporo pijem
a tvoja puna ostaje
 
Dan po dan prihvacam
da te nema vise
nema vise tu
da te nema vise tu

Ref.
Nije vazno, kada suze krenu
tko je od nas kriv
one su samo zadnji znak
da nesto lijepo prolazi

Nije vazno koliko tuga sada
po nas dolazi
ona ce proci kao vlak
samo mi budi sretan ti

Nekad ti pisem pisma
koja ne saljem
nekako uvijek bude lakse
da se od svega sakrijem

I kad se negdje jednom
opet sretnemo
bit' cemo mozda samo stranci
a sve o nama zna' cemo

Ref.","https://tekstovi.net/2,4413,57447.html",,Nije važno,It's not important,Život nije siv,"Svakoga jutra isti zvuk me probudi,
1
I miris tvoje meke kose, ali kraj mene nisi ti.
Napravim jaku kavu za nas oboje,
Ja svoju čašu sporo pijem, al' tvoja puna ostane.. Dan po dan prihvaćam,
Da te nema više, nema više tu,
Da te nema više tu.. Nije važno kada suze krenu tko je od nas kriv,
One su samo zadnji znak
Da nešto lijepo prolazi.
Nije važno koliko tuga sada po nas dolazi,
One će proći kao vlak,
Samo mi budi sretan ti.. Nekad ti pišem pisma koja ne šaljem,
Nekako uvijek bude lakše, tu se od svega sakrijem.
I kad se jednom negdje opet sretnemo,
Bit ćemo možda samo stranci, al' sve o nama znat ćemo.. Dan po dan prihvaćam,
Da te nema više, nema više tu,
Da te nema više tu.. Nije važno kada suze krenu tko je od nas kriv,
One su samo zadnji znak
Da nešto lijepo prolazi.
Nije važno koliko tuga sada po nas dolazi,
One će proći kao vlak,
Samo mi budi sretan ti.","The same sounds wakes me every morning,
And the smell of your soft hair, but you're not beside me.
I'm making bitter coffee for the both of us,
I'm drinking my cup slowly, but yours stays full.. Day by day, I accept the fact
That you're not here anymore, that you're not here anymore,
That you're not here anymore.. When the tears start following, it doesn't matter which one of us is to blame,
They're just the final sign
That something beautiful is coming to an end.
It doesn't matter how much sadness is coming for us,
It will pass by like a train,
Just be happy for me.. Sometimes I write you letters which I don't send,
It somehow always makes it easier for me, I hide myself from everything in them.
And when we one meet again somewhere,
Maybe we'll be strangers, but we'll know everything about each other.. Day by day, I accept the fact
That you're not here anymore, that you're not here anymore,
That you're not here anymore.. When the tears start following, it doesn't matter which one of us is to blame,
They're just the final sign
That something beautiful is coming to an end.
It doesn't matter how much sadness is coming for us,
It will pass by like a train,
Just be happy for me.",https://lyricstranslate.com/en/nije-va%C5%BEno-its-not-important.html,,,
BBRKiV88_1_10,Mia Dimšić,Mia Dimšić,Ovaj grad,1164,"Predivan je ovaj grad
al' vec dugo nije moj
plava ploca ulice
kraj nje parni kucni broj

I onaj zvuk kada
vlak starom prugom prosece
bas svaki put laju psi
k'o da prate putnike
 
Ref.
I ne znam ti vise ni rec'
koliko dugo tu stojim
k'o da maknut' se bojim
neko nevrijeme se sprema

U ovaj je maleni grad
toliko stvari vec stalo
al' mi postaje malo
i za moje snove
mjesta vise nema

S druge strane ograde
zive novi susjedi
kad se vrata otvore
ponadam se da si ti

I dajem sve od sebe
al' osjecaj mi govori
znam, ako sad ne odem
ostat' cu u proslosti

Ref.

Jos ju vidim tu, staru ulicu
sve te bitne male detalje
srce puno sna, ako usporis
cesta samo vuce jos dalje

Ref.

U ovaj je maleni grad
toliko stvari vec stalo
al' mi postaje malo
i za moje snove
mjesta vise nema","https://tekstovi.net/2,4413,60817.html",,Ovaj grad,This town,Sretan put (2019),"Predivan je ovaj grad
Al' već dugo nije moj
Plava ploča ulice
Kraj nje parni kućni broj. I onaj zvuk kada vlak starom prugom prošeće
Baš svaki put laju psi k'o da prate putnike. I ne znam ti više ni reć'
Koliko dugo tu stojim
Ko da maknut' se bojim
Neko nevrijeme se sprema
U ovaj je maleni grad
Toliko stvari već stalo
Al' mi postaje malo
I za moje snove mjesta više nema. S druge strane ograde
Žive novi susjedi
Kad se vrata otvore
Ponadam se da si ti. I dajem sve od sebe, al' osjećaj mi govori
Znam, ako sad ne odem, ostat ću u prošlosti. I ne znam ti više ni reć'
Koliko dugo tu stojim
Ko da maknut' se bojim
Neko nevrijeme se sprema
U ovaj je maleni grad
Toliko stvari već stalo
Al' mi postaje malo
I za moje snove mjesta više nema. Još ju vidim tu
Staru ulicu
Sve te bitne male detalje
Srce puno sna
Ako usporiš
Cesta samo vuče još dalje. I ne znam ti više ni reć'
Koliko dugo tu stojim
Ko da maknut' se bojim
Neko nevrijeme se sprema
U ovaj je maleni grad
Toliko stvari već stalo
Al' mi postaje malo
I za moje snove mjesta više nema. U ovaj je maleni grad
Toliko stvari već stalo
Al' mi postaje malo
I za moje snove mjesta više nema","This town is beautiful
But for a long time it isn't mine
A blue street sign
Next to it, an even house number. And that sound when the train walks on the old railroad
Every single time the dogs bark like they're following the passangers. And I don't know how to tell you anymore
For how long I've been standing here
Like I'm scared to move
Some bad weather is incoming
In this small town
A lot of stuff has already fit
But it's getting small to me
And there's no more space for my dreams. From the other side of the fence
New neighbours live
When the doors open
I hope it's you. And I'm giving my best, but my feeling's telling me
I know, if I don't go now, I will stay in the past. And I don't know how to tell you anymore
For how long I've been standing here
Like I'm scared to move
Some bad weather is incoming
In this small town
A lot of stuff has already fit
But it's getting small to me
And there's no more space for my dreams. I can still see
The old street here
All the important small details
A heart full of dreams
If you slow down
The road just drags on more. And I don't know how to tell you anymore
For how long I've been standing here
Like I'm scared to move
Some bad weather is incoming
In this small town
A lot of stuff has already fit
But it's getting small to me
And there's no more space for my dreams. In this small town
A lot of stuff has already fit
But it's getting small to me
And there's no more space for my dreams",https://lyricstranslate.com/en/ovaj-grad-town.html,,,
BBRKiV88_1_11,Mia Dimšić,Mia Dimšić,Pomalo slucajno,636,"Kad sam tebe upoznala
moram priznati mislila sam
da si malo neobican lik

S izmisljenim pricama
al' nakon dva tri razgovora
nestao je svaki upitnik
 
I mozda stvari uvijek krenu
cudnim tempom za sve nas
jer tako malo slusamo
svoj unutarnji glas
i bojimo se priznati si to

Ref.
Sve je pomalo slucajno
gdje je car u tome
da na prvu uvijek znamo sve

Sve je pomalo slucajno
svaki mali potez kistom
slici daje smisao

Noc je bila, nikad kraca
plesali smo sami dugo
dok na grane hvatao se mraz

Rekao si, sad smo ovdje
sutra tko zna sto nas ceka
svaki dan je novi putokaz

Ref.

Sve na svoje dodje, znam
kada manje razmisljam
sve na svoje dodje, znam
nekad o tom manje razmisljam

Ref.","https://tekstovi.net/2,4413,61862.html",,Pomalo slučajno,,Sretan put,"Kad sam tebe upoznala
moram priznati mislila sam
da si malo neobičan lik. S izmišljenim pričama
al’ nakon dva tri razgovora
nestao je svaki upitnik. I možda stvari uvijek krenu
čudnim tempom za sve nas
jer tako malo slušamo
svoj unutarnji glas
i bojimo se priznati si to. Refren: sve je pomalo slučajno
gdje je čar u tome
da na prvu uvijek znamo sve. Sve je pomalo slučajno
svaki mali potez kistom
slici daje smisao. Noć je bila, nikad kraća
plesali smo sami dugo
dok na grane hvatao se mraz. Rekao si, sad smo ovdje
sutra tko zna sto nas čeka
svaki dan je novi putokaz. Refren 1x. Sve na svoje dođe, znam
kada manje razmisljam
sve na svoje dođe, znam
nekad o tom manje razmišljam. Refren 1x",,https://lyricstranslate.com/en/mia-dimsic-pomalo-slucajno-lyrics.html,,,
BBRKiV88_1_12,Mia Dimšić,Mia Dimšić,Pomice se sat,1065,"Vrijeme je da skupim stvari
nadjem neki mali stan
maknem onaj kufer stari
malo cesce idem van

Desna noga je vec presla prag
lijeva naivno jos ceka znak
ali ne moze se unatrag
dok se sumrak pretvara u mrak
 
Ref.
Kao da lagano dani se skracuju
ove se nedjelje pomice sat
rujan kad krene, rascvjetalo vene
ma, trebala sam to znat'

Od svih mogucih imena
za ovakav zagrljaj
dok se sulja treca smjena
najpogresnije je kraj

Stoput rekla sam si istu stvar
dok sam prelazila ovaj prag
da si malo gori bio bar
da mi barem nisi tako drag

Ref.

U stan cu preseliti staru gitaru
i klavir cu zgurat' u kut
pa kad ti se svira
kad negdje si blizu
naleti bar jos koji put
naleti bar jos koji put

Ref.

Kao da lagano dani se skracuju
ove nedjelje pomice se sat
vjeruj mi, htjela sam
al' nisam uspjela
vise od ovog dat'

Jer pomice nam se sat  
jer pomice nam se sat","https://tekstovi.net/2,4413,60824.html",,Pomiče se sat,,Sretan put,"Vrijeme je da skupim stvari,
Nađem neki mali stan,
Maknem onaj kofer stari,
Malo češće idem van.. Desna noga je već prešla prag,
Lijeva naivno još čeka znak,
Ali ne može se unatrag,
Dok se sumrak pretvara u mrak.. Kao da lagano dani se skraćuju,
Ove se nedjelje pomiče sat.
Rujan kad krene, rascvjetalo vene,
Ma trebala sam to znat'.. Od svih mogućih imena
Za ovakav zagrljaj,
Dok se šulja treća smjena
Najpogrešnije je kraj.. Stoput rekla sam si istu stvar
Dok sam prelazila ovaj prag.
Da si malo gori bio bar
Da mi barem nisi tako drag.. Kao da lagano dani se skraćuju,
Ove se nedjelje pomiče sat.
Rujan kad krene, rascvjetalo vene,
Ma trebala sam to znat'.. U stan ću preseliti staru gitaru,
I klavir ću zgurat u kut.
Pa kad ti se svira, kad negdje si blizu,
Naleti bar još koji put.. Kao da lagano dani se skraćuju,
Ove se nedjelje pomiče sat.
Rujan kad krene rascvjetalo vene,
Ma trebala sam to znat'.. Kao da lagano dani se skraćuju,
Ove se nedjelje pomiče sat.
Vjeruj mi, htjela sam al nisam uspjela
Više od ovog dat'.
Jer pomiče nam se sat...",,https://lyricstranslate.com/en/mia-dim%C5%A1i%C4%87-pomi%C4%8De-se-sat-lyrics.html,,,
BBRKiV88_1_13,Mia Dimšić,Mia Dimšić,Sanjaj me,933,"Ja nisam vidjela
da dosao je kraj
da pogled krijemo
i nestaje sjaj

A bio si mi sve
i noc, i dan
tvoje dodire
i sada osjecam
 
Ref.
Ne znam kuda putujem
kakva jutra magle donose
zbogom budi, volim te
bar ponekad sanjaj me

Kad kisa prestane
i sunce izadje
mozda ljubav tad
i nas pronadje

Ali, najteze je stat'
i priznat' pred sobom
da nema vise nas
i zivjet' s istinom

Ref.

Negdje mora biti mjesto
gdje oduvijek pripadam
srce znati ce 
kad ga ugledam

Jucer postoji zbog sutra
zato za sve hvala ti
sada moram dalje
sebe pronaci

Ref. 2x

Bar ponekad sanjaj me","https://tekstovi.net/2,4413,60821.html",,Sanjaj me,Dream of me,Život nije siv,"Ja nisam vidjela
1
Da došao je kraj
Da pogled krijemo
I nestaje sjaj. A bio si mi sve
I noć i dan
Tvoje dodire
I sada osjećam. Ne znam kuda putujem
Kakva jutra magle donose
Zbogom budi, volim te
Bar ponekad sanjaj me. Kad kiša prestane
I sunce izađe
Možda ljubav tad
I nas pronađe. Al' najteže je stat'
I priznat' pred sobom
Da nema više nas
I živjet s istinom. Ne znam kuda putujem
Kakva jutra magle donose
Zbogom budi, volim te
Bar ponekad sanjaj me. Negdje mora biti mjesto
Gdje oduvijek pripadam
Srce znati će kad ga ugledam. Jučer postoji zbog sutra
Zato za sve hvala ti
Sada moram dalje, sebe pronaći. Ne znam kuda putujem
Kakva jutra magle donose
Zbogom budi, volim te
Bar ponekad sanjaj me. Ne znam kuda putujem
Kakva jutra magle donose
Zbogom budi, volim te
Bar ponekad sanjaj me. Bar ponekad sanjaj me","I didn't see
that the end had came
that we hide the view
and the glow disappears. You was everything to me
Both (at) night and (in) the morning
I still feel your touches. I don't know where to tavel
How morning bears fogs
Good bye ,I love you
Atleast sometimes dream of me. When rain stops
and the sun comes out
Maybe then love will find us. But the hardest (part) is staying and admitting in front of you
That there is no more us and live with the truth. I don't kow where to travel
How morning bears fogs
Good bye ,I love you
Atleast sometimes dream of me. There must be a place somewhere
Where I belong to from the beginning
(My) heart will know when I see it. Yesterday exists because of tomorrows
Thank you for everything
Now I have to go away, find myself. I don't kow where to travel
How morning bears fogs
Good bye ,I love you
Atleast sometimes dream of me. I don't kow where to travel
How morning bears fogs
Good bye ,I love you
Atleast sometimes dream of me. Atleast sometimes dream of me",https://lyricstranslate.com/en/sanjaj-me-dream-me.html-1,,,
BBRKiV88_1_14,Mia Dimšić,Mia Dimšić,Slobodna,4125,"Korak naprijed, nazad dva
to me bas ne zanima
poslije pada opet pad
pogledaj gdje smo sad

Ako kazem odlazim
bi' cu kriva, zivim s tim
ako kazem ostajem
na tvoj rat pristajem
 
Ref.
Od danas novu stranu listam bez tebe
predugo si bio sve
ovo tvoj je poraz, moja pobjeda
zapamti to, konacno, /slobodna/

S tvoje strane svemira
uvukla se dosada
svaki dan je isto siv
netko drugi uvijek kriv

Lose vijesti posvuda
samo bol i osuda
mene zovu gradovi
gdje su svi sretniji

Ref.

Letim, letim letim, letim svojim krilima
Sunce ljepse sjaji iznad tmurnih oblaka
gledam, gledam, gledam, gledam svojim ocima
proljece, tece venama

Ref. 2x","https://tekstovi.net/2,4413,53292.html",,Slobodna,Free,Život nije siv (2017),"korak naprijed, nazad dva
1
to me baš ne zanima
poslije pada opet pad
pogledaj gdje smo sad. ako kažem odlazim
bi' ću kriva, živim s tim
ako kažem ostajem
na tvoj rat pristajem. od danas novu stranu listam bez tebe
predugo si bio sve
ovo tvoj je poraz, moja pobjeda
zapamti to
konačno
slobodna. s tvoje strane svemira
uvukla se dosada
svaki dan je isto siv
netko drugi uvijek kriv. loše vijesti posvuda
samo bol i osuda
mene zovu gradovi
gdje su svi sretniji
od danas novu stranu listam bez tebe
predugo si bio sve
ovo tvoj je poraz, moja pobjeda
zapamti to
konačno.... letim, letim letim, letim svojim krilima
sunce ljepše sjaji iznad tmurnih oblaka
gledam, gledam, gledam, gledam svojim očima
proljeće, teće venama. od danas novu stranu listam bez tebe
predugo si bio sve
ovo tvoj je poraz, moja pobjeda
zapamti to
konačno. od danas novu stranu listam bez tebe
predugo si bio sve
ovo tvoj je poraz, moja pobjeda
zapamti to
konačno
slobodna","one step forward, two steps back
it doesn’t really interest me
after falling, fall again
look where we are now. if I tell you that I’m leaving
I’m to blame, I’ll live with that.
if I tell you that I’m staying
I concede to your war. from today I turn a new page without you
for too long you’ve been everything
this is your defeat, my victory
remember that
finally
free. from your side of the universe
boredom has crept in
every day is the same grey
someone else is always to blame. bad news everywhere
only pain and condemnation
cities call me
where everyone is happier
from today I turn a new page without you
for too long you’ve been everything
this is your defeat, my victory
remember that
finally. flying, flying, flying, flying on my wings
sun shining brighter above the gloomy clouds
looking, looking, looking, looking with my eyes
spring, flowing in veins. from today I turn a new page without you
for too long you’ve been everything
this is your defeat, my victory
remember this
finally. from today I turn a new page without you
for too long you’ve been everything
this is your defeat, my victory
remember this
finally
free",https://lyricstranslate.com/en/slobodna-free.html-1,['Mia Dimšić'],https://diskografija.com/pjesma/slobodna-26582.htm,Slobodna
BBRKiV88_1_15,Mia Dimšić,Mia Dimšić,Sretan put,1938,"Pitaj me koja karta sad me ceka
pitaj me kuda ptice odlaze
ne znam jos, ne znam jos, sva su mjesta predaleka
vrijeme je da saznam sve

Pitaj me gdje jos do sad nisam bila
pitaj me, mjesta cu nabrajati
ne znam jos, ne znam jos gdje ce odnijeti me krila
al’ cu ti se javljati
 
Ref.
Sretan put, dvije su rijeci meni najdraze
bilo kud, samo nek' se putuje
sretan put, tebi uvijek brzo vracam se
kod kuce je najbolje

Pitaj me gdje se prve zore bude
pitaj me koji tren bi vratila
ne znam jos, ne znam jos sve te ulice i ljude
zauvijek bi pratila

Ref.

Samo u glavi su nam granice
gledaj me, mogu bas sve
i ne odustajem dok ne obidjem sve stanice

Ref.

Jer te volim, jer te volim, jer te volim najvise
i znam da znas
uvijek tebi brzo vracam se
kod kuce je najbolje","https://tekstovi.net/2,4413,61415.html",,Sretan put,,Sretan put,"Pitaj me koja karta sad me čeka,
Pitaj me kuda ptice odlaze.
Ne znam još, ne znam još, sva su mjesta predaleka,
Vrijeme je da saznam sve.. Pitaj me gdje još dosad nisam bila,
Pitaj me, mjesta ću nabrajati.
Ne znam još, ne znam još gdje će odnijeti me krila,
Al’ ću ti se javljati.. Refren:
Sretan put, dvije su riječi meni najdraže
Bilo kud, samo nek se putuje.
Sretan put, tebi uvijek brzo vraćam se
Kod kuće je najbolje.. Pitaj me gdje se prve zore bude,
Pitaj me koji tren bi vratila.
Ne znam još, ne znam još, sve te ulice i ljude
Zauvijek bi pratila.. Refren:
Sretan put, dvije su riječi meni najdraže
Bilo kud, samo nek se putuje.
Sretan put, tebi uvijek brzo vraćam se
Kod kuće je najbolje.. Samo u glavi su nam granice,
Gledaj me, mogu baš sve.
I ne odustajem dok ne obiđem sve stanice.. Refren:
Sretan put, dvije su riječi meni najdraže
Bilo kud, samo nek se putuje.
Sretan put, tebi uvijek brzo vraćam se
Kod kuće je najbolje.. Jer te volim, jer te volim, jer te volim najviše.
I znam da znaš uvijek tebi brzo vraćam se
Kod kuće je najbolje.",,https://lyricstranslate.com/en/mia-dim%C5%A1i%C4%87-sretan-put-lyrics.html,,,
BBRKiV88_1_16,Mia Dimšić,Mia Dimšić,"Sunce, oblak, vjetar",4156,"Ponekad mislima te dotaknem
i sve sto smeta na tren razmaknem
do mjesta gdje smo opet ti i ja

Tamo gdje ne vode se ratovi
gdje sve se radi s puno ljubavi
i svud se siri miris proljeca
 
Ref.
Plesem, sunce me grije
oblak s neba se smije
sreca tece kroz moj mali stan

Plesem, sunce me grije
oblak s neba se smije
nista nece pokvarit' mi dan

Ponekad osmijehom te zagrlim
jako te stisnem, nigdje ne zurim
s tobom i vrijeme brzo proleti

Tamo gdje ne postoje granice
i gdje se pisu sretne stranice
gdje nema tuga, samo radosti

Ref.

Kad mi nocu dasak vjetra
obraz poljubi
znam da me cuvas, znam da me vodis
znam, to si ti

Ref.

Nista nece pokvarit' mi dan","https://tekstovi.net/2,4413,54410.html",,"Sunce, oblak, vjetar","Sun, Cloud, Wind",Život nije siv (2017),"Ponekad mislima te dotaknem
1
i sve što smeta na tren razmaknem
do mjesta gdje smo opet ti i ja. Tamo gdje ne vode se ratovi
gdje sve se radi s puno ljubavi
i svud se širi miris proljeća. Plešem, sunce me grije
oblak s neba se smije
sreća teče kroz moj mali stan. Plešem, sunce me grije
oblak s neba se smije
ništa neće pokvarit' mi dan. Ponekad osmijehom te zagrlim
jako te stisnem, nigdje ne žurim
s tobom i vrijeme brzo proleti. Tamo gdje ne postoje granice
i gdje se pišu sretne stranice
gdje nema tuga, samo radosti. Plešem, sunce me grije
oblak s neba se smije
sreća teče kroz moj mali stan. Plešem, sunce me grije
oblak s neba se smije
ništa neće pokvarit' mi dan. Kad mi noću dašak vjetra obraz poljubi
znam da me čuvaš, znam da me vodiš
znam to si ti. Plešem, sunce me grije
oblak s neba se smije
sreća teče kroz moj mali stan. Plešem, sunce me grije
oblak s neba se smije
ništa neće pokvarit' mi dan. Ništa neće pokvarit' mi dan","Sometimes I touch with my thoughts
And all that stands in the way, I put aside for a moment
To the place where again it is you and I. There where no wars are being fought
Where everything is done with a lot of love
And the smell of spring spreads everywhere. I'm dancing, sun keeps me warm
A cloud smiles from the sky
Happiness flows through my little apartment. I'm dancing, sun keeps me warm
A cloud smiles from the sky
Nothing will spoil my day. Sometimes I hug you with a smile
I squeeze you real tight, I'm in no hurry to anywhere
With you, time flies by quickly too. There where's no boundaries
And where happy pages are being written
Where there's no sorrows, only joys. I'm dancing, sun keeps me warm
A cloud smiles from the sky
Happiness flows through my little apartment. I'm dancing, sun keeps me warm
A cloud smiles from the sky
Nothing will spoil my day. When breeze kisses my cheak in the night
I know you're guarding me, I know you're leading me
I know it's you. I'm dancing, sun keeps me warm
A cloud smiles from the sky
Happiness flows through my little apartment. I'm dancing, sun keeps me warm
A cloud smiles from the sky
Nothing will spoil my day. Nothing will spoil my day",https://lyricstranslate.com/en/sunce-oblak-vjetar-sun-cloud-wind.html,,,
BBRKiV88_1_17,Mia Dimšić,Mia Dimšić,Sva blaga ovog svijeta (feat. Marko Tolja),2458,"Ja pamtim svaki pogled tvoj
uvijek smo bili sretan broj
u ovoj igri oko nas

Ti znao si kuda ploviti
kad nas stignu valovi
i kada nebo digne glas
 
Tek sada vidim kako dobro je
kad tvoje ruke vode me

Ref.
Sva blaga ovog svijeta
i duga topla ljeta
gore na tvojim usnama

Nocas mi ljubav treba
vodi me sve do neba
dok more sapce zvijezdama

Ja, otkako tvoje oci znam
u nista drugo ne gledam
s tobom je lako prošlost prijec'

Ti, kad bacis sidro medju sne
i kada dodju nevolje
ljubav ce imat' zadnju rijec
korak po korak stize svitanje
sretniji s tobom postajem

Ref. 2x

Zvijezdama, zvijezdama, zvijezdama
dok more sapce zvijezdama","https://tekstovi.net/2,4413,59915.html",,Sva blaga ovog svijeta,All the Treasures in This World,Sretan put,"Ja, pamtim svaki pogled tvoj
uvijek smo bili sretan broj
u ovoj igri oko nas
ti, znao si kuda ploviti
kada nas stignu valovi
i kada nebo digne glas. Tek sada vidim kako dobro je
kad tvoje ruke vode me. Sva blaga ovog svijeta
i duga topla ljeta
gore na tvojim usnama
noćas mi ljubav treba
vodi me sve do neba
dok more šapće zvijezdama. Ja, otkako tvoje oči znam
u ništa drugo ne gledam
s tobom je lako prošlost prijeć
ti, kad baciš sidro među sne
i kada dođu nevolje
ljubav će imat zadnju riječ. Korak po korak stiže svitanje
sretniji s tobom postajem. Sva blaga ovog svijeta
i duga topla ljeta
gore na tvojim usnama
noćas mi ljubav treba
vodi me sve do neba
dok more šapće zvijezdama","I remember your every look
We were always a happy number
Inside this game around us
You knew where to sail
When vawes catch up with us
And when the sky becomes loud. Only now I see how good it is
When your hands guide me. All the treasures in this world
And long warm summers
Up there on your lips
I need love tonight
Take me all the way to the heaven
While the sea whispers to the stars. Me, ever since I've met your eyes
I haven't been looking at anything else
It is easy to get over past with you
You, when you throw an anchor between the dreams
And when bad times appear
Love will have the final say. Step by step dawn arrives
I become happier with you. All the treasures in this world
And long warm summers
Up there on your lips
I need love tonight
Take me all the way to the heaven
While the sea whispers to the stars",https://lyricstranslate.com/en/sva-blaga-ovog-svijeta-all-treasures-world.html,,,
BBRKiV88_1_18,Mia Dimšić,Mia Dimšić,Sve sam znala i prije,2899,"Sad mi dodjes
kao zito na suncu
gdje sve je zlatno
i sve izlazi na vidjelo

Nijednu sumnju ja sad
ne nosim sa sobom
tako sigurna u ljubav
samo ja sam s tobom
 
Ref. 2x
Sve sam znala i prije
sve sam znala, ali nisam vjerovala
sve sam znala i prije
ljubav moze slomiti
al' moze te i podici

Al' moze te i podici
sve sam znala i prije

Nitko ne moze mi
skinut osmijeh s lica
dok idem tebi
mogu satima putovati

Znam sto me ceka
kad na vrata dodjem
tu sam tvoja i nikom drugom
ja ne pripadam

Ref. 2x

Al' moze te i podici

Ref.

Ref.","https://tekstovi.net/2,4413,54329.html",,Sve sam znala i prije,Я все знала и прежде,,"Sad mi dođeš kao žito na suncu
1
gdje sve je zlatno i sve izlazi na vidjelo
nijednu sumnju ja sad ne nosim sa sobom
tako sigurna u ljubav samo ja sam s tobom. Sve sam znala i prije
sve sam znala, ali nisam vjerovala
sve sam znala i prije
ljubav može slomiti
al' može te i podići. Sve sam znala i prije
sve sam znala, ali nisam vjerovala
sve sam znala i prije
ljubav može slomiti
al' može te i podići. Al' može te i podići
sve sam znala i prije. Nitko ne može mi skinut' osmijeh s lica
dok idem tebi, mogu satima putovati
znam što me čeka kad na vrata dođem
tu sam tvoja i nikom drugom ja ne pripadam. Sve sam znala i prije
sve sam znala, ali nisam vjerovala
sve sam znala i prije
ljubav može slomiti
al' može te i podići. Sve sam znala i prije
sve sam znala, ali nisam vjerovala
sve sam znala i prije
ljubav može slomiti
al' može te i podići. Al' može te i podići. Sad mi dođeš kao žito na suncu
gdje sve je zlatno i sve izlazi na vidjelo. Ljubav može slomiti
al' može te i podići. Sve sam znala i prije
sve sam znala, ali nisam vjerovala
sve sam znala i prije
ljubav može slomiti
al' može te i podići","Ты приходишь ко мне, как солнце на поле пшеницы
Где все блестит как золото и все становится явным
Теперь я не ношу с собой сомненья
Только лишь с тобой я так уверена в любви. Я все знала и прежде
Я все знала, но не верила
Я все знала и прежде
Любовь может сломить
Но может и вознести тебя. Я все знала и прежде
Я все знала, но не верила
Я все знала и прежде
Любовь может сломить,
Но может и вознести тебя. Но может и вознести тебя
Я все знала и прежде. Никто не может убрать с моего лица улыбку
Пока я иду к тебе, я могу идти часами
Знаю, что меня ждет, когда приду к твоим дверям
Здесь я твоя и не принадлежу никому другому. Я все знала и прежде
Я все знала, но не верила
Я все знала и прежде
Любовь может сломить
Но может и вознести тебя. Я все знала и прежде
Я все знала, но не верила
Я все знала и прежде
Любовь может сломить,
Но может и вознести тебя. Но может и вознести тебя. Ты приходишь ко мне, как солнце на поле пшеницы
Где все блестит как золото и все становится явным. Любовь может сломить
Но может и вознести тебя. Я все знала и прежде
Я все знала, но не верила
Я все знала и прежде
Любовь может сломить
Но может и вознести тебя",https://lyricstranslate.com/en/sve-sam-znala-i-prije-%D1%8F-%D0%B2%D1%81%D0%B5-%D0%B7%D0%BD%D0%B0%D0%BB%D0%B0-%D0%B8-%D0%BF%D1%80%D0%B5%D0%B6%D0%B4%D0%B5.html,,,
BBRKiV88_1_19,Mia Dimšić,Mia Dimšić,Svjetionik,604,"Kao svjetionik vodi me na mjesto
s druge strane ovih zidova
kao modro more nosi me daleko
iza praznih pogleda

Ref.
Dan je kratak
da ti priznam istinu
nikad nisam mogla
imat' naviku
 
Bjezala sam tudjoj sjeni
kad bi bio blizu meni
a sada znam 
koliko si me volio

Kao vedro nebo 
digni me visoko
kao tvrda stijena
sakrij me od vjetra
iza svojih dodira

Ref. 2x","https://tekstovi.net/2,4413,60818.html",,Svjetionik,,Život nije siv,"Kao svjetionik vodi me na mjesto
S druge strane ovih zidova.
Kao modro more nosi me daleko
Iza praznih pogleda.. Dan je kratak da ti priznam istinu,
Nikad nisam mogla imat naviku.
Bježala sam tuđoj sjeni,
Kad bi bio blizu meni,
Sada znam koliko si me volio.. Kao vedro nebo digni me visoko
Iznad ovih kišnih oblaka.
Kao tvrda stijena sakrij me od vjetra
Iza svojih dodira.. Dan je kratak da ti priznam istinu,
Nikad nisam mogla imat naviku.
Bježala sam tuđoj sjeni,
Kad bi bio blizu meni,
Sada znam koliko si me volio.",,https://lyricstranslate.com/en/mia-dim%C5%A1i%C4%87-svjetionik-lyrics.html,,,
BBRKiV88_1_20,Mia Dimšić,Mia Dimšić,Tko je tu lud,456,"Kada i ako ostavis nekog
ili ne daj Boze netko tebe ostavi
brzo smisli neke dobre izlike
morat ces objasnit' sve

Jer, kad hodas sama
to zna biti drama
i svima cudno je
 
Ref.
Al' nemam vremena sad
za suze je to znak
ne kuzim zasto je tesko
od gubitka si sam

I bas me briga sto nemam argumente
tko te pita, svijete
za tvoj cijenjeni sud
i ne znam tko je tu lud

Sve cu ti reci
dobro se drzi
samo je mjesec pros'o
a ti ne places

Iz crnine prebrzo si izasla
mozda bas i nisi fer
moje isprike sto nisam isplakala
kokuza ovaj dan
al' nemam vremena sad

Ref.","https://tekstovi.net/2,4413,61853.html",,Tko je tu lud,,Sretan put,"Kada i ako ostaviš nekog
ili ne daj Bože netko tebe ostavi
brzo smisli neke dobre izlike
morat ćeš objasnit' sve. Jer, kad hodaš sama
to zna biti drama
i svima čudno je. Refren: al' nemam vremena sad
za suze je to znak
ne kužim zašto je teško
od gubitka si sam. I baš me briga što nemam argumente
tko te pita, svijete
za tvoj cijenjeni sud
i ne znam tko je tu lud. Sve ću ti reći
dobro se drži
samo je mjesec prošao
a ti ne plačeš. Iz crnine prebrzo si izašla
možda baš i nisi fer
moje isprike što nisam isplakala
sto suza ovaj dan
al' nemam vremena sad. Refren 1x",,https://lyricstranslate.com/en/mia-dimsic-tko-je-tu-lud-lyrics.html,,,
BBRKiV88_1_21,Mia Dimšić,Mia Dimšić,Unatrag,2206,"Sto puta krenem al' mi propadne plan
obrisat tvoje poruke
stvarno te volim ali nekako znam
nisu nam zelje jednake

Ref.
Unatrag
sve mi uvijek krene kad se tebi ponadam
bas si drag
jos si drazi kad te malo nigdje ne gledam
 
Vec dugo slutim nismo savrsen par
gubimo vrijeme uzalud
u tvojoj glavi sve je gotova stvar
a moj je zivot Hollywood

Ref.

Ne gledaj me tako, otic nije lako
znam da sve to znas, znam da sve to znas
doci ce na svoje ako ove boje
nekoj drugoj das, nekoj drugoj das

Ref. 3x","https://tekstovi.net/2,4413,61194.html",,Unatrag,Backwards,Sretan put,"Sto puta krenem al mi propadne plan
1
Obrisat tvoje poruke.
Stvarno te volim ali nekako znam,
Nisu nam želje jednake.. Unatrag sve mi uvijek krene
Kad si tebi ponadam.
Baš si drag, još si draži kad te malo
Nigdje ne gledam.. Već dugo slutim nismo savršen par
Gubimo vrijeme uzalud.
U tvojoj glavi sve je gotova stvar,
A moj je život Hollywood.. Unatrag sve mi uvijek krene
Kad si tebi ponadam.
Baš si drag, još si draži kad te malo
Nigdje ne gledam.. Ne gledaj me tako,
Otić nije lako,
Znam da sve to znaš, znam da sve to znaš.
Doći će na svoje,
Ako ove boje,
Nekoj drugoj daš, nekoj drugoj daš.. Unatrag sve mi uvijek krene
Kad si tebi ponadam.
Baš si drag, još si draži kad te malo
Nigdje ne gledam.","I've tried to delete your messages a hundred times
but I fail every single time.
I really love you, but somehow I know,
Our wants aren't the same.. Everything always takes me back
When I hope for you.
You're so dear, you're even dearer to me
When I don't really see you anywhere.. I've suspected for a while now that we're not a perfect match
We're losing time in vain.
Everything is a finished case in your head,
But my life is like Hollywood.. Everything always takes me back
When I hope for you.
You're so dear, you're even dearer to me
When I don't really see you anywhere.. Don't look at me like that,
Leaving is not easy,
I know that you know all of this, I know that you know all of this.
What goes around will comes around,
If you give these battles
To some other girl, to some other girl.. Everything always takes me back
When I hope for you.
You're so dear, you're even dearer to me
When I don't really see you anywhere.",https://lyricstranslate.com/en/unatrag-backwards.html,,,
BBRKiV88_1_22,Mia Dimšić,Mia Dimšić,Zivot nije siv,23664,"Bojis se da srecu necu nac'
vjeruj, za nju ne treba mi vrac
otvoreni dlan, vedre misli svaki dan 
dovest ce je takav je moj plan 

Znam da nisam ista kao ti 
nemam vise zasto bjezati 
oblak je moj dom, oblikujem ga po svom 
dosadno je kretati se tlom 
 
Ref.
Samo ovu pjesmu zelim 
samo ovaj ritam znam 
samo ovoj ludoj besmislici pripadam 

Sve je crno, sve je bijelo
ali zivot nije siv
sve je dobro dok si zdrav i dok si ziv 

Znas li zasto svijet jos nije tvoj
svemu trazis oznaku i broj 
i svatko ti je los, a ne poznajes ga jos
svakog svrstavas u neki kos

I blago meni sto si tako ljut
to je znak da biram dobar put
jer dok ti smeta sjaj znam da ne vidis mi kraj
kamo idem zato ne pitaj

Ref. 3x","https://tekstovi.net/2,4413,52435.html",,Život nije siv,Life isn't gray (dreary),Život nije siv,"Bojiš se da sreću neću nać?
1
Vjeruj, za nju ne treba mi vrač
Otvoreni dlan, vedre misli svaki dan
dovest će je, takav je moj plan. Znam da nisam ista kao ti
nemam više zašto bježati
Oblak je moj dom, oblikujem ga po svom
dosadno je kretati se tlom. Samo ovu pjesmu želim, samo ovaj ritam znam
samo ovoj ludoj besmislici pripadam
Sve je crno, sve je bijelo, ali život nije siv
Sve je dobro dok si zdrav i dok si živ. Znaš li zašto svijet još nije tvoj?
Svemu tražiš oznaku i broj
Svatko ti je loš, a ne poznaješ ga još
svakog svrstavaš u neki koš. Blago meni što si tako ljut
to je znak da biram dobar put
Jer dok ti smeta sjaj, znam da ne vidiš mi kraj
kamo idem zato ne pitaj. Samo ovu pjesmu želim, samo ovaj ritam znam
Samo ovoj ludoj besmislici pripadam
Sve je crno, sve je bijelo, ali život nije siv
Sve je dobro dok si zdrav i dok si živ. Samo ovu pjesmu želim, samo ovaj ritam znam
Samo ovoj ludoj besmislici pripadam
Sve je crno, sve je bijelo, ali život nije siv
Sve je dobro dok si zdrav i dok si živ. Samo ovu pjesmu želim, samo ovaj ritam znam
Samo ovoj ludoj besmislici pripadam
Sve je crno, sve je bijelo, ali život nije siv
Sve je dobro dok si zdrav i dok si živ. Sve je dobro dok si zdrav i dok si živ","Are you afraid that I will not find happiness?
Trust me, for happiness I don't need a fortune-teller
Palm that is opened, cheerful thoughts for every day
will bring happiness, that is at least my plan. I know that I'm not the same as you are
I don't have anything left to run from
Cloud is my home, I shape it by my will
It's boring to roam on the ground. Only that I want is this song, only that I know is this rhythm
Only this crazy ruck I belong,
All is black, all is white, but life isn't gray
All is good if you are healthy and while you are alive. Do you know why the world isn't still yours?
Because you are looking for a mark and number to everything
Everyone is bad to you, and you even don't know him/her
Everyone is evaluated (categorized) by you. I'm so blessed that you are so angry
that is a sign that I'm on the right way
Because while you are annoyed by the shine, I know you don't see that I'm endless
therefore you don't ask me where I'm going. Only that I want is this song, only that I know is this rhythm
Only this crazy ruck I belong,
All is black, all is white, but life isn't gray
All is good if you are healthy and while you are alive. Only that I want is this song, only that I know is this rhythm
Only this crazy ruck I belong,
All is black, all is white, but life isn't gray
All is good if you are healthy and while you are alive. Only that I want is this song, only that I know is this rhythm
Only this crazy ruck I belong,
All is black, all is white, but life isn't gray
All is good if you are healthy and while you are alive. All is good if you are healthy and while you are alive",https://lyricstranslate.com/en/%C5%BEivot-nije-siv-life-isnt-grey.html,['Mia Dimšić'],https://diskografija.com/pjesma/zivot-nije-siv-26772.htm,Život nije siv
BBRKiV88_1_23,Mia Dimšić,Mia Dimšić,Zlatnih krila (feat. Emanuel),131,"Zlatnih krila andjela si
Boze, k meni poslao
andjeo me svetom rijeci
Majkom Bozjom prozvao

Hvala, Visnji, tebi hvala
za tu milost toliku
a u suzi, u mom oku
citaj ljubav veliku

Slusaj srce, pjevaj srce
dobrom Kralju svojemu
pjevaj vijekom pjesmu lijepu
pjesmu svoju zahvalnu","https://tekstovi.net/2,4413,64735.html",,,,,,,,,,
