Song_ID,Artist,Artist_diskografija,Song_tekstovinet,Views_tekstovinet,Lyrics_tekstovinet,Url_tekstovinet,Writer_lyricstranslate,Song_lyricstranslate,EngTitle_lyricstranslate,Album_lyricstranslate,Lyrics_lyricstranslate,EngLyrics_lyricstranslate,Url_lyricstranslate,Izvedba_diskografija,Url_diskografija,Song_diskografija,Album_1_diskografija,Album_2_diskografija,Album_3_diskografija,Album_4_diskografija,Album_5_diskografija,Skladba_diskografija,Stihovi_diskografija,Aranžman_diskografija
nkaHNg1X_1_0,Petar Grašo,Petar Grašo,92,56927,"Otkad nema te tu 
sve duzi je dan
sve teze mi pada 
moj rodjendan 

Tvoj parfem na dar
nasa soba i Hvar 
sve mirise na te' 
novo svitanje i staro pitanje
sto te nema, nema
 
Ref.
Sto te nema barem jedan dan 
da te ljubim, da te osjecam 
i da se smijemo se kao te 
devedeset druge godine 

K'o dijete sam ja
s licem od covjeka
tvoj blagoslov 
nosit' cu do vijeka 

Svaka pjesma i rijec
sto iz mene ce tec' 
sve mirise na te' 
novo svitanje i staro pitanje
sto te nema, nema 

Ref.

Prasnjavim dvorcem 
sjecanja trazim te 
blijeda su jutra bez tebe 

Ref.","https://tekstovi.net/2,221,5620.html",,'92,'92,Utorak,"Otkad nema te tu
1
sve duži je dan
sve teže mi pada
moj rođendan. Tvoj parfem na dar
naša soba i Hvar
sve miriše na te. Novo svitanje i staro pitanje
što te nema, nema. Što te nema barem jedan dan
da te ljubim, da te osjećam
i da smijemo se kao te
devedeset druge godine. K'o dijete sam ja
s licem od čovjeka
taj blagoslov
nosit' ću do vijeka. Svaka pjesma i riječ
što iz mene će teć'
sve miriše na te. Novo svitanje nosi staro pitanje
što te nema, nema. Što te nema barem jedan dan
da te ljubim, da te osjećam
i da smijemo se kao te
devedeset druge godine. Što te nema barem jedan dan
da te ljubim, da te osjećam
i da smijemo se kao te
devedeset druge godine. Devedeset druge godine. Prašnjavim dvorcem sjećanja tražim te
blijeda su jutra bez tebe. Što te nema barem jedan dan
da te ljubim, da te osjećam
i da smijemo se kao te
devedeset druge godine. Što te nema barem jedan dan
da te ljubim, da te osjećam
i da smijemo se kao te
devedeset druge godine. Što te nema barem jedan dan
da te ljubim, da te osjećam
i da smijemo se kao te
devedeset druge godine. Što te nema barem jedan dan
da te ljubim, da te osjećam
i da smijemo se kao te
devedeset druge godine","Ever since you're not there
The day keeps getting longer
My birthday
Keeps getting harder for me. Your perfume as a gift
Our room and Hvar
It all smells like it ['92]. A new dawn carries the old question
Why you are nowhere, nowhere to be found. Why can't you be here for just one day
To kiss you, to feel you
And to laugh together like we did
In year '92. I'm like a child
With a face of a man
That blessing
I'll carry it for forever. Every song and word
That'll flow out of me
It all smells like it ['92]. A new dawn carries the old question
Why you are nowhere, nowhere to be found. Why can't you be here for just one day
To kiss you, to feel you
And to laugh together like we did
In year '92. Why can't you be here for just one day
To kiss you, to feel you
And to laugh together like we did
In year '92. In year '92. I look for you through the dusty castle of memory
Pale are the mornings without you. Why can't you be here for just one day
To kiss you, to feel you
And to laugh together like we did
In year '92. Why can't you be here for just one day
To kiss you, to feel you
And to laugh together like we did
In year '92. Why can't you be here for just one day
To kiss you, to feel you
And to laugh together like we did
In year '92. Why can't you be here for just one day
To kiss you, to feel you
And to laugh together like we did
In year '92",https://lyricstranslate.com/en/92-92.html-0,['Petar Grašo'],https://diskografija.com/pjesma/92-1113.htm,'92,,,,,,,,
nkaHNg1X_1_1,Petar Grašo,Petar Grašo,Ako se rastanemo,26072,"Ne govorim s tobom
i nista nije kao prije
cija to pisma citas
tisina, samo tisina lije

Pogledaj me u oci
sto covjek moze da proguta
ima li snage za jos pet minuta
ili smo stigli do kraja
do kraja puta
 
Ref.
Ako se rastanemo
onako posteno i sami
sta cemo reci susjedima
postaru i tvojoj mami

Jer ako se rastanemo
nece se srusiti svijet
doci ce novi stanari 
u Mose Pijade 35

Ne govorim s tobom
drugacija si, nisi ista
izgubili smo nepovratno
djetelinu s cet'ri lista

Hej, pogledaj me u oci
sta covjek moze da proguta
i ima li snage za jos pet minuta
ili smo stigli do kraja
do kraja puta

Ref.","https://tekstovi.net/2,221,5621.html",,,,,,,,['Petar Grašo'],https://diskografija.com/pjesma/ako-se-rastanemo-22283.htm,Ako se Rastanemo,,,,,,,,
nkaHNg1X_1_2,Petar Grašo,Petar Grašo,Ako te pitaju,185913,"Jos su do lani
moje noci, moji dani 
bili ka' i karte razbacani 
naniza pute i minute
zene puste 
a desila se onda ti 
 
Sad si lipota
sad si ljubav mog zivota 
lice srece prvo, drugo, trece 
kad se ljubav dogodi
i kad zivot pogodi 
tu san ja i tu si ti 

Ref. 
Ako te pitaju, moja ljubavi 
jel' nan lipo reci je 
imamo na svitu sve 

Ako me pitaju, moja ljubavi 
jel' mi fali zivot otprije 
rec' cu nije ga ni bilo bez tebe 

Sad si lipota
sad si ljubav mog zivota 
lice srece prvo, drugo, trece 
kad se ljubav dogodi
i kad zivot pogodi 
tu san ja i tu si ti 

Ref. 2x

Ma nije ga ni bilo bez tebe 

Triba nan, triba nan malo 
triba nan, triba nan malo 
triba nan, triba nan samo 
da se volit znamo 

Triba nan, triba nan 
triba nan, triba nan malo 
triba nan, triba nan samo 
da se volit znamo 

Moja ljubavi (triba nan, triba nan)
moja ljubavi (triba nan, triba nan malo)
triba nan, triba nan samo
da se volit' znamo 

Ako te pitaju (triba nan, triba nan)
moja ljubavi (triba nan, triba nan malo)
jel' nan lipo reci je 
(triba nan, triba nan samo)
imamo na svitu sve 
(da se volit znamo)

A triba nan, triba nan malo 
triba nan, triba nan malo 
triba nan, triba nan samo 
da se volit znamo","https://tekstovi.net/2,221,55130.html","Tonci Huljic, Vjekoslava Huljic, Petar Graso, Leo Skaro",Ako te pitaju,If They Ask You,,"Još su do lani moje noći, moji dani
1
Bili ka' i karte razbacani
Naniza pute i minute, žene puste
A desila se onda ti. Sad si lipota, sad si jubav mog života
Lice sreće prvo, drugo, treće
Kad se jubav dogodi i kad život pogodi
Tu san ja i tu si ti. (Pripjev)
Ako te pitaju, moja jubavi
Jel' nan lipo, reci je
Imamo na svitu sve.
Ako me pitaju, moja jubavi
Jel' mi fali život otprije
Reć' ću nije ga ni bilo bez tebe. Sad si lipota, sad si jubav mog života
Lice sreće prvo, drugo, treće
Kad se jubav dogodi i kad život pogodi
Tu san ja i tu si ti. (Pripjev). Bez tebe. (Pripjev). Ma nije ga ni bilo bez tebe. (Triba nan, triba nan malo
Triba nan, triba nan malo
Triba nan, triba nan samo
da se volit znamo) x2. Moja jubavi, moja jubavi
Triba nan, triba nan samo
(Da se volit znamo). Ako te pitaju, moja jubavi
Jel' nan lipo, reci je
Imamo na svitu sve. A triba nan, triba nan malo
Triba nan, triba nan malo
Triba nan, triba nan samo
da se volit znamo","Until last year still my nights, my days
Were scattered around like playing cards
I lined up roads and minutes, many women
And then you happened. Now you're the beauty, now you're the love of my life
The face of happiness - first, second, third
When love happens and when life gets it right
There's me and there's you. (Chorus)
If they ask you, my love
Is it nice for us, tell them it is
We have everything in the world
If they ask me, my love
Do I miss my former life
I'll tell them I didn't even have a life without you. Now you're the beauty, now you're the love of my life
The face of happiness - first, second, third
When love happens and when life gets it right
There's me and there's you. (Chorus). Without you. (Chorus). Well, I didn't even have a life without you. (We need, we need little
We need, we need little
We need, we need only
To know how to love each other) x2. My love, my love
We need, we need only
(To know how to love each other). If they ask you, my love
Is it nice for us, tell them it is
We have everything in the world. And we need, we need little
We need, we need little
We need, we need only
To know how to love each other",https://lyricstranslate.com/en/ako-te-pitaju-if-they-ask-you.html,,,,,,,,,,,
nkaHNg1X_1_3,Petar Grašo,Petar Grašo,Baraba,14089,"Kazi mi s kim si 
nocas cekala zoru
kome si tijelo svoje nudila
kazi mi s kim si 
nocas brojala zvijezde
cije si grudi ljubila
 
Daj barem kazi 
da l' je bolji od mene
kad te je kuci svojoj odnio
ili je ljubav tvoju vezao lancic
sto ti je poklonio

Ref.
Jer on je
baraba, baraba
najveca, aha
baraba, baraba
najgora, aha

Njegovi korijeni 
su negdje odavde
al' vani ima svu imovinu
dok preko grane kupuje restorane
on misli na domovinu

On te je vozio 
u predjele mracne
da vidis kako svijetli njegov sat
al' tamo lete neki cudni komarci
sto su te tako ugrizli za vrat

Ref.

On vozi tristo na sat
al' nikad nece ti dat 
svu ljubav koju sam ti
pruzio ja","https://tekstovi.net/2,221,5622.html",,,,,,,,['Petar Grašo'],https://diskografija.com/pjesma/baraba-1107.htm,Baraba,,,,,,,,
nkaHNg1X_1_4,Petar Grašo,Petar Grašo,Brod ljubavi,27037,"Iznad tihog oceana
bura, nevera, orkana
ja sam veslao do tebe miljama
ljudima nisam rekao 
sto me tako zanima

Dobri nalazili lose
tuzni sretne ljubili
ja i ti se nismo jos usudili
ali, znam dogodit ce se to
ja u zraku osjecam
 
Ref.
Nas dvoje smo
sve preostalo
na tom brodu ljubavi
sve je ostalo

Draga sve je propalo
sve se drugo rasulo
bilo dobro bilo zlo
draga, ja osjecam to","https://tekstovi.net/2,221,5623.html",,,,,,,,['Petar Grašo'],https://diskografija.com/pjesma/brod-ljubavi-1106.htm,Brod ljubavi,,,,,,,,
nkaHNg1X_1_5,Petar Grašo,Petar Grašo,Da li iko navija za nas,17756,"Kada zivot zbroji sve 
porazi i pobjede
dolaze i prodju
ljudi dobri, ljudi zli
predsjednici, prosjaci
svi na isto dodju
 
Samo ti, ti si vjestilo 
(c)ta mi osmijeh krade 
samo ti, ti si zadnji brod 
na rtu dobre nade 

Ref.
Urlaju sa radija ludjaci 
sve je ovdje slava, novac, moc
tuku se desnjaci i ljevaci 
tu je pamet rekla laku noc 

Urlaju sa radija ludjaci 
mudri samo sute na sav glas 
sudbinu nam kroje losi djaci 
da li i'ko navija za nas

Kada zivot zbroji sve 
vrijeme nije najbolje 
i ljudi su u kvaru 
pocetnici znaju sve 
pametni ne govore 
a krivi su u pravu 

Ti mi dodjes kao 
dobar znak 
tad na svijetu 
nije samo mrak 

Ref.","https://tekstovi.net/2,221,5627.html",,Da li i'ko navija za nas,Does Anyone Cheer For Us?,,"Kada život zbroji sve
porazi i pobjede
dolaze i prođu
ljudi dobri, ljudi zli
predsjednici, prosjaci
svi na isto dođu. Samo ti, ti si vještilo
(c)ta mi osmijeh krade
samo ti, ti zadnji brod
na rtu dobre nade. Ref.
Urlaju sa radija luđaci
sve je ovdje slava, novac, moć
tuku se desnjaci i ljevaci
tu je pamet rekla laku noć. Urlaju sa radija luđaci
mudri samo šute na sav glas
sudbinu nam kroje loši đaci
da li i'ko navija za nas. Kada život zbroji sve
vrijeme nije najbolje
i ljudi su u kvaru
početnici znaju sve
pametni ne govore
a krivi su u pravu. Ti mi dođeš kao
dobar znak
tad na svijetu
nije samo mrak. Ref.","When life sums up everything,
Defeats and victories
Come and go,
Good people, evil people,
Presidents, beggars
They all come to the same. Only you, you are the craft
That steals my smile
Only you, you - the last ship
On the Cape of Good Hope.. (Chorus)
Nuts scream from the radio
Everything here is about fame, money, power
Righthanded and lefties fight
Reason left this place. Nuts scream from the radio
Wisemen only keep quiet out loud
Our fate is tailored by lousy students
Does anyone cheer for us?. When life sums up everything
Time is not the best
And people are broken
Begginers know it all
Inteligent ones don't talk
And the wrong ones are right. You appear to me
As a good premonition
And then the world is not
Only dark. (Chorus)",https://lyricstranslate.com/en/da-li-iko-navija-za-nas-does-anyone-cheer-us.html,,,,,,,,,,,
nkaHNg1X_1_6,Petar Grašo,Petar Grašo,Fritula (feat. Narodni),40345,"Kasna svirka, rani let
iden doma, dan je svet
aerodrom ka i svi
jingle bells i ukrasi

Di bas sad, di bas sad
da na Badnjak budem tu
moji svi, moji svi
oko stola cekaju
 
Ref.
Sve bi da, da za nju
jednu malu fritulu
i da te, i da me
drzis cvrsto za ruku
jer ja sanjam taj Badnjak
uz tebe

Sve bi da, da za nju
jednu malu fritulu
i da te, i da me
drzis cvrsto za ruku
jer ja sanjam
da u ponoc sapnem ti
sretan Bozic, ljubavi

A na broju 325 pise ""otkazani let""
ja trcim, trazim rent – a – car
da se spasi cila stvar

Ref.

Ljubavi
ja sve bi da
i da te, i da me
drzis cvrsto za ruku

Jer ja sanjam da
u ponoc sapnem ti
sretan Bozic, ljubavi
sretan Bozic, ljubavi","https://tekstovi.net/2,221,57436.html",,Fritula,Fritule,,"Kasna svirka, rani let
1
Iden doma, dan je svet
Aerodrom ka i svi
Jingle bells i ukrasi
Di baš sad, di baš sad
Da na Badnjak budem tu,
Moji svi, moji svi
Oko stola čekaju
Sve bi da, da za nju
Jednu malu fritulu
I da te i da me
Držiš čvrsto za ruku
Jer ja sanjam taj Badnjak
Uz tebe
Sve bi da, da za nju
Jednu malu fritulu
I da te, i da me
Držiš čvrsto za ruku
Jer ja sanjam
Da u ponoć šapnem ti
Sretan Božić ljubavi. A na broju 325 piše otkazani let
Ja trčim, tražim rent – a – car
Da se spasi cila stvar
Di baš sad, di baš sad
Da na Badnjak budem tu
Moji svi, moji svi
Oko stola čekaju. Jednu malu fritulu
I da te, i da me
Držiš čvrsto za ruku
Jer ja želim taj Badnjak uz tebe. Sve bi da, da za nju
Jednu malu fritulu
I da te, i da me
Držiš čvrsto za ruku
Jer ja sanjam
Da u ponoć šapnem ti
Sretan Božić ljubavi
Ljubaviiii
Ja sve bi daaaaaa
I da te i da me
Držiš čvrsto za ruku
Jer ja sanjam da
U ponoć šapnem ti
Sretan Božić ljubavi
Sretan Božić ljubavi","A late show, an early flight
I'm going home, it's a holly day
The airport is, like everyone else
All in Jingle bells and decorated
Why at this very moment, why at this very moment
To be home in time for Christmas Eve
My family, my family
Is waiting for me at the dinner table
I would give everything
For a small fritule
And for you to
tightly hold my hand
'Cause I'm dreaming of that Christmas Eve
Where I'm beside you
I would give everything
For a small fritule
And for you to
tightly hold my hand
'Cause I'm dreaming
That I'm whispering to you at midnight
Merry Christmas, my love. And on #325 it says - flight is cancelled
I'm running, looking to rent a car
To save the day
Why at this very moment, why at this very moment
To be home in time for Christmas Eve
My family, my family
Is waiting for me at the dinner table. I would give everything
For a small fritule
And for you to
tightly hold my hand. I would give everything
For a small fritule
And for you to
tightly hold my hand
'Cause I'm dreaming
That I'm whispering to you at midnight
Merry Christmas, my love
My love
I would give everything
For you to
tightly hold my hand
'Cause I'm dreaming
That I'm whispering to you at midnight
Merry Christmas, my love
Merry Christmas, my love",https://lyricstranslate.com/en/fritula-fritule.html,,,,,,,,,,,
nkaHNg1X_1_7,Petar Grašo,Petar Grašo,Godine ljubavi,26759,"Usla je tiho ka' brod
u pismu moju i odnila sve
ja odavno gledan u pod 
i kazaljke stoje
ka' da se boje dalje bez nje

U uvali nade i sna 
ne baca se sidro e da san to zna'
ja ne bi se veza za nju 
ka' jarbol za idro i ne bi se 
'vako do kraja da i tu potonija
 
Ref.
Godine jubavi nemaju cijene
sta san ih bacija prid noge njene
sve sta je bila nece mi bit'
moran se na to naviknit'
jer pocinje zivot bez nje, zivot bez nje

I sve cu od sebe dat 
da uspravno stojim
da ne vidi svit
da ne smin se ni pogledat' 
jer tako se bojin
da od mene nikad
od mene nikad covika bit'

Ref.

Vrime procidi to, dobro i zlo
sve dodje na svoje
vrime procidi to, proc' ce i bol
sta nosin za dvoje

Ref.

Sve sta je bila nece mi bit'
moran se na to naviknit'
jer pocinje zivot bez nje, zivot bez nje ","https://tekstovi.net/2,221,5671.html",,Godine ljubavi,The Years Of Love,,"Ušla je tiho ka' brod
u pismu moju i odnila sve
ja odavno gledan u pod
i kažaljke stoje
ka' da se boje dalje bez nje. U uvali nade i sna
ne baca se sidro e da san to zna'
ja ne bi se veza za nju
ka' jarbol za idro i ne bi se
'vako do kraja da i tu potonija. Ref.
Godine jubavi nemaju cijene
šta san ih bacija prid noge njene
sve šta je bila neće mi bit'
moran se na to naviknit'
jer počinje život bez nje, život bez nje. I sve ću od sebe dat
da uspravno stojim
da ne vidi svit
da ne smin se ni pogledat'
jer tako se bojin
da od mene nikad
od mene nikad čovika bit'. Ref.. Vrime procidi to, dobro i zlo
sve dođe na svoje
vrime procidi to, proć' će i bol
šta nosin za dvoje. Ref.. Sve šta je bila neće mi bit'
moran se na to naviknit'
jer počinje život bez nje, život bez nje","She entered quitely like a boat
in my song and took everything
I'm looking at the floor a long ago
counterclockwise are standing
like they are afraid to move on without her. In the bay of hope and dream
you don't drop anchor, I wish I knew that
I wouldn't tie myself to her
like a mast for the sail, and I wouldn't
give myself until the end and I wouldn't sank there. The years of love have no price
I threw them in front of her legs
everything she was to me, she won't be (anymore)
I must get used to it
because life without her begins, life without her. And I'll do my best
to stand upright
so the world don't see
that I mustn't look at myself
because I'm frightened
that I won't ever
I won't ever become a man. Time strains it, good and harm
everything falls into place
Time strains it, even the pain
that I carry for two of us will end. Everything she was to me, she won't be (anymore)
I must get used to it
because life without her begins, life without her",https://lyricstranslate.com/en/godine-ljubavi-years-love.html,['Petar Grašo'],https://diskografija.com/pjesma/godine-ljubavi-1125.htm,Godine ljubavi,,,,,,,,
nkaHNg1X_1_8,Petar Grašo,Petar Grašo,"Gol, bos, sam",11318,"Ljubav je lancun bili
koji se s tobon dili
ja se uvik zamotan u nju
tvoje misto je kraj mene tu

Ova noc mirno more
baca mi sol na snove
ti si tamo di ja nemam kljuc
di moje zelje ne mogu uc'
 
Ref.
Ostajen gol, bos, sam
na stine nasukan
jos te ova dusa gladna
i posteja nasa i prazna i 'ladna

Ostajem gol, bos, sam
na stine nasukan
dok me bol po dusi grebe
bojim se jutra, ljudi i sebe
jer nema tebe, jer nema tebe

Nebo mi kison priti
s drugin ces nazdraviti
jer on ti daje odmotan dar
moje srce ka slomljenu stvar

Ref.","https://tekstovi.net/2,221,5672.html",,"Gol, bos, sam","Naked, Barefoot, Alone",,"Ljubav je lancun bili
1
Koji se s tobon dili
Ja se uvik zamotan u nju
Tvoje misto je kraj mene tu
Ova noć mirno more
Baca mi sol na snove
Ti si tamo di ja nemam ključ
Di moje želje nemogu uć. Ostajen gol, bos, sam
Na stine nasukan
Još te ova duša gladna
I posteja naša i prazna i ladna
Ostajem gol, bos, sam
Na stine nasukan
Dok me bol po duši grebe
Bojin se jutra, ljudi i sebe
Jer nema tebe, jer nema tebe. Nebo mi kišon priti
S drugin ćeš nazdraviti
Jer on ti daje odmotan dar
Moje srce ka slomljenu stvar","Love is a white bedspread
Shared with you.
I always wrap myself in it.
Your place is here next to me.
On this night, the quiet sea
Spreads salt over my dreams.
You're there - for where I have no key,
Where my wishes can't enter.. I'm left naked, barefoot, alone
Stranded on the rocks.
This soul still feels hunger for you
And our bed, empty and cold.
I'm left naked, barefoot, alone
Stranded on the rocks
While pain grazes my soul.
I fear the morning, the people and myself
Because there is no you, because there is no you.. Sky threatens me with rain
You will make a toast with someone else
Because he gives you an unwrapped present -
My heart as a broken item.",https://lyricstranslate.com/en/gol-bos-sam-naked-barefoot-alone.html,['Petar Grašo'],https://diskografija.com/pjesma/gol-bos-sam-1129.htm,"Gol, bos, sam",,,,,,,,
nkaHNg1X_1_9,Petar Grašo,Petar Grašo,Idi,26570,"Vrijeme leti, vrijeme mijenja sve
tesko mi je nositi se s time
ljudi odlaze, ljudi dolaze
ne govori nikom svoje ime

Srce sam ti davno predao
vruce, kao pecivo na dlanu
znam bio sam lud
al' vise nemam kud
zato, molim te, pusti me
 
Ref.
Idi, zauvijek zalupi vratima
Idi, pusti da borim se satima
zivi i s drugim dijeli sve
al' ne zaboravi
da netko volio te je","https://tekstovi.net/2,221,5673.html",,Idi,Go,,"Vrijeme leti, vrijeme mijenja sve.
1
Teško mi je nositi se s time.
Ljudi odlaze, ljudi dolaze.
Ne govorim nikom svoje ime.. Srce sam ti davno predao
Vruće, kao pecivo na dlanu.. (Pret-pripjev)
Znam, bio sam lud,
Al' više nemam kud,
Zato, molim te, pusti me.... (Pripjev)
Idi, zauvijek zalupi vratima!
Idi, pusti da borim se satima.
Živi i s drugim dijeli sve,
Al' ne zaboravi da netko volio te je.... (Pret-pripjev). (Pripjev x2)","Time flies, time changes everything.
It's hard for me to deal with that.
People go away, people come by.
I don't tell my name to anyone.. I gave my heart to you a long time ago
Burning, as a bun on the palm.. (Pre-chorus)
I know, I was crazy,
But I have nowhere to go any more,
So, please, let me go.... (Chorus)
Go, slam the door forever!
Go, let me fight myself for hours.
Live and share everything with another,
But don't forget somebody loved you.... (Pre-chorus). (Chorus x2)",https://lyricstranslate.com/en/idi-go.html-2,['Petar Grašo'],https://diskografija.com/pjesma/idi-1104.htm,Idi,1997 - Mjesec iznad oblaka,1997 - Dora 1997,2005 - Uvertira,2005 - Turky party - prvih 10 godina 1,,,,
nkaHNg1X_1_10,Petar Grašo,Petar Grašo,Je l' ti reka' 'ko,961,"Sve sta san o tebi zna
sta san cuja, vidija
viruj, sad san shvatija
da sve, da sve to nista je

Covik sve upozna onda tek
kada cilo srce drugon da
i prizna da je volija
 
Ref. 2x
Je l' ti reka' 'ko
je l' ti reka' 'ko
je l' ti reka' 'ko
onako iskreno

Da bi za tebe umra ja
i bez da trepnen
i opet rodija se
samo da te sretnen

Je l' ti reka' 'ko
onako iskreno

Poznan te ka' dobar dan
znan ti duse svaki gram
znan ti tilo napamet, za pet
za sve san druge zauzet

Tesko mi je to i zamislit'
kakav bi to samo bija svit
u kon cu ja, u kon cu ja
bez tebe bit'

Ref. 2x

I Bog da razdili lipotu tvoju svu
bilo bi je i na zemji
bilo bi je na nebu

Je l' ti reka' 'ko
onako iskreno","https://tekstovi.net/2,221,64675.html",,Jel' ti reka 'ko,Has Anyone Told You,,"Sve šta san o sebi zna
Šta san čuja, vidija
Viruj, sad san svatija
Da sve, da sve to ništa je. Čovik se upozna onda tek
Kada cilo srce drugom da
I prizna da je volija. [Refren]
Jel' ti reka 'ko?
Jel' ti reka 'ko?
Jel' ti reka 'ko, onako iskreno?
Da bi za tebe umra ja i bez da trepnem
I opet rodija se samo da te sretnem
Jel' ti reka 'ko, onako iskreno?. Poznan te ka dobar dan
Znan ti duše svaki gram
Znan ti tilo napamet, za pet
Za sve sam druge zauzet
Teško mi je to i zamislit
Kakav bi to samo bio svit
U kom ću ja, u kom ću ja
Bez tebe bit. [Refren]
Jel' ti reka 'ko?
Jel' ti reka 'ko?
Jel' ti reka 'ko, onako iskreno?
Da bi za tebe umra ja i bez da trepnem
I opet rodija se samo da te sretnem
Jel' ti reka 'ko, onako iskreno?. I Bog da razdili lipotu tvoju svud
Bilo bi je i na zemlji, bilo na nebu. Jel' ti reka 'ko, onako iskreno?","All I knew about myself
What I heard, saw
Trust me, now I realised
That all of it, all that is nothing. A man gets to know himself only when
He gives his whole heart away
And confesses he loved. [Refrain]
Has anyone told you?
Has anyone told you?
Has anyone told you, sincerely?
That I would die for you without a second thought
And be born again just so I would meet you
Has anyone told you, sincerely?. I know you like the back of my hand
I know every ounce of your soul
I know your body by heart, A plus
I am taken when others are concerned
It is hard for me to even imagine
What a world that would be
In which I, in which I would
Be without you. [Refrain]
Has anyone told you?
Has anyone told you?
Has anyone told you, sincerely?
That I would die for you without a second thought
And be born again just so I would meet you
Has anyone told you, sincerely?. And if God was to spread your beauty everywhere
There would be some of it on earth, and in heaven. Has anyone told you, sincerely?",https://lyricstranslate.com/en/jel-ti-reka-ko-has-anyone-told-you.html,,,,,,,,,,,
nkaHNg1X_1_11,Petar Grašo,Petar Grašo,Jedina,61982,"Jedina, jos te ima posvuda 
svaki dan je osuda, najgora
prstima, kosu sam ti cesljao
tvojim tijelom veslao
nocima nisam se smijao
ne pamtim otkad s drustvom opijao
 
Osjecao mlad i oni mi govore
da nisi vrijedna ti
sta zivim jadno i bijedno
i bjezim od sebe i njih
(a briga me za svih)

Zalite me drugovi
prijatelji najbolji
jer me ona ne voli
jer me ona ne voli

zalite me moji svi
prijatelji najbolji
jer ako necu biti njen
neka umrem isti tren
umrem nevoljen

I jedina, jos te ima posvuda 
i svaki dan je osuda, najgora
nisam se smijao, ne pamtim 
otkad s drustvom opijao

Osjecao mlad i oni mi govore
da nisi vrijedna ti
sta zivim jadno i bijedno
i bjezim od sebe i njih
(a briga me za svih)

Ref.","https://tekstovi.net/2,221,5674.html",,,,,,,,['Petar Grašo'],https://diskografija.com/pjesma/jedina-1127.htm,Jedina,2003 - Šporke riči,2005 - Uvertira,,,,,,
nkaHNg1X_1_12,Petar Grašo,Petar Grašo,Jos uvik slipo virujen,33856,"Jos uvik slipo virujen
da 'vaka jubav puknit nece
jer tako sebe smirujen
jer tako vrime lipse tece

Ti nisi moja ne mo's krit
jer zakon sutnje tu ne vazi
srce se ne da privarit
i bez da kazes ric, vatan te u lazi
 
Daj mu dusu, daj mu svoje tilo
laz za jubav to najbolje znas
ka da nikad nista nije bilo
ovu jubav ubijas

Ref.
Jos uvik slipo virujen
u jubav divlju, pravu, ludu
za koju vridi gladan bit
za koju vridi ostarit, zivit i umrit

Daj mu dusu, daj mu svoje tilo
laz za jubav, to najbolje znas
ka da nikad nista nije bilo
ovu jubav ubijas

Sta me vuce jos jubavi toj
s kojon prosa san krv i suze i znoj
a sta me vuce da jos san uvik tvoj","https://tekstovi.net/2,221,5676.html",,Još Uvik Slipo Virujem,I Still Blindly Believe,,"Još uvik slipo virujen
Da vaka jubav puknit neće
Jer tako sebe smirujen
Jer tako vrime lipše teče
Ti nisi moja nemoš krit
Jer zakon šutnje tu ne važi
Srce se ne da privarit
I bez da kažeš rič, 'vatan te u laži. Daj mu dušu, daj mu svoje tilo
Laž za jubav to najbolje znaš
Ka da nikad ništa nije bilo
Ovu jubav ubijaš. Još uvik slipo virujen
U jubav divlju, pravu, ludu
Za koju vridi gladan bit
Za koju vridi ostarit,
Živit i umrit. Daj mu dušu, daj mu svoje tilo
Laž za jubav, to najbolje znaš
Ka da nikad ništa nije bilo
Ovu jubav ubijaš. Šta me vuče još jubavi toj
S kojon proša san krv i suze i znoj
A šta me vuče da još san uvik tvoj","I still blindly believe
that such a love will never break
so I calm myself
because time passes nicer this way
you're not mine, you can't hide it
the law to remain silent doesn't apply here
the heart can't be cheated
even when you don't say a word, I catch you in a lie. Give him your soul, give him your body
a lie for love, that's what you know best
as if there was nothing, ever
you're killing this love. I still blindly believe
in wild, real and crazy love
worth being hungry for
worth growing old
living and dying for. Give him your soul, give him your body
a lie for love, that's what you know best
as if there was nothing, ever
you're killing this love. Why do I still feel drawn to that love
giving me only blood and tears and sweat
what pulls me so that I'm still yours",https://lyricstranslate.com/en/jo%C5%A1-uvik-slipo-virujem-i-still-blindly-believe.html,,,,,,,,,,,
nkaHNg1X_1_13,Petar Grašo,Petar Grašo,Kad ostarim ,28864,"Ne vjeruj 
Kad kazu da sam lud 
Da me znaju 
Od 'ko zna gdje 
I 'ko zna kud 

Reci ce da gone mene 
A boje se svoje sjene 
Sjene ruzne 
kao ljudska cud 
 
Pobjegni 
Kad kazu da me znaju 
Kad ti casnu rijec 
Bez malo casti daju 
Misevi su to u boci 
Nisu moji to svjedoci 
Njihove ih oci odaju 

Trebas mi ti, snagu mi daj 
Ti budi moj pocetak i kraj 
Umoran sam i malo me strah 
Zagrli me, trebam tvoj dah 

Trebas mi ti, snagu mi daj 
Budi moj put kroz trnje u raj 
Kad utihnu svjetla i dim 
Kad ostarim 

Ne vjeruj 
Kad kazu da sam tih 
Da ne jeci pjesma moja 
I moj stih 

Ne leze im moje rime 
Vjeruj nemam nista s time 
Kriv sam 
Jer sam bolji ja od njih 

Trebas mi ti, snagu mi daj 
Ti budi moj pocetak i kraj 
Umoran sam i malo me strah 
Zagrli me, trebam tvoj dah 

Trebas mi ti, snagu mi daj 
Budi moj put kroz trnje u raj 
Kad utihnu svjetla i dim 
Kad ostarim 

Ne mari 
Za sapat sto me vrijedja 
Hrabrih ratnika 
Sto napadaju s ledja 

Ne ljuti se vec ih zali 
Jer su sami, jer su mali 
Ljubav nisu ni upoznali 

Zagrli me dok nas ima 
Zagrli me ide zima 
Vrijeme ipak dolazi po svih","https://tekstovi.net/2,221,2698.html",,,,,,,,['Petar Grašo'],https://diskografija.com/pjesma/kad-ostarim-1120.htm,Kad ostarim,,,,,,,,
nkaHNg1X_1_14,Petar Grašo,Petar Grašo,Kada krenu vlakovi,19581,"Lako tebi, ti se uvijek
Nekom vratis
I bez rijeci i bez volje
Niti da mu slazes bolje
Da mu oci zatvoris

Lako tebi, sve ti zelim
Sve ti dajem
Srebr'n mjesec iznad vode
Sto u nebo zorom ode
Kada krenu vlakovi
 
Idi i ti s njima
Idi nek' te svatko ima
Kad me vise ne volis

Idi, idi putuj s njima
Idi juznim gradovima
Putuj dok ne ostaris
Samo ostavi me ti
Kada krenu vlakovi

Lako tebi, srecu imas
Na tom svijetu
Ja ni sestre niti brata
U samoci sto me hvata
Kada krenu vlakovi","https://tekstovi.net/2,221,2491.html",,,,,,,,['Petar Grašo'],https://diskografija.com/pjesma/kada-krenu-vlakovi-1118.htm,Kada krenu vlakovi,,,,,,,,
nkaHNg1X_1_15,Petar Grašo,Petar Grašo,Ko nam brani,72683,"Nekad cini mi se
da je propalo sve 
nista nece da krene 
lose doslo je vrijeme 
a ja ne vidim spas za nas 

Zato bjezim od svih 
nekad napisem stih 
nekad odem do sanka 
al' je linija tanka 
izmedju jave i sna
vrha i dna i pjevam 

Ref.
Hej, duso, 'ko nam brani 
da bude sve 'ko lani 
na moju dusu stani i ostani 

Covjek pokvari sve 
prije il' kasnije 
ljubav nije za ljude 
neka bude sta bude 
necu pustit' ni glas za nas 

Zato bjezim od svih 
nekad napisem stih 
nekad odem do sanka
al' je linija tanka 
izmedju jave i sna 
vrha i dna i pjevam 

Ref.","https://tekstovi.net/2,221,5677.html",,Tko nam brani,Who Stands In Our Way,,"Nekad čini mi se
1
Da je propalo sve.
Ništa neće da krene,
Loše došlo je vrijeme,
A ja ne vidim spas za nas.. (Pred-pripjev)
Zato bježim od svih,
Nekad napišem stih,
Nekad odem do šanka,
Al' je linija tanka
Između jave i sna, vrha i dna.
I pjevam:. (Pripjev x2)
Hej, dušo, 'ko nam brani
Da bude sve 'ko lani?
Na moju dušu stani i ostani.. Čovjek pokvari sve,
Prije il' kasnije.
Ljubav nije za ljude
I neka bude šta bude,
Neću pustit' ni glas za nas.. (Pred-pripjev). (Pripjev....)","Sometimes it seems to me
That everything fell through.
Nothing will go right,
A bad time had come,
And I don't see a salvation for us.. (Pre-chorus)
So I run from everyone,
Sometimes I write a vers,
Sometimes I go to the bar,
But the line is fragile,
Between the reality and dream, top and the bottom.
And I sing:. (Chorus x2)
Hey, honey, who stands in our way
From everything being as it was last year?
Step on my soul and stay there.. Man ruins everything,
Sooner or later.
Love is not for people,
And let it be what shall be,
I won't say a word for us.. (Pre-chorus). (Chorus x)",https://lyricstranslate.com/en/tko-nam-brani-who-stands-our-way.html,,,,,,,,,,,
nkaHNg1X_1_16,Petar Grašo,Petar Grašo,Lakse mi je s' njom,32164,"Lakse mi je s njom
nego sa tobom 
dala mi je sve 
ljubav, sricu, dom 
kad se pokrijen
srcu otkrijen 
da mi fale dani sa tobom 
 
Boze, daj mi ljubavi
da mi prodju dani ti 
u mom srcu njen je dom 
na svom dlanu spavan s njon 

Boze, daj mi ljubavi
da mi prodju dani ti 
kada zaspe, sanja li 
dane sto smo zivili 

Kad se budi, sazna li 
da smo isto nesritni","https://tekstovi.net/2,221,5679.html",,,,,,,,['Petar Grašo'],https://diskografija.com/pjesma/lakse-mi-je-s-njom-1111.htm,Lakše mi je s njom,1999 - Utorak,1999 - Melodije Jadrana 1999,1999 - Split 1999,2000 - Najveći hitovi vol.3,2005 - Uvertira,,,
nkaHNg1X_1_17,Petar Grašo,Petar Grašo,Ljubav jedne zene,55329,"Nebo moje ljubavi
prekrila je siva boja 
i da mogu letjeti 
k'o sto leti ljubav moja 
u san dosao bih njen 
tiho k'o u Betlehem 
k'o u Betlehem 
 
Ref.
Ljubav jedne zene 
tece mi kroz vene
smiri se, pa krene 
kad je najgore 

Ljubav jedne zene 
tece mi kroz vene
smiri se, pa krene 
kad je najgore
kad je najgore","https://tekstovi.net/2,221,5680.html",,,,,,,,['Petar Grašo'],https://diskografija.com/pjesma/ljubav-jedne-zene-1115.htm,Ljubav jedne žene,1999 - Utorak,1999 - Dora 1999,2000 - Najveći hitovi vol.3,2005 - Uvertira,,,,
nkaHNg1X_1_18,Petar Grašo,Petar Grašo,Ljubav pozlati sve,49201,"Tvrda je kora od kruha
sto tjera nas na dalek put
al' osmijeh od uha do uha
uz tebe bih mogao svud

Kroz san sam vidio dan, taj dan
kroz san ja cuo sam glas
 
Hodao ja sam na zici
na zici od lakoga sna
skrivao srce u ptici
i tebe sam trazio ja

Kroz san sam vidio dan, taj dan
kroz san ja cuo sam glas

Ref.
Sve dobro u ljudima
ti donosis to
u meni, u drugima
pobjedjujes zlo

Zlatne poluge sve
sunce prosulo je
tvome srcu da pozlati me

Sve se moze i zna
srce snagu ti da
kada blagoslov dobijes ti
ljubav sve pozlati

Na tvome toplome dlanu
ja spustio sam glavu
ko' da je cvijet
nisam te pustio samu
jer djecjim ocima 
si gledala svijet

Kroz san sam vidio dan, taj dan
kroz san ja cuo sam glas

Ref.

Zime promrzle me
al' sam borio se
da ti ugledam sjaj
kada dotakne me
ljubav pozlati sve
ljubav pozlati sve

Ref.","https://tekstovi.net/2,221,5678.html",,Ljubav sve pozlati,Love Turns Everything To Gold,Mjesec iznad oblaka,"Tvrda je kora od kruha
Što tjera nas na dalek put,
Al' osmijeh od uha do uha...
Uz tebe bih mogao svud.. Kroz san sam vidio dan, taj dan.
Kroz san ja čuo sam glas.. Hodao ja sam na žici,
Na žici od lakoga sna
I skrivao srce u ptici
I tebe sam tražio ja.. Kroz san sam vidio dan, taj dan.
Kroz san ja čuo sam glas.... (Pripjev)
Sve dobro u ljudima - ti donosiš to!
U meni, u drugima, pobjeđuješ zlo.
Zlatne poluge sve, sunce prosulo je
Tvome srcu da pozlati me.
Sve dobro u ljudima - ti donosiš to!
U meni, u drugima, pobjeđuješ zlo.
Sve se može i zna, srce snagu ti da
Kada blagoslov dobiješ ti,
Ljubav sve pozlati!. Na tvome toplome dlanu
Ja spustio sam glavu
Ko' da je cvijet.
Ja nisam te pustio samu
jer dječjim očima si
Gledala svijet.. Kroz san sam vidio dan, taj dan.
Kroz san ja čuo sam glas.... (Pripjev). Zime promrzle me, al' sam borio se
Da ti ugledam sjaj.
Kada dotakne me,
Ljubav sve pozlati!
Ljubav sve pozlati!. (Pripjev)","The bread crust which makes us
Take a long journey is hard,
But a smile ear to ear...
Next to you I could go anywhere.. Through sleep I saw a day, that day.
Through sleep I heard a voice.. I walked the rope,
The rope made of light sleep,
And I hid my heard in a bird
And I looked for you.. Through sleep I saw a day, that day.
Through sleep I heard a voice.. (Chorus)
All the good in people - you bring that out!
In me, in others, you win over the evil.
Sun spilled all the golden ingots
Out to your heart so it would turn me into gold.
All the good in people - you bring that out!
In me, in others, you win over the evil.
All can be done and known, heart gives you the strength
When you receive the blessing,
Love turns everything to gold!. On your warm palm
I rested my head
As it were a flower.
I didn't let you go alone
Because you looked at the world
Through the eyes of a child.. Through sleep I saw a day, that day.
Through sleep I heard a voice.. (Chorus). Winters made me cold, but I fought
So I would see your glow.
When it touches me,
Love turns everything to gold!
Love turns everything to gold!. (Chorus)",https://lyricstranslate.com/en/ljubav-sve-pozlati-love-turns-everything-gold.html,['Petar Grašo'],https://diskografija.com/pjesma/ljubav-sve-pozlati-1109.htm,Ljubav sve pozlati,,,,,,,,
nkaHNg1X_1_19,Petar Grašo,Petar Grašo,Lomi me,33110,"Godine su pomele 
vragove i andjele
lipo sve mi odnile
nikad nista vratile 

Ljudi srcem napukli
napukli pa pobigli 
al' tvrd ka stina ja san sad
star iznutra, vanka mlad 
 
Di god da san krenija
suputnik mi nevoja 
ne znan di ce odvesti
staza ove mladosti 

Cudni ljudi zive tu
sve sta vole razapnu 
al' tvrd ka' stina ja san sad
star iznutra, vanka mlad 

Ref.
Jer lomi, lomi me 
sta mi nema, nema nje 
sta mi nema nje 
i sve lipo rusi se
sta mi nema nje 
sta mi nema nje 

Di god da san krenija
suputnik mi nevoja 
ne znan di ce odvesti
staza ove mladosti 

Cudni ljudi zive tu
sve sta vole razapnu 
al' tvrd ka' stina ja san sad
star iznutra, vanka mlad 

Ref.

Ref.

Godine su pomele 
vragove i andjele","https://tekstovi.net/2,221,5675.html",,,,,,,,['Petar Grašo'],https://diskografija.com/pjesma/lomi-me-1119.htm,Lomi me,1999 - Utorak,2005 - Uvertira,2008 - 10 Godina Melodija Hrvatskog Jadrana,,,,,
nkaHNg1X_1_20,Petar Grašo,Petar Grašo,Mjesec iznad oblaka,25710,"U tajnom gradu srca mog
skrivenom u predgradu
ja cuvam tebe najdraza
da mi te ne pronadu

Bez tebe ja sam nevazan
bez tebe ja sam samo zrak
ko mjesec iznad oblaka
ti mi svjetlis u moj mrak
 
Od pogleda ja sakrivam
tvoje osmjehe i plac
da ne bi nas razdvojio
tudje ljubomore mac

Ref.
Zivim, zivim za tebe
zivio bi' i ranije
sve nek' ide samo ti 
ostani, ostani

Spavaj, spavaj budi tu 
na mom toplom ramenu
sve nek' ide samo ti 
ostani, ostani

Na zidu moga sivila
ti si slika najljepsa
sto zivot mi produzuje
sto mi snagu poklanja

Ref.

Ko mjesec iznad oblaka
cuvam ljubav najljepsu
da ljudi je ne pronadju
da mi je ne oduzmu

Ref.","https://tekstovi.net/2,221,5722.html",,Mjesec iznad oblaka,Moon Above The Clouds,,"U tajnom gradu srca mog
skrivenom u predgrađu
ja čuvam tebe najdraža
da mi te ne pronađu. Bez tebe ja sam nevažan
bez tebe, ja sam samo zrak
ko' mjesec iznad oblaka
ti mi svjetliš u moj mrak. Od pogleda ja sakrivam
tvoje osmjehe i plač
da ne bi nas razdvojio
tuđe ljubomore mač. [Refreng
Živim, živim za tebe
živio bih i ranije
sve nek' ide, samo ti
ostani, ostani. Spavaj, spavaj budi tu
na mom toplom ramenu
sve nek' ide, samo ti
ostani, ostani. Na zidu moga sivila
ti si slika najljepša
što život mi produžuje
što mi snagu poklanja. [Refren]. Ko' mjesec iznad oblaka
čuvam ljubav najljepšu
da ljudi je ne pronađu
da mi je ne oduzmu. [Refren]","In the secret city of my heart
Hidden in the suburb
I guard you, my beloved
So they wouldn't find you.. Without you, I'm unimportant
Without you, I'm only air
Like the moon above the clouds
Youspread a light into my darkness. I keep your smiles and cries
Out of sight
So we wouldn't be separated
By the sword of someone else's jealousy. (Chorus)
I live, I live for you
I would have lived earlier
May everything go away, just you
Stay, stay. Sleep, sleep, be here
On my warm shoulder
May everything go away, just you
Stay, stay. On the wall of my drab
You are the most beautiful picture
All that prolongs my life
What gives me strength. (Chorus). Like the moon above the clouds
I keep the most beautiful love
So people wouldn't find it
So they wouldn't take it away from me. (Chorus)",https://lyricstranslate.com/en/mjesec-iznad-oblaka-moon-above-clouds.html,['Petar Grašo'],https://diskografija.com/pjesma/mjesec-iznad-oblaka-1100.htm,Mjesec iznad oblaka,,,,,,,,
nkaHNg1X_1_21,Petar Grašo,Petar Grašo,Moje zlato,50706,"Prije tebe zivot moj
pucanj bija je u prazno
i sve druge ne stanu
ni u rubriku pod razno

Tvoji otisci su tu
na mome srcu ka na casi
prava ljubav nikad ne promasi
 
Skupa smo se smijali
skupa plakali bez stida
i sad sam k'a i vojnik ja
koji epolete skida

I znam da nisam svetac
i znam da imam milijun mana
al' te volim sve do zadnjeg dana

Ref. 2x
(Ma) Ko ce nego ja 
moje zlato jubit'
'ocu da se zna, 'ej da se zna
da volim te jos, volim za poludit'

Ref.

I kunem ti se jednu stvar
gori nisam moga bit'
i dok me nisi dotakla
ja sam bija gluv i slip
jer nista mi nije
od nas vaznije

I ko ce

Ref.","https://tekstovi.net/2,221,49288.html",,Moje zlato,My treasure,Mjesec iznad oblaka,"Prije tebe život moj
1
Pucanj bija je u prazno,
I sve druge ne stanu
Ni u rubriku ""pod razno"".
Tvoji otisci su tu
Na mome srcu ka' na čaši,
Prava jubav nikad ne promaši.. Skupa smo se smijali,
Skupa plakali bez stida.
Sad san ka' i vojnik ja
Koji epolete skida.. I znan da nisan svetac,
i znan da iman miljun mana,
Al' te volin ...Sve do zadnjeg dana.. KO ĆE NEGO JA
MOJE ZLATO JUBIT?
OĆU DA SE ZNA, EJ, DA SE ZNA
DA VOLIN TE JOŠ
VOLIN ZAPOLUDIT. Kunen ti se, jednu stvar,
Gori nisan moga bit,
Dok me nisi dotakla
Ja san bija gluv i slip. Jer ništa mi nije od nas važnije...","My life was shot in the dark
Before you,
And all other women don't fit
Even in the rubric ''miscellaneous''.
Your fingerprints are here,
On my heart like on the glass,
Real love never misses(makes a mistake).. We laughed together,
We cried together without shame.
I am now like a solder
Who takes off the shoulder straps.. I know that I'm not saint,
I know I have a milion negative sides,
But I love you... Until the last day.. Who but me
Will kiss my treasure?
I want you all to know, hey, to know
That I still love you,
Love you (so much) so I will go crazy. I swear to you, one thing,
I couldn't be worst,
Untill you didn't touch me
I was deaf and blind. Because nothing is more important to me than us...",https://lyricstranslate.com/en/moje-zlato-my-treauser.html,['Petar Grašo'],https://diskografija.com/pjesma/moje-zlato-25818.htm,Moje zlato,,,,,,,,
nkaHNg1X_1_22,Petar Grašo,Petar Grašo,"More i ja, more i ti",16151,"Pobit' cu nocas u note i stih 
jer jos te ima u svakon od njih
tamo dise jos sve sta znaci mi
more i ja, more i ti

Covik se rodi i umire sam
al' postoji misto di siguran san
tamo dise jos sve sta znaci mi
more i ja, more i ti
 
Ja jos sam tvoj, jos me 
ova jubav tuce ka' i grom
ja jos sam tvoj, 
dok me muce 
glad i zedj za tobom
jos je moje more 
tvome vitru dom

Covik se rodi i umire sam
al' postoji misto di siguran sam
tamo dise jos sve sta znaci mi
more i ja, more i ti

Ja jos sam tvoj, jos me 
ova jubav tuce ka' i grom
ja jos sam tvoj, 
dok me muce 
glad i zedj za tobom 
jos je moje more 
tvome vitru dom

Ja jos sam tvoj, jos me 
ova jubav tuce ka' i grom
ja jos sam tvoj, 
dok me muce 
glad i zedj za tobom 
jos je moje more 
tvome vitru dom

jos je moje more 
tvome vitru dom","https://tekstovi.net/2,221,2699.html",,,,,,,,['Petar Grašo'],https://diskografija.com/pjesma/more-i-ja-more-i-ti-1124.htm,"More i ja, more i ti",,,,,,,,
nkaHNg1X_1_23,Petar Grašo,Petar Grašo,Najteza ric,19230,"Ponovo si bez da san prista 
kroz moj zivot krenila 
i u srcu mom si pronasla mista
sta san za te cuva ja

A prid sviton ja san Bogon se klea
da san sve tvoje spalia
i zbog onog sta san za tebe prosa 
da si za me umrla
 
Znas od onda kad san za tebe cvita
kad san lip dan po tebi zva
i zbog tebe kad san zamalo umra
rekupera se nisan ja 

I ne spominjem te nigdi i nikom
progucam ric, kad krene van
a sve su samo lutke sa tvojon slikom 
s kojon guran ovaj bezimeni dan

Ref.
I dode mi da poludim
jer zivot ne ide
bez tebe, bez tebe

I dode mi da poludim
di ponos caruje
tu jubav nece pric
di ponos caruje
oprosti mi je najteza ric","https://tekstovi.net/2,221,5723.html",,,,,,,,['Petar Grašo'],https://diskografija.com/pjesma/najteza-ric-1133.htm,Najteža rič,,,,,,,,
nkaHNg1X_1_24,Petar Grašo,Petar Grašo,Ne boli me,18592,"Tvoje srce bilo je
prvi susid do moga
budilo me jutrom
priko prozora

Ali sudbine
staklo palo je
i puklo je
i puklo je
nadvoje
 
I skupija san hrabrost svu
cili svit u kuferu
i dvi tvoje suze
na mom prozoru

Ali nisan zna
konope drzat ja
konope sta
srca su nan vezala

Ref.
Ne boli me
ne boli me
sta san bez srice
sta san bez nje

I nije sta zivot san ranija svoj
nego san isto
bas isto ka moj
ja satra cili zivot tvoj","https://tekstovi.net/2,221,5705.html",,,,,,,https://lyricstranslate.com/en/translator/mabushii?page=1,['Petar Grašo'],https://diskografija.com/pjesma/ne-boli-me-1105.htm,Ne boli me,1997 - Mjesec iznad oblaka,2005 - Uvertira,,,,,,
nkaHNg1X_1_25,Petar Grašo,Petar Grašo,Ne znan za se,6185,"Ref. 
Ne znan za se, ne znan za se
samo rijetko ja se sastavim
ziv sam samo, ziv sam samo
kad' se s tobom zamislim

Ne znan za se, ne znan za se
samo rijetko ja se sastavim
slomit' ce me jutra plava
ako ja bez tebe ostarim
 
Kad te Bog u dusu takne
kao sta si mene ti
i na uho nesto sapne 
sta ti zivot promini

Stavi srca dva u jedno
to za zivot dosta je
kad te ljubav
 prave zene dotakne

Slomit ce me jutra plava
ako ja bez tebe ostarim

Ref. 2x","https://tekstovi.net/2,221,52738.html",,Ne znan za se,I don't know about myself,,"Refren
1
Ne znan za se ne znan za se
samo rijetko ja se sastavim
živ sam samo živ sam samo
kad se s tobom zamislim. Ne znan za se ne znan za se
samo rijetko ja se sastavim
slomit će me jutra plava
ako ja bez tebe ostarim. Kad te Bog u dušu takne
ka šta si mene ti
i na uho nešto šapne
šta ti život promini. Stavi srca dva u jedno
to za život dosta je
kad te jubav prave žene
dotakne. Refren
Ne znan za se ne znan za se
samo rijetko ja se sastavim
živ sam samo živ sam samo
kad se s tobom zamislim. Ne znan za se ne znan za se
samo rijetko ja se sastavim
slomit će me jutra plava
ako ja bez tebe ostarim. Stavi srca dva u jedno
to za život dosta je
kad te jubav prave žene
dotakne. Ne znan za se ne znan za se
samo rijetko ja se sastavim
slomit će me jutra plava
ako ja bez tebe ostarim. slomit će me jutra plava
ako ja bez tebe ostarim. Ne znan za se ja ne znan za se
Ne znan za se ja ne znan za se.... Ne znan za se ja ne znan za se
samo rijetko ja se sastavim","Refrain:
I don't know about myself, I don't know about myself
I rearly pull myself together
I'm only alive, I'm only alive
when i picture myself with you. I don't know about myself, I don't know about myself
I rearly pull myself together
Blue mornings will break me
If i get old without you. When God touches your soul
like you touched mine
and wisper in your ear
what changed your life. Put two hearts in one
that's enough for life
when a true woman's life
touches you. Refrain:
I don't know about myself, I don't know about myself
I rearly pull myself together
I'm only alive, I'm only alive
when i picture myself with you. I don't know about myself, I don't know about myself
I rearly pull myself together
Blue mornings will break me
If i get old without you. Put two hearts in one
that's enough for life
when a true woman's life
touches you. I don't know about myself, I don't know about myself
I rearly pull myself together
Blue mornings will break me
If i get old without you. Blue mornings will break me
If i get old without you. I don't know about myself, I don't know about myself
I don't know about myself, I don't know about myself... I don't know about myself, I don't know about myself
I rearly pull myself together",https://lyricstranslate.com/en/ne-znan-za-se-i-dont-know-about-myself.html,,,,,,,,,,,
nkaHNg1X_1_26,Petar Grašo,Petar Grašo,Nece nas zauvik bit',5674,"Ref. 2x
Nece nas, nece nas
zauvik bit'
trosin se i zivin
razlog da se smirin
ja ne vidin
 
Nece nas, nece nas
zauvik bit'
bija bos il' bija car
moj je zivot dar - mar
al' je zivit' najboja stvar

Prolazi, prolazi, prolazi sve
da san ti, zivote sve o' sebe
sad u zadnji dzep
za me stavi jos minuta pet

Pa da vratin sve
prvu jubav, smij, veselje
i sve prijateje
bez nji' sve je prazno, prolazno

Ref.

Sad u zadnji dzep
za me stavi jos minuta pet

Pa da vratin sve
opet zovnen kumpaniju
pa da kontra sviju
cilo srce damo
jer znamo

Ref.

Al' je zivit' najboja stvar","https://tekstovi.net/2,221,61767.html",,Neće nas zauvik bit,We Won't Be Around Forever,,"Neće nas, neće nas zauvik bit
1
Trošin se i živin
Razlog da se smirin
Ja ne vidin. Neće nas, neće nas zauvik bit
Bija bos, il bija car
Moj je život dar-mar
Al' je živit najbolja stvar. Prolazi, prolazi, prolazi sve
Da san ti, živote, sve od sebe
Sad u zadnji džep
Za me stavi još minuta pet
Pa da vratin sve
Prvu ljubav, smij, veselje
Ionako sve je bez ljubavi prazno,
Prolazno.... Neće nas, neće nas zauvik bit
Trošin se i živin
Razlog da se smirin
Ja ne vidin. Neće nas, neće nas zauvik bit
Bija bos, il' bija car
Moj je život dar-mar
Al' je živit najbolja stvar. Pa da vratin sve
Opet zoven kumpaniju
Pa da kontra sviju
Cilo srce damo jer znamo. Neće nas zauvik bit...","We won't, we won't be around forever
I spend myself and I live
I don't see
A reason to settle down. We won't, we won't be around forever
Whether I am poor or an emperor
My life is a mess
But to live is the greatest thing. Everything goes, goes , goes by
I gave you, my life, all I had
Now put five more minutes
For me in your back pocket
So I could give back everything
First love, laughter, joy
Everything is anyway empty without love,
Transient.... We won't, we won't be around forever
I spend myself and I live
I don't see
A reason to settle down. We won't, we won't be around forever
Whether I am poor or an emperor
My life is a mess
But to live is the greatest thing. I want to give back everything...
I call my friends again
So we would give our whole heart
In spite to them all cause we know. We won't be around forever...",https://lyricstranslate.com/en/nece-nas-zauvik-bit-we-wont-be-around-forever.html,,,,,,,,,,,
nkaHNg1X_1_27,Petar Grašo,Petar Grašo,Nek' pisma ostane,10941,"Mozda je bilo rana 
al' rane zacijele 
a tuge lipih dana 
mene su nacele 

Bilo je suza, vina 
zivot ukrade sve 
al' srce nije stina 
vrime ga razbije 
 
Ref.
Judi, nek' vas cuva Bog 
ostavljan van pismu 
ka' komad srca svog 
i nek ona vrati me 
vrati dane, dane 
kad ste bili kraj mene 

Zivot bija mi je drag
ostavljan vam pismu 
ka' zvizda nebom trag 
i nek' ona vrati me 
vrati dane, dane 
kad ste bili kraj mene 

Zavrsi svaka prica 
polako nestane 
kad gasne moja svica 
nek' pisma ostane

Ref.

Vrati dane, dane
kad ste bili kraj mene","https://tekstovi.net/2,221,5711.html",,,,,,,,['Petar Grašo'],https://diskografija.com/pjesma/nek-pisma-ostane-1112.htm,Nek pisma ostane,1999 - Utorak,2005 - Da te mogu pismom zvati - Libar I,,,,,,
nkaHNg1X_1_28,Petar Grašo,Petar Grašo,Nevista,65155,"Da si, da si moja nevista
ne bi prazna bila postelja 
od moga tila 

Ne bi sad kad zivot privrtim
ima zelju da sve ostavim
da jos jednon okusin 

Ref.
Misno vino s tvojih usana 
Bog i loza da da me opija 
pet, sest dana jos bi patija
sedmi puka ja, pa te molija 
da mi budes ti moja nevista","https://tekstovi.net/2,221,5708.html",,Nevista,Bride,,"Da si, da si moja nevista
Ne bi prazna bila postelja
Od moga tila
Ne bi sad kad život privrtim
Ima želju da sve ostavim
Da još jednon okusin. Misno vino s tvojih usana
Bog i loza da
Da me opija
Pet, šest dana još bi patija
Sedmi puka ja pa te molija
Da mi budeš ti moja nevista
Da mi budeš ti moja nevista. Da si, da si moja nevista
Ne bi prazna bila postelja
Od moga tila
Ne bi sad kad život privrtim
Ima želju da sve ostavim
Da još jednon okusin. [Pripjev]
Misno vino s tvojih usana
Bog i loza da
Da me opija
Pet, šest dana još bi patija
Sedmi puka ja pa te molija. Misno vino s tvojih usana
Bog i loza da
Da me opija
Pet, šest dana još bi patija
Sedmi puka ja pa te molija
Da mi budeš ti moja nevista
Da mi budeš ti moja nevista. [Pripjev]","If you were to be, to be my bride
Bed wouldn't be empty
When it comes to my body
I wouldn't have the wish,
After rewinding my life, to leave everything and
To taste once more. Sacramental wine from your lips
God and the vine to
To intoxicate me
I would hurt for five, six more days
I would explode the seventh day and than beg you
To be my bride
To be my bride. If you were to be, to be my bride
Bed wouldn't be empty
When it comes to my body
I wouldn't have the wish,
After rewinding my life, to leave everything and
To taste once more. [Refrain]
Sacramental wine from your lips
God and the vine to
To intoxicate me
I would hurt for five, six more days
I would explode the seventh day and than beg you. If you were to be, to be my bride
Bed wouldn't be empty
When it comes to my body
I wouldn't have the wish,
After rewinding my life, to leave everything and
To taste once more. [Refrain]",https://lyricstranslate.com/en/nevista-bride.html,['Petar Grašo'],https://diskografija.com/pjesma/nevista-1117.htm,Nevista,1999 - Utorak,2005 - Uvertira,2005 - Da te mogu pismom zvati - Libar III,,,,,
nkaHNg1X_1_29,Petar Grašo,Petar Grašo,Ni mrvu srice,22966,"Zlatna ti zora bilo lice ljubi
ka' rosa cvice, ka' rosa cvice
kad lipo sanjas zasto mi te budi
zasto vec svice, zasto vec svice
pred tobom klece andjeli i ljudi
moja ces biti tako nebo sudi
 
Ref.
I pojdi, pojdi za mene
jer toliko te jubim
pojdi, pojdi za mene
da kraj tebe se budim
ni mrvu srice ja ne bi' ima
da mi te nima

Zlatna ti kosa pala sa kusina
na moje rame, na moje rame
od miliun ruza jedna dusu ima
i cvita za me, i cvita za me
pred tobom klece andjeli i ljudi
moja ces biti tako nebo sudi

Ref.","https://tekstovi.net/2,221,5707.html",,"Ni Mrvu Sriće (I Pojdi, Pojdi Za Mene)","Not a little bit of luck (And marry, marry me)",,"Zlatna ti zora bilo lice jubi,
Ka rosa cviće, ka rosa cviće
Kad lipo sanjaš zašto mi te budi,
Zašto već sviće, zašto već sviće.... Prid tobom kleče anđeli I judi,
Moja ćeš biti, tako nebo sudi.. Ti pojdi, pojdi za mene,
Jer toliko te jubin
I pojdi, pojdi za mene,
Da kraj tebe se budin .
Ni mrvu sriće ja ne bi ima
Da mi te nima.. Zlatna ti kosa pala sa kušina,
Na moje rame, na moje rame.
Od mijun ruža jedna dušu ima
I cvita za me I cvita za me...","The golden dawn kisses your white face,
Like the dew kisses the flowers, like dew the flowers
While you dream sweetly why would I wake you,
Why does it dawn already, why does it dawn already.... In front of you men and angels kneel,
You will be mine, the Heaven wants it that way. You marry, marry me,
Because I love you so much
And marry, marry me,
So I would wake beside you.
I wouldn't have even a little bit of luck
If I wouldn't have you.. Your golden hair fell of the cushion,
Onto my shoulder, onto my shoulder.
Of a million roses one has a soul
And it blooms for me, and it blooms for me...",https://lyricstranslate.com/en/ni-mrvu-sri%C4%87e-i-pojdi-pojdi-za-mene-not-little-bit-luck-and-marry-marry-me.html,['Petar Grašo'],https://diskografija.com/pjesma/ni-mrvu-srice-1131.htm,Ni mrvu sriće,2001 - Neizrecivo dobro izdanje,2001 - Dora 2001,2003 - Šporke riči,2005 - Uvertira,2006 - Da te mogu pismom zvati - Libar VI,['Zdenko Runjić'],['Nenad Ninčević'],['Nikša Bratoš']
nkaHNg1X_1_30,Petar Grašo,Petar Grašo,Nisan vise ja sa njom (duet Dino Radjo),24958,"Nisan vise ja sa njon
ne smin naglas reci to
da se ne cujen, kada zaplacen
i kad zadrcen za njon

Nisan vise ja sa njon
ne smin naglas reci to
svi pomozite, svi joj recite
da cu umrit s' tugon tom

Ide zivot, sta cu s njin
bez nje ja ne postojin
njeno tilo fali mom
spavan ja sa nemiron
nisan vise ja sa njon","https://tekstovi.net/2,221,5709.html",,Nisam više ja sa njon,I'm not with her anymore,,"Nisan više ja sa njon
1
Ne smin naglas reći to
Da se ne čuje kada zaplačen
I kad zadrćen za njon. Nisan više ja sa njon
Ne smin naglas reći to
Svi pomozite, svi joj recite
Da ću umrit s tugon ton. Nisan više ja sa njon. Ide život šta ću s njin
Bez nje ja ne postojin
Njeno tilo fali mon
Spavan ja sa nemiron","I'm not with her anymore
I can't say that on loud
So nobody can hear when I cry
And when I tremble for her. I'm not with her anymore
I can't say that on loud
Help me, everybody, all of you tell her
That I will die with this sadness. I'm not with her anymore. The life is going on
Without her I doesn't exist
I miss her body
I sleep with unrest",https://lyricstranslate.com/en/nisan-vise-ja-sa-njon-im-not-her-anymore.html,,,,,,,,,,,
nkaHNg1X_1_31,Petar Grašo,Petar Grašo,Odlucio sam slijediti Krista,15839,"Ljubavlju vjecnom ljubim te
zato ti sacuvah milost 

Ref. 2x
Odlucio sam slijediti Krista
odlucio sam slijediti Krista
odlucio sam slijediti Krista
necu se vratit' nikada
 
Ref.

Da niko nece ja idem za njim
da niko nece ja idem za njim
da niko nece ja idem za njim
necu se vratit' nikada

Krist je preda mnom, a svijet je za mnom
Krist je preda mnom, a svijet je za mnom
Krist je preda mnom, a svijet je za mnom
necu se vratit' nikada

Ref.

Aleluja, aleluja, aleluja, aleluja, aleluja
aleluja, aleluja, aleluja, aleluja, aleluja, aleluja

Uzmite sav svijet, dajte mi Krista
uzmite sav svijet, dajte mi Krista
uzmite sav svijet, dajte mi Krista
necu se vratit' nikada

Ref. 2x

Ref.

Ref. 4x","https://tekstovi.net/2,221,19643.html",,,,,,,,,,,,,,,,,,
nkaHNg1X_1_32,Petar Grašo,Petar Grašo,Otkad nije mi tu,14375,"Ljubiti il' gubiti
sasvim svejedno je sad
ostati il' nestati
negdje u daleki grad

Jer ja, otkad sam sam
ja ne znam sto donosi dan
novu ljubav i jos jednu bol
 
Ref,
Ne vidim, ja ne vidim
otkada nije mi tu
ali i kad progledam
vidjet cu nju, samo nju

Jer dan, dobar je dan
tek kada se nasmijem ja
Boze, daj mi, da kraj mene sja

Prijatelj si jedini
reci mi kako bez nje
previse sam brinuo
previse dao za nas

A, kad pogresnu znas
i pogresno ljubav ti das
znaj da jednom
ti ostat ces sam","https://tekstovi.net/2,221,5710.html",,,,,,,,['Petar Grašo'],https://diskografija.com/pjesma/otkad-nije-mi-tu-1102.htm,Otkad nije mi tu,1996 - Dora 1996,1997 - Mjesec iznad oblaka,,,,['Petar Grašo'],['Vjekoslava Huljić'],
nkaHNg1X_1_33,Petar Grašo,Petar Grašo,Prije bi umra,18662,"Evo me opet 
di mislin na nas 
nevin ka' dite
a bisan ka' pas 

I zaborav zoven
a staje mi dah
jer posli tebe ostaje 
tek pepel i prah 
 
Ref.
Prije bi umra, umra, umra 
nego ti prizna sve 
prizna da rasula si me
prizna da lud sam bez tebe 

Godine idu, idu, idu 
ja vise nisam svoj 
'ko me je natira na nju 
zivote moj 

Tece nan vrime
ka' pjescani sat 
sritnima brzo 
tuznim nikada stat' 

Ja plovin i tonen 
u isti mah
jer posli tebe ostaje 
tek pepel i prah 

Ref.

K'o pustinja suv
ni vodu, ni kruh 
na putu svon ne vidin ja 
ja gazin svoj put
jos za me ces cut' 
jos do kraja nisan se da ","https://tekstovi.net/2,221,5712.html",,,,,,,,['Petar Grašo'],https://diskografija.com/pjesma/prije-bi-umra-1114.htm,Prije bi umra,,,,,,,,
nkaHNg1X_1_34,Petar Grašo,Petar Grašo,Prokleto sam,16527,"Svega tvoga, evo se, odricem
odavno drugoj govorim da sam njen
i da se takve kao ti pribole za tren
kupujem ljubav lazima
al' presutim to sto samo Bog zna

Ref. 2x
Nista mi ne znaci k'o ti
molim te, ne placi, kriva si
kriva za svaki dan sta zivim sa njom
a prokleto sam
 
Zivot vraca sve
oko za oko, zub za zub
sada kajes se ti
al' ova bol je preskupa 
da suzama joj vratis dug

Ref.

Ova prevara me kostala zivota
i tvoje suze samo tvoja su sramota
jer si kriva za svaki dan sta zivim sa njom
a prokleto sam","https://tekstovi.net/2,221,20859.html",,,,,,,,['Petar Grašo'],https://diskografija.com/pjesma/prokleto-sam-9120.htm,Prokleto sam,,,,,,['Tonči Huljić'],['Petar Grašo'],['Nikša Bratoš']
nkaHNg1X_1_35,Petar Grašo,Petar Grašo,Prosjak ljubavi,24541,"Ja san disperan
ni jednom mistu na tom svitu ja ne pripadan
 bila noc il' dan
meni je pisma ka i vino, od nje ja san pjan

 Mlad i umoran, ja ne znam kako
 ali znan da moran dalje sam
 nosit' ovaj kriz bez mrve kajanja
 al' da se opet rodin isti put bi izabra
 
Ja san disperan
al' mozda vise od zivota ja i ne tribam
 sve sto zelin ja
 je bokun sunca i jedno srce da mu svoje dam

Sam i nevojan i zadnju kapju 
ove duse ne bi zalia
za nju bolova i za nju zivija
al' da se opet rodin isti put bi izabra

Ref.
Ja nisam prosjak ljubavi
al' putem srca ja cu poci
da sricu sebi pronadjem
jer bez nje dalje necu moci

Ja nisam prosjak ljubavi
ali kad se konti zbroje
i kada dodje sve na svoje
vidim da sam sam
izblidija je san, ja san disperan","https://tekstovi.net/2,221,8878.html",,,,,,,,['Petar Grašo'],https://diskografija.com/pjesma/prosjak-ljubavi-1103.htm,Prosjak ljubavi,1997 - Mjesec iznad oblaka,2005 - Uvertira,2005 - Da te mogu pismom zvati - Libar II,2008 - Ljubav se zove imenom tvojim,,,,
nkaHNg1X_1_36,Petar Grašo,Petar Grašo,Sad te se samo rijetko sjetim (feat. Arsen Dedic),91930,"Uvijek tako pocinje, polja cvatu
cuvaj tamne bisere na svom vratu
prva si rekla ti ""s tobom cu stajati""
i kada bogovi dignu glas
prva si rekla ti ""to mora trajati""
jednom davno smo imali nas
 
Ref.
Sad te se samo rijetko sjetim
prolaze dani, vrijeme leti
kako se poruse sni 
a isto smo sanjali

Sad te se samo rijetko sjetim
gdje li si zimi, gdje si ljeti
vec je hladno, ruke mi zgrij

Uvijek sve zavrsava blize bolu
mrvice od ljubavi na tvom stolu
jednom si rekla ti ""zbogom, oprosti mi""
i sve je nestalo ko za cas
jednom si rekla ti ""ne znam se kajati""
jednom davno smo imali nas

Ref.

Vec je hladno, moje slabe ruke zgrij 

Ref.

Vec je hladno ruke mi zgrij
uvijek sve zavrsava 
blize bolu 
blize bolu","https://tekstovi.net/2,221,2695.html",,Sad te se samo rijetko sjeti,Now I only rarely remember you,,"Uvijek tako počinje, polja cvatu
1
čuvaj tamne bisere na svom vratu
Prva si rekla ti s tobom ću stajati
I kada bogovi dignu glas
Prva si rekla ti to mora trajati
Jednom davno smo imali nas. Sad te se samo rijetko sjetim
Prolaze dani, vrijeme leti
Kako se poruše sni a isto smo sanjali
Sad te se samo rijetko sjetim
Gdje li si zimi gdje si ljeti
Već je hladno ruke mi zgrij. Uvijek sve završava bliže bolu
Mrvice od ljubavi na tvom stolu
Jednom si rekla ti zbogom oprosti mi
I sve je nestalo ko za čas
Jednom si rekla ti ne znam se kajati
Jednom davno smo imali nas. Sad te se samo rijetko sjetim
Prolaze dani, vrijeme leti
Kako se poruše sni a isto smo sanjali
Sad te se samo rijetko sjetim
Gdje li si zimi gdje si ljeti
Već je hladno ruke mi zgrij
(već je hladno, moje slabe ruke zgrij)","It always begins like that - fields are flourishing.
Keep safe those dark pearls around your neck.
You were the first who said: ''It must last
even when goods rise their voice.''
You were the first who said: ''I will stand by you.''
Once upon a time we had us.. Now I only rarely remember you,
Days are passing away, time is flying.
How easy dreams are ruined and we dreamed the same (dreams).
Now I only rarely remember you,
Where are you during winter, where are you during summer?
It's already cold, warm up my hands.. Everything always ends closer to pain,
Crumbs of love on your table.
You once said: ''Goodbye, forgive me.''
And everything disappeared in a moment
You once said: ''I don't know how to repent.''
Once upon a time we had us.. Now I only rarely remember you,
Days are passing away, time is flying.
How easy dreams are ruined and we dreamed the same (dreams).
Now I only rarely remember you,
Where are you during winter, where are you during summer?
It's already cold, warm up my hands.
(It's already cold, warm up my hands.)",https://lyricstranslate.com/en/sad-te-se-samo-rijetko-sjeti-now-i-only-rarely-remember-you.html,['Petar Grašo'],https://diskografija.com/pjesma/sad-te-se-samo-rijetko-sjetim-1126.htm,Sad te se samo rijetko sjetim,2003 - Šporke riči,2005 - Uvertira - Petar Grašo & Arsen Dedić,,,,,,
nkaHNg1X_1_37,Petar Grašo,Petar Grašo,Sporke rici,29566,"Sidi da ti kazen sve
za sve puste godine
za sve ono sta san ja
davno skupija, tu u grudima

Stalno nanosis mi bol
valjda to je nacin tvoj
svaka nasa vecera 
ima okus nemira ka' i poslidnja
vrag nek me odnija 
sta sam sve podnija ja
 
Ref.
Sporke rici svaki dan
casu bisa priliva
ne triba mi to
ne triba mi to, ne triba mi to

Sporke rici svaki dan
casu bisa prilivan
more tuge, suza sto 
od nas ostalo, od nas ostalo
a ne triba mi to

Da bar nisam s tobom tu
samo pljucan prasinu
da je srce isprati 
s' malo ciste jubavi
sta isporkala si ti
vrag nek me odnija
sta sam sve podnija ja

Ref.

Sidi da ti kazen sve
za sve puste godine
za sve ono sta san ja
davno skupija, tu u svojim grudima

Ref.","https://tekstovi.net/2,221,5773.html",,,,,,,,['Petar Grašo'],https://diskografija.com/pjesma/sporke-rici-1123.htm,Šporke riči,,,,,,,,
nkaHNg1X_1_38,Petar Grašo,Petar Grašo,Srce za vodica (feat. Hana Huljic),10525,"Sto sam sve propustio
dok te nisam vidio
oci sam otvorio i odmah znao

Jedan na jedan, to smo ja i ti
sad se ne bojim ti reci ni priznati
makar mi nije to lako
 
Ref.
Ja uzimam srce za vodica
ne pitaj, znam da smo srodna bica
to ljubav je sto se rijetko vidja
i to je nasa prica

Da l' je sve to istina
bojim se bit' radostan
nada se izgubila odavno, odavno

Al' nekad nebesa znaju mijenjati svoj plan
andjeo cuvar je dovoljan jedan
da zivot na drukcije gledam

Ref. 2x","https://tekstovi.net/2,221,51661.html",,Srce za vodiča,Heart for a Guide,,"Što sam sve propustio
1
Dok te nisam vidio...
Oči sam otvorio i odmah znao
Jedan na jedan, to smo ja i ti.
Sad se ne bojim ti reći ni priznati
Makar mi nije to lako.... (Pripjev)
Ja uzimam srce za vodiča
Ne pitaj, znam da smo srodna bića
To ljubav je što se rijetko viđa
I to je naša priča. Dal' je sve to istina?
Bojim se bit' radostan.
Nada se izgubila odavno, odavno,
Al' nekad nebesa znaju mijenjati svoj plan.
Anđeo čuvar je dovoljan jedan
Da život-na drukčije gledam. (Pripjev)","Everything I've missed
Until I saw you
I opened my eyes and I already knew
One on one, just you and I
Now I'm not afraid to tell you or confess
Although it's not easy. (Chorus)
I'm taking a heart for a guide
Don't ask, I know we're soulmates
That love is rarely seen
And that's our story. Is everything there true?
I'm afraid to be happy
Hope was lost a long, long time ago
But sometimes heavens can change their plan
Guardian angel, just one is enough
For me to look at life differently. (Chorus)",https://lyricstranslate.com/en/srce-za-vodi%C4%8D-heart-guide.html,['Petar Grašo'],https://diskografija.com/pjesma/srce-za-vodica-26577.htm,Srce za vodiča,,,,,,,,
nkaHNg1X_1_39,Petar Grašo,Petar Grašo,Sta je tribalo mi to,22440,"Kad ugrize nas zub 
od vrimena i pomuti sjaj
znam da nije svak' 
pametan i jak
kad se cuti kraj

Al' kako mozes ic' 
i priko svega pric'
bez da pustis glas
i prigorit sve lipe godine
sta su iza nas
 
Ref.
Sta je tribalo mi to
da te jubin toliko
i da dicjin ocima
ovu jubav gledan ja

Sta je tribalo mi to
da te jubin toliko
ja san triba prije znat'
da se ne smin cili dat'
ni u jude virovat'

Da sam bestija
dno od covika
lakse bilo bi jer proda' 
bi i cast za lazi i za strast
i bija bi ka' ti

Ref.","https://tekstovi.net/2,221,5774.html",,,,,,,https://lyricstranslate.com/en/translator/marina0166?page=1&sort=asc&order=Artist,['Petar Grašo'],https://diskografija.com/pjesma/sta-je-tribalo-mi-to-1122.htm,Šta je tribalo mi to,,,,,,,,
nkaHNg1X_1_40,Petar Grašo,Petar Grašo,Sta ti je svit,33719,"Sve lipe sate
provela mi dusa s tvojon
zivila za te
polili je ladnon vodon

Sta ti je svit
ne daju mi s tobom bit'
zivot moga' bi bit' lip
al' ima dana za umrit'
 
Sve zelje moje
zive isprid tvojih vrata
'di smo nas dvoje
sta je ostalo od zlata

Sta ti je svit
ne daju mi s tobon bit'
zivot moga' bi bit' lip
al' ima dana za umrit'","https://tekstovi.net/2,221,14568.html",,,,,,,,['Petar Grašo'],https://diskografija.com/pjesma/sta-ti-je-svit-5099.htm,Šta ti je svit,,,,,,,,
nkaHNg1X_1_41,Petar Grašo,Petar Grašo,Sto je to od mene ostalo (duet Doris Dragovic),47739,"Da je srce list duhana
pepeo i tama
da se zivo spalilo
i ne vrijedi da to znam
covjek kriv je sebi sam
sto je to od mene ostalo
 
Da ja ne vidim ni sjen
i nijednu zenu
pored zdravih ociju
i ne vrijedi da to znam
ja sam tobom zacaran
i sto je to, to od mene ostalo

Vidis i ti, sto i ja
da mi zivot propada
vidis i ti, sto i ja
zivot moj ti pripada
sto je to, to od mene ostalo","https://tekstovi.net/2,221,5777.html",,Što Je To Od Mene Ostalo,What's That That's Left Of Me,The Platinum Collection,"Da je srce list duhana
Pepeo i tama
Da se živo spalilo
I ne vrijedi da to znam
Čovjek kriv je sebi sam
Što je to od mene ostalo. Da ja ne vidim ni sjenu
I nijednu ženu
Pored zdravih očiju
I ne vrijedi da to znam
Ja sam tobom začaran
I što je to, to od mene ostalo. Vidiš i ti, što i ja
Vidiš i ti, što i ja
Što i ja
Da mi život propada
Da mi život propada
I propada
Vidiš i ti, što i ja
Vidiš i ti
Život moj ti pripada
Što je to, što je to
to od mene ostalo. Da je srce list duhana
Pepeo i tama
Da se živo spalilo
I ne vrijedi da to znam
Ja sam tobom začaran
I što je to, to od mene ostalo. I ne vrijedi da to znam
Čovjek kriv je sebi sam
Što je to od mene ostalo. Vidiš i ti, što i ja
Vidiš i ti, što i ja
Što i ja
Da mi život propada
Da mi život propada
I propada
Vidiš i ti, što i ja
Vidiš i ti
Život moj ti pripada
Što je to, što je to
To od mene ostalo. Vidiš i ti, što i ja
Vidiš i ti, što i ja
Što i ja
Da mi život propada
Da mi život propada
I propada
Što je to, što je to
To od mene ostalo. Da je srce list duhana
Pepeo i tama
Da se živo spalilo
I ne vrijedi da to znam
Ja sam tobom začaran
I što je to, to od mene ostalo","(D.D.)That the heart is a tobacco leaf,
Ashes and darkness,
That it was burned down alive -
And no use for me from knowing all that.
A person is to blame oneself.
What's that that's left of me?. (P.G. )For me not to see even a shadow
And no woman,
Although my sight is not impared,
And no use for me from knowing all that.
I'm enchanted by you.
And what is that, that that's left of me?. (Together) You see what I also see
You see what I also see
What I also see
That my life is going down
That my life is going down
And going down
You see what I also see
You see it also
My life belongs to you
What is that? What is that
That's left of me?. That the heart is a tobacco leaf,
Ashes and darkness,
That it was burned down alive -
And no use for me from knowing all that.
I'm enchanted by you.
And what is that, that that's left of me?. And there's no use for me to know that
A person is to blame oneself.
What's that that's left of me?. You see what I also see
You see what I also see
What I also see
That my life is going down
That my life is going down
And going down
You see what I also see
You see it too
My life belongs to you
What is that? What is that
That's left of me?. You see what I also see
You see what I also see
What I also see
That my life is going down
That my life is going down
And going down
What is that? What is that
That's left of me?. That the heart is a tobacco leaf,
Ashes and darkness,
That it was burned down alive -
And no use for me from knowing all that.
I'm enchanted by you.
And what is that, that that's left of me?",https://lyricstranslate.com/en/%C5%A1-je-od-mene-ostalo-whats-thats-left-me.html,,,,,,,,,,,
nkaHNg1X_1_42,Petar Grašo,Petar Grašo,Sve nas manje ima tu,26850,"Ako je volit bija grih
ja svoju kaznu sam platija
sve svoje dugove mu vratija
ka' lancun ja sam cist
i nek me judi ostave

Nad mojim suzama nek gustaju
nek' konci tuge me ne pustaju
nek' ne znan sta je smih
ako je volit bija grih
 
Ref.
Godinu po godinu
sve nas manje ima tu
i sve prazniji je sto
a cipa bol, a cipa bol

Pa se oci napune
kad ih tudje ne vide
i samoca zapriti
a falis ti, a falis ti
sve nas manje ima tu
godinu po godinu

Otvori dusu jubavi
da cujem jeku svoga imena
jer nema neba, nema vrimena
sto jude rastavi 
jer jubav uvik nastavi

Ref.","https://tekstovi.net/2,221,5776.html",,Sve nas manje ima tu,If to love was a sin,,"Ako je volit bija grih
ja svoju kaznu sam platija
sve svoje dugove mu vratija
ka' lancun ja sam čist
i nek me judi ostave. Nad mojim suzama nek guštaju
nek' konci tuge me ne puštaju
nek' ne znam šta je smih
ako je volit bija grih. Ref.
Godinu po godinu
sve nas manje ima tu
i sve prazniji je sto
a cipa bol, a cipa bol. Pa se oči napune
kad ih tuđe ne vide
i samoća zapriti
a fališ ti, a fališ ti
sve nas manje ima tu
godinu po godinu. Otvori dušu jubavi
da čujem jeku svoga imena
jer nema neba, nema vrimena
što jude rastavi
jer jubav uvik nastavi","If to love was a sin,
Then my sentence was served
My debts were all repaid
From shackles I was released
If only people now let me be. Let tears still fall down
In the sorrow to drown
Laughter to be unknown
If to love was a sin. [refrain]
Year after year
There are fewer of us left
The table is emptier
And pain leaves us bereft. Let tears fill your eyes
When strangers can't see
And loneliness threatens
I miss you so, miss you so much
There are fewer of us left
Year after year. Open your soul, beloved,
Let me hear the sound of my name
Neither heavens nor time exist
That can separate us
Because love is everlasting",https://lyricstranslate.com/en/sve-nas-manje-ima-tu-if-love-was-sin.html,['Petar Grašo'],https://diskografija.com/pjesma/sve-nas-manje-ima-tu-1132.htm,Sve nas manje ima tu,2000 - Split 2000,2000 - Tonika Hit No. 4,2003 - Šporke riči,2005 - Uvertira,,['Petar Grašo'],['Petar Grašo'],
nkaHNg1X_1_43,Petar Grašo,Petar Grašo,Trebam nekoga,83067,"Vracam ti se opet, Boze moj
da pokazes mi put
jer si jedini sto zna
da stjeran sam u kut

Nekog trebam ja trebam nekoga
nek prestane boljeti
nekog trebam ja trebam nekoga
ko ce me voljeti ja trebam nekoga
 
Ref.
Jer sam ja ko i svi
samo jedna dusa malena, uboga
i ja trebam nekog da me zagrli, utjesi
jer bez ljubavi i moje srce vene
ja trebam nekoga da bude kraj mene

Ja ne mogu vise, Boze moj
tu samocu podnijeti
kad bi mog'o novi dan
malo sunca donijeti","https://tekstovi.net/2,221,9140.html",Grašo Petar,Trebam nekoga,I need somebody,,"Vračam ti se opet, Bože moj
1
da pokažeš mi put
jer si jedini što zna
da stjeran sam u kut. Nekog trebam ja trebam nekoga
nek prestane boljeti
nekog trebam ja trebam nekoga
ko će me voljeti ja trebam nekoga. Ref.
Jer sam ja ko i svi
samo jedna duša malena, uboga
i ja trebam nekog da me zagrli, utješi
jer bez ljubavi i moje srce vene
ja trebam nekoga da bude kraj mene. Ja ne mogu više, Bože moj
tu samoću podnijeti
kad bi mog'o novi dan
malo sunca donijeti","I'm coming back to you, my God
to show me the way
beacuse You're the only one who knows
that I'm cornered. I need somebody, need somebody
to stop the pain
I need somebody, need somebody
who will love me, I need somebody. Because I'm like everyone else
just one little, poor soul
and I need somebody to hug me, to comfort me
because without love my heart fades
I need somebody to stand by my side. I can't anymore, my God
stand that loneliness
if only the new day could
bring some sun",https://lyricstranslate.com/en/trebam-nekoga-i-need-somebody.html,['Petar Grašo'],https://diskografija.com/pjesma/trebam-nekoga-1108.htm,Trebam nekoga,1997 - Mjesec iznad oblaka,2005 - Uvertira,2008 - 10 godina Zadarfesta,,,,,
nkaHNg1X_1_44,Petar Grašo,Petar Grašo,Utorak,151295,"Pred tebe razlit' cu svoju bol
k'o crno vino na bijeli stol
jos nosim onaj trag
sto boli al' je drag
a tebe nema i nema te

Prolazi jos jedan utorak
sve ide, znam
moram biti jak
al' cuvam jastuk nas
tek ako zalutas
a tebe nema i nema te

Ref.
I sve dok zivim
i dok imam glas
ja plakat' cu za nas
to me zivot okuje

I sve dok zivim
i dok imam glas
ja plakat' cu za nas
Boze daj da budem jak
da mi prodje utorak

Zivim k'o vuk 
ponosan i sam
ne znam za bol 
ljubav niti sram

Al' cuvam jastuk nas
tek ako zalutas
a tebe nema i nema te 

Ref. 2x","https://tekstovi.net/2,221,2694.html",,Utorak,Tuesday,,"Pred tebe razlit ću svoju bol
1
K'o crno vino na bijeli stol
Još nosim onaj trag
Što boli al' je drag
A tebe nema i nema te. Prolazi još jedan utorak
Sve ide, znam
Moram biti jak
Al' čuvam jastuk naš
Tek ako zalutaš
A tebe nema i nema te. I sve dok živim
I dok imam glas
Ja plakat ću za nas
To me život okuje
I sve dok živim
I dok imam glas
Ja plakat ću za nas
Bože daj da budem jak
Da mi prođe utorak. Živim k'o vuk ponosan i sam
Ne znam za bol, ljubav niti sram
Al' čuvam jastuk naš
Tek ako zalutaš
A tebe nema i nema te","I will spread all my pain in front of you
Like red vine over a white table
I still wear the stamp
Which hurts but is liked
And you're gone and you're gone.. Another tuesday passes by
Everything goes, I know
I have to be strong
But I hold on to our pillow
If you accidentally wander by
And you're gone and you're gone. And as long as I live
And as long as I have a voice
I will cry for us
Life put those chains on me
And as long as I live
And as long as I have a voice
I will cry for us
God, let me be strong
Let the tuesday go away. I live like a wolf, proud and alone
I know no pain, love or shame
Only if you accidentally wander by
And you're gone and you're gone",https://lyricstranslate.com/en/utorak-tuesday.html,['Petar Grašo'],https://diskografija.com/pjesma/utorak-1116.htm,Utorak,1999 - Utorak,2005 - Uvertira,2005 - Uvertira - uživo - Petar Grašo & Nina,,,,,
nkaHNg1X_1_45,Petar Grašo,Petar Grašo,Uvik isti,24096,"Nisan uvik bija
dobar za se
lipe bukune
drugima bi pustija

Al' nikad nisam minja
bandiru ni boje
samo prid ocem
ja bi glavu spustija
 
(I nek' sam)
Arcija i bancija
al' da mi srce sutra stane
blagoslovija bi sve te dane

Ref.
Ostat cu uvik isti
nikad se necu minjat
ostat cu uvik isti
u to se ne smi dirat

Kad budem ima dite
dispet ce isti imat
i ja san ka moj stari
ne dam se, ne dam minjat

A ovde vride stara pravila
i tu se dobro zna
il' imas dusu
il' si nula od covika

Ja nemam voje
nedosta dobre voje
kad oko srca
vec se skupja ruzina

I uvik prvi pate
neki dobri ljudi
i ti se pitas
zasto Bog ih uzima

Ref. 2x","https://tekstovi.net/2,221,45358.html",,Uvik isti,Always the same man,,"Nisan uvik bija dobar za se
1
Lipe bokune drugima bi pustija
Al' nikad nisan minja bandiru ni boje
Samo prid ocen ja bi glavu spustija
I arčija i bančija
Al da mi srce sutra stane,blagoslovija bi sve te dane. ostat ću uvik isti,nikad se neću minjat
ostat ću uvik isti,u to se ne smi dirat
kad buden ima dite,dišpet će isti imat
i ja san ka moj stari,ne dan se ,ne dan minjat
aaa ovde vride stara pravila, tu se dobro zna
il' i aš dušu il'si nula od čovika. Ja nemam bolje nego ostat dobre voje
Kad oko srca već se skupja ruzina
I uvik prvi parte neki dobri ljudi
I ti se pitaš zašto bog ih uzima. I nek san arčija i bančija
Al da mi srce sutra stane ,
Blagoslovija bi si sve te dane. ostat ću uvik isti...","I wasn't always good to myself
I'd leave the good things to others
But I never changed my flag or my colors
Only before my father I would ever bow my head
And I lived the life, had a good time
But if my heart stopped tomorrow, I'd bless all those days. I'll always remain the same man, I'll never change
I'll always remain the same man, no one can fight that
When I have a child, it will have the same spite as me
I'm like my father, I can't, I can't change.
Oooh old rules still apply here, it's well known
You either have a soul or you're no man. There's nothing better for me than keeping a good mood
While rust starts to gather around my heart
And the good people always leave first
And you're left wondering, why does God take them. And it's good that I lived the life
But if my heart stopped tomorrow
I'd bless all those days. I'll always remain the same man...",https://lyricstranslate.com/en/uvik-isti-always-same-man.html,['Petar Grašo'],https://diskografija.com/pjesma/uvik-isti-23530.htm,Uvik isti,,,,,,,,
nkaHNg1X_1_46,Petar Grašo,Petar Grašo,Vera od suvog zlata,57601,"Idem doma jer kasni je sat 
ona me ceka sva topla, sva meka 
da ne more spat' 
ja ljubin sve tise 
jer nista joj vise 
ja ne mogu dat' 
 
Nesto me gusi 
lezi na dusi 

Zna i ona da me je sram 
sta kraj nje san lega 
ramenima slega 
jer ne znam ni sam 
sta da joj kazen 
bez da joj lazen 
i tugu joj dan 

Nesto me gusi 
lezi na dusi 

Ja san volija nju 
duson i tilon 
sad se moran Sveton vodon 
polit' prid njon i sviton 

Ja san volija nju 
al' zatvaran vrata 
za ljubav falsu san da 
veru od suvog zlata 

Suti ona, sutin i ja 
i vec smo dugo 
jedno kraj drugog 
ka' noc i dan 
i nije mi lako zivit' ovako 
i bit' normalan","https://tekstovi.net/2,221,2489.html",,Vera od suvoga zlata,Wedding Ring Out Of Pure Gold,,"Idem doma, kasni je sat,
Ona me čeka, sva topla i meka,
Da ne more spat'.
Ja ljubin sve tiše,
Jer ništa joj više ja ne mogu dat'.. Nešto me guši...
Leži na duši.... Zna i ona da me je sram
Šta kraj nje san lega, ramenima slega.
Jer ne znam ni sam šta da joj kažen
Bez da joj lažen i tugu joj dan.. Nešto me guši...
Leži na duši.... (Pripjev)
Ja san volija nju dušon i tilon
Sad se moran Sveton vodon
Polit' prid njon i sviton
Ja san volija nju, al' zatvaran vrata
Za ljubav falšu san da
Veru od suvog zlata. Šuti ona, šutin i ja
I već smo dugo
Jedno kraj drugog ka' noć i dan.
I nije mi lako živit' ovako
I bit' normalan.. (Pripjev)","I'm going home, it's late,
She waits for me, all soft and warm,
Cause she can't sleep.
I kiss her more and more quiet,
Because there's nothing more I can give her.. Something is in my throat...
Lying on my soul.... She too knows I'm ashamed
For lying next to her, I I shruged my shoulders.
Because I don't know myself what to tell her
Without lying to her and giving her sadness.. Something is in my throat...
Lying on my soul.... (Chorus)
I loved her with my body and soul
Now I have to pour Holly water over myself
In front of her and the world
I loved her but I'm closing the door
In the name of a wrong love I gave
A wedding ring out of pure gold.. She keeps quiet, I keep quiet too
And it's been a long time that we are
Next to each other like night and day.
And it's not easy for me to live like this
And be normal.. (Chorus)",https://lyricstranslate.com/en/vera-od-suvoga-zlata-wedding-ring-out-pure-gold.html,,,,,,,,,,,
nkaHNg1X_1_47,Petar Grašo,Petar Grašo,Voli me,21646,"Ko pamti sve sve noci te
mamurluke i sjaj i godine lude
kroz svaki stih disem za njih
za moju mladost i za moje ljude

Ne nosim sat, sve more stat'
i sta se mene tice sta bude bice
srce se daje dok traje, traje
samo nam 'jubav ostaje
 
Ref.
Voli me, jer sam takvi kakvi jesam
voli me, lipo je lipo bit' za nekog vezan
voli me, jer sam takvi kakvi jesam
svaki je drugi za te covik pogresan

Ne nosim sat, sve more stat'
i da se opet rodim isto bi tija
s tobom se smija, sa drustvom pija
bija bi covik ka' sta sam bija

Ref.","https://tekstovi.net/2,221,58073.html",,Voli me,Love me,,"Ko pamti sve,
1
Sve noći te,
Mamurluke i sjaj i godine lude?
Kroz svaki stih
Dišem za njih,
Za moju mladost i za moje ljude.. Ne nosim sat,
sve more stat.
I šta se mene tiče,
Šta bude biće.
Srce se daje,
Dok traje, traje,
Samo nam jubav ostaje.. Refren
Voli me, jer sam takvi kakvi jesam.
Voli me, lipo je lipo bit za nekog vezan.
Voli me, jer sam takvi kakvi jesam.
Svaki je drugi za te čovik pogrešan.. Ne nosim sat, sve more stat
I da se opet rodim isto bi ti ja.
S tobom se smija,
Sa društvom pija,
Bija bi čovik ka šta sam bija.. Refren
Voli me, jer sam takvi kakvi jesam
Voli me, lipo je lipo bit za nekog vezan
Voli me, jer sam takvi kakvi jesam
Svaki je drugi za te čovik pogrešan","Who remembers all
All night that
Hangovers and shine and crazy years?
Through each verse
I breathe for them
For my youth and for my people. I don't wear a watch
Everything can stop
And what it matters to me
What is, it will be
The heart gives itself
While it lasts, it lasts
Only love remains to us. Chorus
Love me, because I'm like that what I am
Love me, it's nice being attached for somebody
Love me, because I'm like that what I am
Every other man is wrong for you. I don't wear a watch, everything can stop
And if I born again, you and I, we would the same
I would laugh with you
I would drink with company
I would be a man like I was. Chorus
Love me, because I'm like that what I am
Love me, it's nice being attached for somebody
Love me, because I'm like that what I am
Every other man is wrong for you",https://lyricstranslate.com/en/voli-me-love-me.html-5,,,,,,,,,,,
nkaHNg1X_1_48,Petar Grašo,Petar Grašo,Volim i postojim,138391,"Hej, ljubavi
zagrli me zagrli
nek' nitko nas nikada
ne razdvoji

Svaki dan, svaki sat
novi ljudi, novi rat
jednog dana zbog njih
ce cijela zemlja stat
 
Hej, ljubavi, sad smo ljudi odrasli
i grudi mi bude tvoji pogledi
potresi, nemiri, iza ugla vrebaju
a takvi k'o ti nam uvijek trebaju

Ref.
Zato sto godine prolaze
dvadeseti vijek, zivim po svome 
 i ljubim zauvijek
godine prolaze, nemam nista s tim
volim i postojim

Hej, ljubavi, zasto ne bi ja i ti
daleko od sviju negdje pobjegli
potresi, nemiri, iza ugla vrebaju
a takvi k'o ti nam uvijek trebaju

Ref. 4x","https://tekstovi.net/2,221,4519.html",,Volim i postojim,I Love And I Exist,,"Hej, ljubavi, zagrli me, zagrli!
1
Nek' nitko nas nikada ne razdvoji.. Svaki dan, svaki sat,
Novi ljudi, novi rat.
Jednog dana zbog njih će
Cijela zemlja stat.. Hej, ljubavi, sad smo ljudi odrasli
I grudi mi bude tvoji pogledi.
Potresi, nemiri, iza ugla vrebaju,
A takvi k'o ti nam uvijek trebaju.. (Pripjev)
Zato što godine prolaze, dvadeseti vijek,
Živim po svome i ljubim zauvijek.
Godine prolaze, nemam ništa s tim.
Volim i postojim.. Hej, ljubavi, zašto ne bi ja i ti
Daleko od sviju negdje pobjegli?
Potresi, nemiri, iza ugla vrebaju,
A takvi k'o ti nam uvijek trebaju.. (Pripjev x4)","Hey, love, hold me, hold me!
May no one ever tear us apart.. Each day, each hour,
New people, new war.
One day they'll make
The whole world stop.. Hey, love, now we're grown people,
And your glances wake my chest up.
Earthquakes, riots, lurking behind corners,
And we always need those like you.. (Chorus)
Because the years go by, the twentieth century,
I live my way and I love forever.
Years go by, I have nothing to do with that.
I love and I exist.. Hey, love, why wouldn't you and me
Elope somewhere far from everyone?
Earthquakes, riots, lurking behind corners,
And we always need those like you.. (Chorus x4)",https://lyricstranslate.com/en/volim-i-postojim-i-love-and-i-exist.html,['Petar Grašo'],https://diskografija.com/pjesma/volim-i-postojim-1099.htm,Volim i postojim,1997 - Mjesec iznad oblaka,2005 - Uvertira,,,,,,
nkaHNg1X_1_49,Petar Grašo,Petar Grašo,Vrbe,14071,"Dvije su vrbe 
pokraj rijeke tiho plakale
dok su se vlati ovim poljem 
tuzno svijale

Sjecam se Nina 
one jeseni kad si otisla
bio je vjetar, zar ne pamtis
 
Ref.
Tvoja je kosa 
poput grana bila nemirna
posljednje zbogom 
kad si rekla sva u suzama

Sjeti se Nina 
one jeseni kad si otisla
sjeti se vrba pokraj rijeke
pokraj rijeke...

Dvije su vrbe 
pokraj rijeke tiho plakale
dok su se vlati ovim poljem 
tuzno svijale

Sjecam se Nina 
one jeseni kad si otisla
bio je vjetar, zar ne pamtis
zar ne pamtis

Ref.","https://tekstovi.net/2,221,5775.html",,,,,,,,['Petar Grašo'],https://diskografija.com/pjesma/vrbe-22281.htm,Vrbe,,,,,,,,
