Artist,Artist_discogs,Song_discogs,Song_duration_discogs,Lyrics By_discogs,Music By_discogs,Arranged By_discogs,Orchestra_discogs,Album_title_discogs,Written-By_discogs,Album_year_discogs,Ensemble_discogs,Producer_discogs,Vocals_discogs,Guest_discogs,Featuring_discogs,Album_year_title_discogs,All_albums_discogs
Zlatko Pejaković,Zlatko Pejaković,Ove Noći Jedna Žena Mirno Spava,,Stevan Zarić,Kornelije Kovač,Kornelije Kovač,Revijski Orkestar RTB,Ove Noći Jedna Žena Mirno Spava,,,,,,,,nan-Ove Noći Jedna Žena Mirno Spava,nan-Ove Noći Jedna Žena Mirno Spava/1980.0-Najveći Hitovi
Zlatko Pejaković,Zlatko Pejaković,Čovek Koji Moli,,,,,Studijski Ansambl Kornelija Kovača,Ove Noći Jedna Žena Mirno Spava,Kornelije Kovač,,,,,,,nan-Ove Noći Jedna Žena Mirno Spava,nan-Ove Noći Jedna Žena Mirno Spava/nan-Lice
Zlatko Pejaković,Zlatko Pejaković,"Uspomene, Uspomene",,Spomenka Kovač,Kornelije Kovač,,,"Uspomene, Uspomene / Devojčice Mala",,1976.0,,,,,,"1976.0-Uspomene, Uspomene / Devojčice Mala","1976.0-Uspomene, Uspomene / Devojčice Mala/1980.0-Najveći Hitovi"
Zlatko Pejaković,Zlatko Pejaković,Devojčice Mala,,,,,,"Uspomene, Uspomene / Devojčice Mala",Kornelije Kovač,1976.0,,,,,,"1976.0-Uspomene, Uspomene / Devojčice Mala","1976.0-Uspomene, Uspomene / Devojčice Mala"
Zlatko Pejaković,Zlatko Pejaković,Kad Jednom Zaželiš,,,,,Revijski Orkestar RTB,Kad Jednom Zaželiš,,,,,,,,nan-Kad Jednom Zaželiš,nan-Kad Jednom Zaželiš/1980.0-Najveći Hitovi/1996.0-The Best Of Zlatko Pejaković - Uspomene 69-96./2007.0-The Platinum Collection
Zlatko Pejaković,Zlatko Pejaković,Seti Se Samo,,,,,,Kad Jednom Zaželiš,,,Studijski Ansambl Kornelija Kovača,,,,,nan-Kad Jednom Zaželiš,nan-Kad Jednom Zaželiš
Zlatko Pejaković,Zlatko Pejaković,Priroda,3:15,Aleksandar Stojić,Predrag Jovičić,Sanja Ilić,,Lice,,,,,,,,nan-Lice,nan-Lice
Zlatko Pejaković,Zlatko Pejaković,Jabuka,4:15,Miroslav Válek,Kornelije Kovač,,,Lice,,,,,,,,nan-Lice,nan-Lice
Zlatko Pejaković,Zlatko Pejaković,Kako Da Pomerim Zid,3:00,Marina Tucaković,Alberto Krasnić,Slobodan Marković,,Lice,,,,,,,,nan-Lice,nan-Lice
Zlatko Pejaković,Zlatko Pejaković,Priča O Žutom Kišnom Mantilu,4:15,Marina Tucaković,Josip Boček,,,Lice,,,,,,,,nan-Lice,nan-Lice/2001.0-Pjesma Je Da Se Pjeva
Zlatko Pejaković,Zlatko Pejaković,Etida,,,,,,Lice,Kornelije Kovač,,,,,,,nan-Lice,nan-Lice/1996.0-The Best Of Zlatko Pejaković - Uspomene 69-96./2007.0-The Platinum Collection
Zlatko Pejaković,Zlatko Pejaković,"Dnevnik ""Laura""",6:15,Marina Tucaković,Sanja Ilić,Sanja Ilić,,Lice,,,,,,,,nan-Lice,nan-Lice
Zlatko Pejaković,Zlatko Pejaković,Ako Smeš,3:40,Marina Tucaković,Josip Boček,,,Lice,,,,,,,,nan-Lice,nan-Lice
Zlatko Pejaković,Zlatko Pejaković,Neću To Proleće,,Marina Tucaković,Sanja Ilić,,,Neću To Proleće / Čerge,,1977.0,,,,,,1977.0-Neću To Proleće / Čerge,1977.0-Neću To Proleće / Čerge/nan-Zlatko Pejaković/2000.0-CD Kolekcija 
Zlatko Pejaković,Zlatko Pejaković,Čerge,,Zlatko Pejaković,Zlatko Pejaković,Kornelije Kovač,,Neću To Proleće / Čerge,,1977.0,,,,,,1977.0-Neću To Proleće / Čerge,1977.0-Neću To Proleće / Čerge/nan-Zlatko Pejaković/1980.0-Najveći Hitovi/nan-Kad Prođe Sve/1993.0-Tamburicu Ja Mandolinu Ti/1996.0-The Best Of Zlatko Pejaković - Uspomene 69-96./nan-Sve Najbolje/2000.0-CD Kolekcija /2005.0-Zlatna Kolekcija/2007.0-The Platinum Collection
Zlatko Pejaković,Zlatko Pejaković,Lagala Je Da Me Voli,,Mario Mihaljević,Mario Mihaljević,,,Lagala Je Da Me Voli,,,,,,,,nan-Lagala Je Da Me Voli,nan-Lagala Je Da Me Voli/1980.0-Najveći Hitovi/2007.0-The Platinum Collection
Zlatko Pejaković,Zlatko Pejaković,Nek Me Barem Neko Voli,,Zlatko Pejaković,Zlatko Pejaković,,,Lagala Je Da Me Voli,,,,,,,,nan-Lagala Je Da Me Voli,nan-Lagala Je Da Me Voli
Zlatko Pejaković,Zlatko Pejaković,"Ćao, I Piši Mi",,Mario Mihaljević,Zrinko Tutić,Slobodan Marković,,"Ćao, I Piši Mi / Vraćam Se Ljubavi",,,,,,,,"nan-Ćao, I Piši Mi / Vraćam Se Ljubavi","nan-Ćao, I Piši Mi / Vraćam Se Ljubavi/nan-Zlatko Pejaković/2000.0-CD Kolekcija "
Zlatko Pejaković,Zlatko Pejaković,Vraćam Se Ljubavi,,,,,,"Ćao, I Piši Mi / Vraćam Se Ljubavi",Kornelije Kovač,,,,,,,"nan-Ćao, I Piši Mi / Vraćam Se Ljubavi","nan-Ćao, I Piši Mi / Vraćam Se Ljubavi/nan-Zlatko Pejaković/2000.0-CD Kolekcija "
Zlatko Pejaković,Zlatko Pejaković,To Su Dani,3:03,Željko Krznarić,Kornelije Kovač,Josip Boček,,Zlatko Pejaković,,,,,,,,nan-Zlatko Pejaković,nan-Zlatko Pejaković/2000.0-CD Kolekcija 
Zlatko Pejaković,Zlatko Pejaković,Uspomene,4:01,Spomenka Kovač,Kornelije Kovač,Kornelije Kovač,,Zlatko Pejaković,,,,,,,,nan-Zlatko Pejaković,nan-Zlatko Pejaković/1996.0-The Best Of Zlatko Pejaković - Uspomene 69-96./2000.0-CD Kolekcija /2007.0-The Platinum Collection
Zlatko Pejaković,Zlatko Pejaković,Ove Noći Jedna Žena,4:30,Stevan Zarić,Kornelije Kovač,Kornelije Kovač,,Zlatko Pejaković,,,,,,,,nan-Zlatko Pejaković,"nan-Zlatko Pejaković/nan-U Se, Na Se... (Zlatko '95)/nan-Sve Najbolje/2000.0-CD Kolekcija /2005.0-Zlatna Kolekcija/2007.0-The Platinum Collection"
Zlatko Pejaković,Zlatko Pejaković,"Smej Se, Smej",4:01,,,,,Zlatko Pejaković,Kornelije Kovač,,,,,,,nan-Zlatko Pejaković,nan-Zlatko Pejaković/2000.0-CD Kolekcija 
Zlatko Pejaković,Zlatko Pejaković,"Obriši Te Suze, Mama",,Mario Mihaljević,Mario Mihaljević,,,"Obriši Te Suze, Mama / Neka Ćute Violine",,1978.0,,,,,,"1978.0-Obriši Te Suze, Mama / Neka Ćute Violine","1978.0-Obriši Te Suze, Mama / Neka Ćute Violine/nan-U Se, Na Se... (Zlatko '95)/2007.0-The Platinum Collection"
Zlatko Pejaković,Zlatko Pejaković,Neka Ćute Violine,,Zlatko Pejaković,Zlatko Pejaković,,,"Obriši Te Suze, Mama / Neka Ćute Violine",,1978.0,,,,,,"1978.0-Obriši Te Suze, Mama / Neka Ćute Violine","1978.0-Obriši Te Suze, Mama / Neka Ćute Violine/nan-Tebi Ljubavi/1980.0-Najveći Hitovi/2000.0-CD Kolekcija "
Zlatko Pejaković,Zlatko Pejaković,"Prolilo Se Sve, Rasula Se Ljubav",,,,,,Tebi Ljubavi,,,,,,,,nan-Tebi Ljubavi,nan-Tebi Ljubavi/2000.0-CD Kolekcija 
Zlatko Pejaković,Zlatko Pejaković,Ne Treba Mi Takva Ljubav,,,,,,Tebi Ljubavi,,,,,,,,nan-Tebi Ljubavi,nan-Tebi Ljubavi/2000.0-CD Kolekcija 
Zlatko Pejaković,Zlatko Pejaković,Zadnja Momačka Noć,,,,Sanja Ilić,,Tebi Ljubavi,Mario Mihaljević,,,,,,,nan-Tebi Ljubavi,"nan-Tebi Ljubavi/nan-U Se, Na Se... (Zlatko '95)/2000.0-CD Kolekcija "
Zlatko Pejaković,Zlatko Pejaković,Jednom Kad Budem...,,,Josip Boček,,,Tebi Ljubavi,,,,,,,,nan-Tebi Ljubavi,nan-Tebi Ljubavi
Zlatko Pejaković,Zlatko Pejaković,Tebi Ljubavi,,,,,,Tebi Ljubavi,,,,,,,,nan-Tebi Ljubavi,nan-Tebi Ljubavi/2000.0-CD Kolekcija 
Zlatko Pejaković,Zlatko Pejaković,Sve Drage Ljubavi,,,,,,Tebi Ljubavi,,,,,,,,nan-Tebi Ljubavi,nan-Tebi Ljubavi/2000.0-CD Kolekcija 
Zlatko Pejaković,Zlatko Pejaković,Ljubi Me Noćas,,,,,,Tebi Ljubavi,,,,,,,,nan-Tebi Ljubavi,nan-Tebi Ljubavi/2000.0-CD Kolekcija 
Zlatko Pejaković,Zlatko Pejaković,Do Juče Još Deca,,,,,,Do Juče Još Deca / Odkud Ti Pravo,,1979.0,,,,,,1979.0-Do Juče Još Deca / Odkud Ti Pravo,1979.0-Do Juče Još Deca / Odkud Ti Pravo/1980.0-Najveći Hitovi
Zlatko Pejaković,Zlatko Pejaković,Odkud Ti Pravo,,,,,,Do Juče Još Deca / Odkud Ti Pravo,,1979.0,,,,,,1979.0-Do Juče Još Deca / Odkud Ti Pravo,1979.0-Do Juče Još Deca / Odkud Ti Pravo
Zlatko Pejaković,Zlatko Pejaković,Vratila Se Jedna Žena,,Ivica Kasumović,Mario Mihaljević,,,Dilema,,,,,,,,nan-Dilema,nan-Dilema/2001.0-Pjesma Je Da Se Pjeva
Zlatko Pejaković,Zlatko Pejaković,"Nemoj, Nemoj Plakati",,Stjepan Benzon,Sanja Ilić,,,Dilema,,,,,,,,nan-Dilema,nan-Dilema/2001.0-Pjesma Je Da Se Pjeva
Zlatko Pejaković,Zlatko Pejaković,Tužan Početak I Kraj,,Božo Marić,Zlatko Pejaković,,,Dilema,,,,,,,,nan-Dilema,nan-Dilema/2001.0-Pjesma Je Da Se Pjeva
Zlatko Pejaković,Zlatko Pejaković,Ja I Kišna Noć,,Zlatko Pejaković,Dejan Petković,,,Dilema,,,,,,,,nan-Dilema,nan-Dilema/2001.0-Pjesma Je Da Se Pjeva
Zlatko Pejaković,Zlatko Pejaković,Oboje Smo Krivi,,Željko Sabol,Đelo Jusić,,,Dilema,,,,,,,,nan-Dilema,nan-Dilema/2001.0-Pjesma Je Da Se Pjeva
Zlatko Pejaković,Zlatko Pejaković,Dilema,,Dragan Lisovec,Sanja Ilić,Slobodan Marković,,Dilema,,,,,,,,nan-Dilema,nan-Dilema/2001.0-Pjesma Je Da Se Pjeva
Zlatko Pejaković,Zlatko Pejaković,Twist,,Zlatko Pejaković,Zlatko Pejaković,,,Dilema,,,,,,,,nan-Dilema,nan-Dilema/1980.0-Nikom Te Ne Dam / Twist
Zlatko Pejaković,Zlatko Pejaković,Jedna Ljubav Ponovo Se Budi,,Ivica Kasumović,Mario Mihaljević,,,Dilema,,,,,,,,nan-Dilema,nan-Dilema/2001.0-Pjesma Je Da Se Pjeva
Zlatko Pejaković,Zlatko Pejaković,Sve Je Moglo Drugačije Da Bude,,Radmila Mudrinić,Sanja Ilić,,,Dilema,,,,,,,,nan-Dilema,nan-Dilema/2001.0-Pjesma Je Da Se Pjeva
Zlatko Pejaković,Zlatko Pejaković,Ljetu Je Mome Kraj,,Gordan Franić,Teo Trumbić,,,Dilema,,,,,,,,nan-Dilema,nan-Dilema/nan-Ljetu Je Mome Kraj / San Stefan/1980.0-Panonski Mornar / Ljetu Je Mome Kraj/1980.0-Najveći Hitovi/2001.0-Pjesma Je Da Se Pjeva/2007.0-The Platinum Collection
Zlatko Pejaković,Zlatko Pejaković,San Stefan,,Teo Trumbić,Teo Trumbić,,,Ljetu Je Mome Kraj / San Stefan,,,,,,,,nan-Ljetu Je Mome Kraj / San Stefan,nan-Ljetu Je Mome Kraj / San Stefan
Zlatko Pejaković,Zlatko Pejaković,Pjesma Je Da Se Pjeva,,Ivica Kasumović,Mario Mihaljević,Sanja Ilić,,Pjesma Je Da Se Pjeva,,1980.0,,,,,,1980.0-Pjesma Je Da Se Pjeva,1980.0-Pjesma Je Da Se Pjeva/1980.0-Ti Nisi Ta
Zlatko Pejaković,Zlatko Pejaković,Tvoje Oči,,Zlatko Pejaković,Zlatko Pejaković,Dragan Ilić,,Pjesma Je Da Se Pjeva,,1980.0,,,,,,1980.0-Pjesma Je Da Se Pjeva,1980.0-Pjesma Je Da Se Pjeva/1980.0-Ti Nisi Ta
Zlatko Pejaković,Zlatko Pejaković,Nikom Te Ne Dam,,Božo Marić,Dragan Lisovec,,,Nikom Te Ne Dam / Twist,,1980.0,,,,,,1980.0-Nikom Te Ne Dam / Twist,1980.0-Nikom Te Ne Dam / Twist/1980.0-Najveći Hitovi
Zlatko Pejaković,Zlatko Pejaković,Panonski Mornar,,Đorđe Balašević,Đorđe Balašević,Josip Boček,,Panonski Mornar / Ljetu Je Mome Kraj,,1980.0,,,,,,1980.0-Panonski Mornar / Ljetu Je Mome Kraj,1980.0-Panonski Mornar / Ljetu Je Mome Kraj
Zlatko Pejaković,Zlatko Pejaković,Ti Nisi Ta,,Zlatko Pejaković,Zlatko Pejaković,Dragan Ilić,,Ti Nisi Ta,,1980.0,,,,,,1980.0-Ti Nisi Ta,1980.0-Ti Nisi Ta
Zlatko Pejaković,Zlatko Pejaković,Ti Si Moja Strana Svijeta,,Krsto Juras,Rajko Dujmić,Sanja Ilić,,Ti Nisi Ta,,1980.0,,,,,,1980.0-Ti Nisi Ta,1980.0-Ti Nisi Ta/2001.0-Pjesma Je Da Se Pjeva
Zlatko Pejaković,Zlatko Pejaković,Ako Srcem Znaš Da Voliš,,Bratislav Zlatanović,Slobodan M. Kovačević,Sanja Ilić,,Ti Nisi Ta,,1980.0,,,,,,1980.0-Ti Nisi Ta,1980.0-Ti Nisi Ta
Zlatko Pejaković,Zlatko Pejaković,Stani,,Zlatko Pejaković,Zlatko Pejaković,Dragan Ilić,,Ti Nisi Ta,,1980.0,,,,,,1980.0-Ti Nisi Ta,1980.0-Ti Nisi Ta
Zlatko Pejaković,Zlatko Pejaković,Samo Jednom,,Ranko Boban,Ranko Boban,Sanja Ilić,,Ti Nisi Ta,,1980.0,,,,,,1980.0-Ti Nisi Ta,1980.0-Ti Nisi Ta/2001.0-Pjesma Je Da Se Pjeva/2005.0-Zlatna Kolekcija
Zlatko Pejaković,Zlatko Pejaković,Nije Važno,,Zlatko Pejaković,Sanja Ilić,,,Ti Nisi Ta,,1980.0,,,,,,1980.0-Ti Nisi Ta,1980.0-Ti Nisi Ta/2001.0-Pjesma Je Da Se Pjeva
Zlatko Pejaković,Zlatko Pejaković,Ćao I Piši Mi,,,,,,Najveći Hitovi,,1980.0,,,,,,1980.0-Najveći Hitovi,1980.0-Najveći Hitovi/1996.0-The Best Of Zlatko Pejaković - Uspomene 69-96./2007.0-The Platinum Collection
Zlatko Pejaković,Zlatko Pejaković,Obriši Te Suze Mama,,,,,,Najveći Hitovi,,1980.0,,,,,,1980.0-Najveći Hitovi,1980.0-Najveći Hitovi
Zlatko Pejaković,Zlatko Pejaković,"Razgovor Sa Stvaraocima LP - ""Trn"": Kornelije-Bata Kovač - Zlatko Pejaković",,,,,,"Radio Emisija Zlatko Pejaković LP ""Trn""",,1981.0,,,,,,"1981.0-Radio Emisija Zlatko Pejaković LP ""Trn""","1981.0-Radio Emisija Zlatko Pejaković LP ""Trn""/1981.0-Radio Emisija Zlatko Pejaković LP ""Trn"""
Zlatko Pejaković,Zlatko Pejaković,Meni Je Dosta Priče I Pića,3:08,,,,,Trn,,,,,,,,nan-Trn,nan-Trn
Zlatko Pejaković,Zlatko Pejaković,Ne Srdi Se,3:12,Jovan Jovanović Zmaj,,,,Trn,,,,,,,,nan-Trn,nan-Trn
Zlatko Pejaković,Zlatko Pejaković,"Kuda Ideš, Svete Moj",3:56,,,,,Trn,,,,,,,,nan-Trn,nan-Trn
Zlatko Pejaković,Zlatko Pejaković,Jedna Žena,5:28,,,,,Trn,,,,,,,,nan-Trn,nan-Trn
Zlatko Pejaković,Zlatko Pejaković,Ko Zna,3:20,,,,,Trn,,,,,,,,nan-Trn,nan-Trn
Zlatko Pejaković,Zlatko Pejaković,Bez Veze,3:39,,,,,Trn,,,,,,,,nan-Trn,nan-Trn
Zlatko Pejaković,Zlatko Pejaković,Slika,5:00,,Ljubomir Ninković,Kornelije Kovač,,Trn,,,,,,,,nan-Trn,nan-Trn
Zlatko Pejaković,Zlatko Pejaković,Divlje Jagode,4:38,,,,,Trn,,,,,,,,nan-Trn,nan-Trn
Zlatko Pejaković,Zlatko Pejaković,I Biće Žena,4:40,Spomenka Kovač,,,,Trn,,,,,,,,nan-Trn,nan-Trn
Zlatko Pejaković,Zlatko Pejaković,"Komad Za Glas, Klavir I Gitaru",4:20,,,,,Trn,,,,,,,,nan-Trn,nan-Trn/2001.0-Pjesma Je Da Se Pjeva
Zlatko Pejaković,Zlatko Pejaković,"Cvita, Cvita, Cvite Moj",,Gordan Franić,Teo Trumbić,Nikica Kalogjera,,"Cvita, Cvita, Cvite Moj",,,,,,,,"nan-Cvita, Cvita, Cvite Moj","nan-Cvita, Cvita, Cvite Moj/2007.0-The Platinum Collection"
Zlatko Pejaković,Zlatko Pejaković,"More, Ti Mi Život Značiš",,,,,,"Cvita, Cvita, Cvite Moj",Slobodan M. Kovačević,,,,,,,"nan-Cvita, Cvita, Cvite Moj","nan-Cvita, Cvita, Cvite Moj"
Zlatko Pejaković,Zlatko Pejaković,Zaboravi Espanju,,Jadranko Bračić,Nenad Vilović,Sanja Ilić,,Zaboravi Espanju,,1982.0,,,,,,1982.0-Zaboravi Espanju,1982.0-Zaboravi Espanju
Zlatko Pejaković,Zlatko Pejaković,"Daleko Od Očiju, Daleko Od Srca",,Jadranko Bračić,Nenad Vilović,Sanja Ilić,,Zaboravi Espanju,,1982.0,,,,,,1982.0-Zaboravi Espanju,1982.0-Zaboravi Espanju/nan-Smiri Se Srce
Zlatko Pejaković,Zlatko Pejaković,Hit Parada 82 - Razgovor Sa Izvorinkom Milošević,,,,,,Vaši Gosti Iz Studija Pet,,1982.0,,,,,,1982.0-Vaši Gosti Iz Studija Pet,1982.0-Vaši Gosti Iz Studija Pet
Zlatko Pejaković,Zlatko Pejaković,Novi Hit Vere Matović,,,,,,Vaši Gosti Iz Studija Pet,,1982.0,,,,,,1982.0-Vaši Gosti Iz Studija Pet,1982.0-Vaši Gosti Iz Studija Pet
Zlatko Pejaković,Zlatko Pejaković,"Nagrada Za Omot 1981. - ""Trn"" Zlatka Pejakovića",,,,,,Vaši Gosti Iz Studija Pet,,1982.0,,,,,,1982.0-Vaši Gosti Iz Studija Pet,1982.0-Vaši Gosti Iz Studija Pet
Zlatko Pejaković,Zlatko Pejaković,Pesma Navijača Crvene Zvezde,,,,,,Vaši Gosti Iz Studija Pet,,1982.0,,,,,,1982.0-Vaši Gosti Iz Studija Pet,1982.0-Vaši Gosti Iz Studija Pet
Zlatko Pejaković,Zlatko Pejaković,Razgovor Sa Gordanom Lazarević I Predstavljanje Njene Nove LP Ploče,,,,,,Vaši Gosti Iz Studija Pet,,1982.0,,,,,,1982.0-Vaši Gosti Iz Studija Pet,1982.0-Vaši Gosti Iz Studija Pet
Zlatko Pejaković,Zlatko Pejaković,Sekstet Dušana Radetića,,,,,,Vaši Gosti Iz Studija Pet,,1982.0,,,,,,1982.0-Vaši Gosti Iz Studija Pet,1982.0-Vaši Gosti Iz Studija Pet
Zlatko Pejaković,Zlatko Pejaković,Zaboravi Españu,,Jadranko Bračić,Nenad Vilović,,,Smiri Se Srce,,,,,,,,nan-Smiri Se Srce,nan-Smiri Se Srce
Zlatko Pejaković,Zlatko Pejaković,Tko Si Ti,,Zlatko Pejaković,Dejan Petković,,,Smiri Se Srce,,,,,,,,nan-Smiri Se Srce,"nan-Smiri Se Srce/nan-Ni Na Nebu Ni Na Zemlji (Zlatko '97)/nan-Koncert - Dom Športova, Zagreb '98/2007.0-The Platinum Collection"
Zlatko Pejaković,Zlatko Pejaković,Oktobarske Magle,,Bratislav Zlatanović,Nenad Vilović,,,Smiri Se Srce,,,,,,,,nan-Smiri Se Srce,nan-Smiri Se Srce
Zlatko Pejaković,Zlatko Pejaković,Vrati Se,,Zlatko Pejaković,Sanja Ilić,,,Smiri Se Srce,,,,,,,,nan-Smiri Se Srce,nan-Smiri Se Srce
Zlatko Pejaković,Zlatko Pejaković,Smiri Se Srce,,Bratislav Zlatanović,Nenad Vilović,,,Smiri Se Srce,,,,,,,,nan-Smiri Se Srce,nan-Smiri Se Srce/nan-Sve Najbolje/2005.0-Zlatna Kolekcija
Zlatko Pejaković,Zlatko Pejaković,Mirjana,,Dejan Petković,Dejan Petković,,,Smiri Se Srce,,,,,,,,nan-Smiri Se Srce,nan-Smiri Se Srce
Zlatko Pejaković,Zlatko Pejaković,Spusti Glavu Na Moje Rame,,Željko Krznarić,Zlatko Pejaković,,,Smiri Se Srce,,,,,,,,nan-Smiri Se Srce,nan-Smiri Se Srce
Zlatko Pejaković,Zlatko Pejaković,Ljubav Je Dah,,Zlatko Pejaković,Dejan Petković,,,Smiri Se Srce,,,,,,,,nan-Smiri Se Srce,nan-Smiri Se Srce
Zlatko Pejaković,Zlatko Pejaković,Užasno Sam Sam (Irena),,Zlatko Pejaković,Miodrag Bata Kostić,,,Smiri Se Srce,,,,,,,,nan-Smiri Se Srce,nan-Smiri Se Srce
Zlatko Pejaković,Zlatko Pejaković,Malena,,,,,,Malena / Zbogom Mi Reci,,1983.0,,,,,,1983.0-Malena / Zbogom Mi Reci,1983.0-Malena / Zbogom Mi Reci/nan-Sve Je U Redu/1996.0-The Best Of Zlatko Pejaković - Uspomene 69-96./2005.0-Zlatna Kolekcija/2007.0-The Platinum Collection
Zlatko Pejaković,Zlatko Pejaković,Zbogom Mi Reci,,,,,,Malena / Zbogom Mi Reci,,1983.0,,,,,,1983.0-Malena / Zbogom Mi Reci,1983.0-Malena / Zbogom Mi Reci
Zlatko Pejaković,Zlatko Pejaković,"Oj, Živote Moj",,Mario Mihaljević,Đorđe Novković,,,Sve Je U Redu,,,,,,,,nan-Sve Je U Redu,nan-Sve Je U Redu
Zlatko Pejaković,Zlatko Pejaković,Ne Kuni Se,,Mario Mihaljević,Đorđe Novković,,,Sve Je U Redu,,,,,,,,nan-Sve Je U Redu,nan-Sve Je U Redu/nan-Sve Najbolje/2005.0-Zlatna Kolekcija
Zlatko Pejaković,Zlatko Pejaković,Zbogom Reci,,Željko Krznarić,Vladimir Kočiš,,,Sve Je U Redu,,,,,,,,nan-Sve Je U Redu,nan-Sve Je U Redu/nan-Sve Najbolje/2005.0-Zlatna Kolekcija
Zlatko Pejaković,Zlatko Pejaković,Plesači Na Žici,,Nenad Ninčević,Mato Došen,,,Sve Je U Redu,,,,,,,,nan-Sve Je U Redu,nan-Sve Je U Redu/1984.0-Ljubim Te / Plesači Na Žici
Zlatko Pejaković,Zlatko Pejaković,Sanjaj Me,,Mario Mihaljević,Zlatko Pejaković,,,Sve Je U Redu,,,,,,,,nan-Sve Je U Redu,nan-Sve Je U Redu
Zlatko Pejaković,Zlatko Pejaković,Kradljivci Sreće,,Mario Mihaljević,Mario Mihaljević,,,Sve Je U Redu,,,,,,,,nan-Sve Je U Redu,nan-Sve Je U Redu
Zlatko Pejaković,Zlatko Pejaković,Samo Pjesma,,Mario Mihaljević,Daniel Popović,,,Sve Je U Redu,,,,,,,,nan-Sve Je U Redu,nan-Sve Je U Redu
Zlatko Pejaković,Zlatko Pejaković,Sve Je U Redu,,Zlatko Pejaković,Mario Mihaljević,,,Sve Je U Redu,,,,,,,,nan-Sve Je U Redu,nan-Sve Je U Redu
Zlatko Pejaković,Zlatko Pejaković,Ljubim Te,,,Tonči Huljić,Sanja Ilić,,Ljubim Te / Plesači Na Žici,,1984.0,,,,,,1984.0-Ljubim Te / Plesači Na Žici,1984.0-Ljubim Te / Plesači Na Žici
Zlatko Pejaković,Zlatko Pejaković,"Odgovori, Odgovori",3:30,,,,,Zlatko,,,,,,,,nan-Zlatko,"nan-Zlatko/nan-Zlatko Pejaković '93/nan-Sve Najbolje/nan-Koncert - Dom Športova, Zagreb '98/2005.0-Zlatna Kolekcija/2007.0-The Platinum Collection"
Zlatko Pejaković,Zlatko Pejaković,Za Šaku Ljubavi (Šta Je Bol),3:24,,,,,Zlatko,,,,,,,,nan-Zlatko,nan-Zlatko
Zlatko Pejaković,Zlatko Pejaković,"Bože, Čuvaj Tu Ženu",3:11,,,,,Zlatko,,,,,,,,nan-Zlatko,nan-Zlatko/nan-Sve Najbolje/2005.0-Zlatna Kolekcija
Zlatko Pejaković,Zlatko Pejaković,Volim Te Još,4:07,,,,,Zlatko,,,,,,,,nan-Zlatko,nan-Zlatko
Zlatko Pejaković,Zlatko Pejaković,Tamo Gde Grožđe Zri,3:00,Bratislav Zlatanović,,,,Zlatko,,,,,,,,nan-Zlatko,nan-Zlatko
Zlatko Pejaković,Zlatko Pejaković,"Ano, Anice",3:08,,,,,Zlatko,,,,,,,,nan-Zlatko,"nan-Zlatko/nan-Koncert - Dom Športova, Zagreb '98"
Zlatko Pejaković,Zlatko Pejaković,Moja Svitanja,3:43,,,,,Zlatko,,,,,,,,nan-Zlatko,nan-Zlatko
Zlatko Pejaković,Zlatko Pejaković,Odlazim,3:50,Nenad Ninčević,,,,Zlatko,,,,,,,,nan-Zlatko,nan-Zlatko
Zlatko Pejaković,Zlatko Pejaković,Plavo Pismo,4:00,Vedran Lekić,Nenad Vilović,,,Zlatko,,,,,,,,nan-Zlatko,nan-Zlatko/nan-Sve Najbolje/2005.0-Zlatna Kolekcija
Zlatko Pejaković,Zlatko Pejaković,Kad Te Napuste Svi,3:41,Bratislav Zlatanović,,,,Zlatko,,,,,,,,nan-Zlatko,nan-Zlatko/nan-Zlatko Pejaković '93/1996.0-The Best Of Zlatko Pejaković - Uspomene 69-96./nan-Sve Najbolje/2005.0-Zlatna Kolekcija/2007.0-The Platinum Collection
Zlatko Pejaković,Zlatko Pejaković,Što Je Nebu Dan,3:35,,,,,Kad Prođe Sve,,,,,,,,nan-Kad Prođe Sve,nan-Kad Prođe Sve
Zlatko Pejaković,Zlatko Pejaković,"Rodi Mi, Zemljo",3:54,,,,,Kad Prođe Sve,,,,,,,,nan-Kad Prođe Sve,nan-Kad Prođe Sve
Zlatko Pejaković,Zlatko Pejaković,"Govore Mi, Govore",3:22,,,,,Kad Prođe Sve,,,,,,,,nan-Kad Prođe Sve,"nan-Kad Prođe Sve/nan-Sve Najbolje/nan-Koncert - Dom Športova, Zagreb '98/2005.0-Zlatna Kolekcija"
Zlatko Pejaković,Zlatko Pejaković,Ti Si Moja Sudbina,3:49,,,,,Kad Prođe Sve,,,,,,,,nan-Kad Prođe Sve,nan-Kad Prođe Sve
Zlatko Pejaković,Zlatko Pejaković,Došli Smo Do Kraja,3:49,,,,,Kad Prođe Sve,,,,,,,,nan-Kad Prođe Sve,nan-Kad Prođe Sve
Zlatko Pejaković,Zlatko Pejaković,Kad Prođe Sve,3:26,,,,,Kad Prođe Sve,,,,,,,,nan-Kad Prođe Sve,"nan-Kad Prođe Sve/nan-Zlatko Pejaković '93/1996.0-The Best Of Zlatko Pejaković - Uspomene 69-96./nan-Sve Najbolje/nan-Koncert - Dom Športova, Zagreb '98/2005.0-Zlatna Kolekcija/2007.0-The Platinum Collection"
Zlatko Pejaković,Zlatko Pejaković,Kroz Život Putujem,3:31,,,,,Kad Prođe Sve,,,,,,,,nan-Kad Prođe Sve,nan-Kad Prođe Sve/nan-Sve Najbolje/2005.0-Zlatna Kolekcija
Zlatko Pejaković,Zlatko Pejaković,"Ti I Ja, Jedna Smo Sudbina",3:37,,,,,Kad Prođe Sve,,,,,,,,nan-Kad Prođe Sve,nan-Kad Prođe Sve
Zlatko Pejaković,Zlatko Pejaković,Kad Sve Zazeleni,3:48,,,,,Kad Prođe Sve,,,,,,,,nan-Kad Prođe Sve,nan-Kad Prođe Sve
Zlatko Pejaković,Zlatko Pejaković,Nesretnik Sam Od Rođenja,3:50,Bratislav Zlatanović,,,,Zlatko Pejaković '93,,,,,,,,nan-Zlatko Pejaković '93,nan-Zlatko Pejaković '93/nan-Sve Najbolje/2005.0-Zlatna Kolekcija/2007.0-The Platinum Collection
Zlatko Pejaković,Zlatko Pejaković,Nisam Te Zaboravio,3:20,,,,,Zlatko Pejaković '93,Mario Mihaljević,,,,,,,nan-Zlatko Pejaković '93,nan-Zlatko Pejaković '93/1996.0-The Best Of Zlatko Pejaković - Uspomene 69-96./2007.0-The Platinum Collection
Zlatko Pejaković,Zlatko Pejaković,Ako Odem Prijatelji,3:12,,,Stipica Kalogjera,,Zlatko Pejaković '93,Dražen Zečić,,,Stipica Kalogjera,,,,nan-Zlatko Pejaković '93,nan-Zlatko Pejaković '93/1996.0-The Best Of Zlatko Pejaković - Uspomene 69-96./nan-Sve Najbolje/2005.0-Zlatna Kolekcija/2007.0-The Platinum Collection
Zlatko Pejaković,Zlatko Pejaković,Što Si Mi To Učinila,3:10,Marijan Samardžić,,,,Zlatko Pejaković '93,,,,,,,,nan-Zlatko Pejaković '93,"nan-Zlatko Pejaković '93/nan-Koncert - Dom Športova, Zagreb '98/2007.0-The Platinum Collection"
Zlatko Pejaković,Zlatko Pejaković,Sanjaj,3:45,Vjekoslava Huljić,,,,Zlatko Pejaković '93,,,,,,,,nan-Zlatko Pejaković '93,nan-Zlatko Pejaković '93
Zlatko Pejaković,Zlatko Pejaković,Svirajte Mi Pesmu Njenu,3:15,Zdenko Runjić,Zdenko Runjić,,,Zlatko Pejaković '93,,,,,,,,nan-Zlatko Pejaković '93,nan-Zlatko Pejaković '93
Zlatko Pejaković,Zlatko Pejaković,Živio Bih Kao Kralj,3:50,Vjekoslava Huljić,,,,Zlatko Pejaković '93,,,,,,,,nan-Zlatko Pejaković '93,nan-Zlatko Pejaković '93/2007.0-The Platinum Collection
Zlatko Pejaković,Zlatko Pejaković,Veselite Se Al' Ostavite Mene,3:40,,,,,Zlatko Pejaković '93,Dražen Zečić,,,,,,,nan-Zlatko Pejaković '93,nan-Zlatko Pejaković '93/nan-Sve Najbolje/2005.0-Zlatna Kolekcija
Zlatko Pejaković,Zlatko Pejaković,Nećemo Doma,3:05,Bratislav Zlatanović,,,,Zlatko Pejaković '93,,,,,,,,nan-Zlatko Pejaković '93,nan-Zlatko Pejaković '93
Zlatko Pejaković,Zlatko Pejaković,Ne Idi Od Mene,3:38,,,,,Zlatko Pejaković '93,Mario Mihaljević,,,,,,,nan-Zlatko Pejaković '93,"nan-Zlatko Pejaković '93/nan-Koncert - Dom Športova, Zagreb '98/2007.0-The Platinum Collection"
Zlatko Pejaković,Zlatko Pejaković,Odavde Do Vječnosti,3:32,Marina Tucaković,Frane Šiško,,,Zlatko Pejaković '93,,,,,,,,nan-Zlatko Pejaković '93,nan-Zlatko Pejaković '93/2007.0-The Platinum Collection
Zlatko Pejaković,Zlatko Pejaković,Za Fajront,,Mario Mihaljević,Mario Mihaljević,Siniša Leopold,,Tamburicu Ja Mandolinu Ti,,1993.0,,,,,,1993.0-Tamburicu Ja Mandolinu Ti,1993.0-Tamburicu Ja Mandolinu Ti
Zlatko Pejaković,Zlatko Pejaković,Jedva Čekam Da Mi Život Prođe,,Branimir Mihaljević,Branimir Mihaljević,Siniša Leopold,,Tamburicu Ja Mandolinu Ti,,1993.0,,,,,,1993.0-Tamburicu Ja Mandolinu Ti,1993.0-Tamburicu Ja Mandolinu Ti
Zlatko Pejaković,Zlatko Pejaković,Tamburica I Mandolina,,Mario Mihaljević,Mario Mihaljević,Siniša Leopold,,Tamburicu Ja Mandolinu Ti,,1993.0,,,,,,1993.0-Tamburicu Ja Mandolinu Ti,1993.0-Tamburicu Ja Mandolinu Ti/nan-'94/1996.0-The Best Of Zlatko Pejaković - Uspomene 69-96./2007.0-The Platinum Collection
Zlatko Pejaković,Zlatko Pejaković,Predite Prelje,,,,Siniša Leopold,,Tamburicu Ja Mandolinu Ti,Unknown Artist,1993.0,,,,,,1993.0-Tamburicu Ja Mandolinu Ti,1993.0-Tamburicu Ja Mandolinu Ti
Zlatko Pejaković,Zlatko Pejaković,Bećarac,,,,Zlatko Potočnik,,Tamburicu Ja Mandolinu Ti,Unknown Artist,1993.0,,,,,,1993.0-Tamburicu Ja Mandolinu Ti,1993.0-Tamburicu Ja Mandolinu Ti/2006.0-1- Pjevat Će Slavonija
Zlatko Pejaković,Zlatko Pejaković,Svirci Moji,,Dragutin Britvić,Siniša Leopold,Siniša Leopold,,Tamburicu Ja Mandolinu Ti,,1993.0,,,,,,1993.0-Tamburicu Ja Mandolinu Ti,1993.0-Tamburicu Ja Mandolinu Ti
Zlatko Pejaković,Zlatko Pejaković,Eržika,,Mario Mihaljević,Mario Mihaljević,Siniša Leopold,,Tamburicu Ja Mandolinu Ti,,1993.0,,,,,,1993.0-Tamburicu Ja Mandolinu Ti,1993.0-Tamburicu Ja Mandolinu Ti
Zlatko Pejaković,Zlatko Pejaković,Bila Svadba,,Mario Mihaljević,Branimir Mihaljević,Zlatko Potočnik,,Tamburicu Ja Mandolinu Ti,,1993.0,,,,,,1993.0-Tamburicu Ja Mandolinu Ti,1993.0-Tamburicu Ja Mandolinu Ti
Zlatko Pejaković,Zlatko Pejaković,Dajte Meni Sedam Konja,,Mario Mihaljević,Branimir Mihaljević,Ranko Purić,,Tamburicu Ja Mandolinu Ti,,1993.0,,,,,,1993.0-Tamburicu Ja Mandolinu Ti,1993.0-Tamburicu Ja Mandolinu Ti
Zlatko Pejaković,Zlatko Pejaković,Pored Naše Stare Drave,,Branimir Mihaljević,Branimir Mihaljević,Ranko Purić,,Tamburicu Ja Mandolinu Ti,,1993.0,,,,,,1993.0-Tamburicu Ja Mandolinu Ti,1993.0-Tamburicu Ja Mandolinu Ti
Zlatko Pejaković,Zlatko Pejaković,Hej Crnino,,Mario Mihaljević,Mario Mihaljević,Stjepan Mihaljinec,,Tamburicu Ja Mandolinu Ti,,1993.0,,,,,,1993.0-Tamburicu Ja Mandolinu Ti,1993.0-Tamburicu Ja Mandolinu Ti
Zlatko Pejaković,Zlatko Pejaković,Rijeke Tiho Teku,3:52,Vjekoslava Huljić,Tonči Huljić,,,'94,,,,,,,,nan-'94,"nan-'94/nan-Koncert - Dom Športova, Zagreb '98/2007.0-The Platinum Collection"
Zlatko Pejaković,Zlatko Pejaković,150 Godina,3:31,Mario Mihaljević,Mario Mihaljević,,,'94,,,,,,,,nan-'94,"nan-'94/1996.0-The Best Of Zlatko Pejaković - Uspomene 69-96./nan-Koncert - Dom Športova, Zagreb '98/2007.0-The Platinum Collection"
Zlatko Pejaković,Zlatko Pejaković,Kćeri Moja,3:19,Bata Zlatković,Zdenko Runjić,,,'94,,,,,,,,nan-'94,nan-'94
Zlatko Pejaković,Zlatko Pejaković,Krv Si Mi Popila,3:11,Vjekoslava Huljić,Tonči Huljić,,,'94,,,,,,,,nan-'94,"nan-'94/nan-Koncert - Dom Športova, Zagreb '98/2007.0-The Platinum Collection"
Zlatko Pejaković,Zlatko Pejaković,Dobri Poznanici,3:22,Tonči Huljić,Tonči Huljić,,,'94,,,,,,,,nan-'94,nan-'94
Zlatko Pejaković,Zlatko Pejaković,Kad Čuješ Za Mene,3:38,Bata Zlatković,Tonči Huljić,,,'94,,,,,,,,nan-'94,nan-'94
Zlatko Pejaković,Zlatko Pejaković,Palo Mi Je Na Pamet,3:36,Mario Mihaljević,Tonči Huljić,,,'94,,,,,,,,nan-'94,nan-'94
Zlatko Pejaković,Zlatko Pejaković,Umro Bi' Noćas Za Nju,3:24,Bata Zlatković,Tonči Huljić,,,'94,,,,,,,,nan-'94,nan-'94
Zlatko Pejaković,Zlatko Pejaković,Naša Zabava,3:01,Marijan Samardžić,Tonči Huljić,,,'94,,,,,,,,nan-'94,nan-'94
Zlatko Pejaković,Zlatko Pejaković,Sa Svima Sam Se Posvađao,3:50,,,,,"U Se, Na Se... (Zlatko '95)",,,,,,,,"nan-U Se, Na Se... (Zlatko '95)","nan-U Se, Na Se... (Zlatko '95)"
Zlatko Pejaković,Zlatko Pejaković,"U Se, Na Se....",3:20,,,,,"U Se, Na Se... (Zlatko '95)",,,,,,,,"nan-U Se, Na Se... (Zlatko '95)","nan-U Se, Na Se... (Zlatko '95)"
Zlatko Pejaković,Zlatko Pejaković,Pijem Ja,3:12,,,,,"U Se, Na Se... (Zlatko '95)",,,,,,,,"nan-U Se, Na Se... (Zlatko '95)","nan-U Se, Na Se... (Zlatko '95)"
Zlatko Pejaković,Zlatko Pejaković,Sve Su Seke K'o Jabuke,3:45,,,,,"U Se, Na Se... (Zlatko '95)",,,,,,,,"nan-U Se, Na Se... (Zlatko '95)","nan-U Se, Na Se... (Zlatko '95)"
Zlatko Pejaković,Zlatko Pejaković,Bog Mi Je Svjedok,3:15,,,,,"U Se, Na Se... (Zlatko '95)",,,,,,,,"nan-U Se, Na Se... (Zlatko '95)","nan-U Se, Na Se... (Zlatko '95)"
Zlatko Pejaković,Zlatko Pejaković,Kreni Kišo,3:40,,Branimir Mihaljević,,,"U Se, Na Se... (Zlatko '95)",,,,,,,,"nan-U Se, Na Se... (Zlatko '95)","nan-U Se, Na Se... (Zlatko '95)"
Zlatko Pejaković,Zlatko Pejaković,"Blago Tebi, Teško Meni",3:38,,,,,"U Se, Na Se... (Zlatko '95)",,,,,,,,"nan-U Se, Na Se... (Zlatko '95)","nan-U Se, Na Se... (Zlatko '95)"
Zlatko Pejaković,Zlatko Pejaković,Ove Noći,,,,,,The Best Of Zlatko Pejaković - Uspomene 69-96.,,1996.0,,,,,,1996.0-The Best Of Zlatko Pejaković - Uspomene 69-96.,1996.0-The Best Of Zlatko Pejaković - Uspomene 69-96.
Zlatko Pejaković,Zlatko Pejaković,Zbogom Dalmacijo,,,,,,The Best Of Zlatko Pejaković - Uspomene 69-96.,,1996.0,,,,,,1996.0-The Best Of Zlatko Pejaković - Uspomene 69-96.,1996.0-The Best Of Zlatko Pejaković - Uspomene 69-96.
Zlatko Pejaković,Zlatko Pejaković,Cvita,,,,,,The Best Of Zlatko Pejaković - Uspomene 69-96.,,1996.0,,,,,,1996.0-The Best Of Zlatko Pejaković - Uspomene 69-96.,1996.0-The Best Of Zlatko Pejaković - Uspomene 69-96.
Zlatko Pejaković,Zlatko Pejaković,Nesretnik,,,,,,The Best Of Zlatko Pejaković - Uspomene 69-96.,,1996.0,,,,,,1996.0-The Best Of Zlatko Pejaković - Uspomene 69-96.,1996.0-The Best Of Zlatko Pejaković - Uspomene 69-96.
Zlatko Pejaković,Zlatko Pejaković,Zaboravi Sve,,,,,,The Best Of Zlatko Pejaković - Uspomene 69-96.,,1996.0,,,,,,1996.0-The Best Of Zlatko Pejaković - Uspomene 69-96.,1996.0-The Best Of Zlatko Pejaković - Uspomene 69-96.
Zlatko Pejaković,Zlatko Pejaković,Lagala Je...,,,,,,The Best Of Zlatko Pejaković - Uspomene 69-96.,,1996.0,,,,,,1996.0-The Best Of Zlatko Pejaković - Uspomene 69-96.,1996.0-The Best Of Zlatko Pejaković - Uspomene 69-96.
Zlatko Pejaković,Zlatko Pejaković,Odgovori,,,,,,The Best Of Zlatko Pejaković - Uspomene 69-96.,,1996.0,,,,,,1996.0-The Best Of Zlatko Pejaković - Uspomene 69-96.,1996.0-The Best Of Zlatko Pejaković - Uspomene 69-96.
Zlatko Pejaković,Zlatko Pejaković,Nemoj Dunave,,,,,,The Best Of Zlatko Pejaković - Uspomene 69-96.,,1996.0,,,,,,1996.0-The Best Of Zlatko Pejaković - Uspomene 69-96.,1996.0-The Best Of Zlatko Pejaković - Uspomene 69-96./nan-Sve Najbolje/2005.0-Zlatna Kolekcija/2007.0-The Platinum Collection
Zlatko Pejaković,Zlatko Pejaković,Ne Diraj U Stare Rane,3:12,Maja Perfiljeva,Đelo Jusić,,,Sve Najbolje,,,,,,,,nan-Sve Najbolje,nan-Sve Najbolje/2005.0-Zlatna Kolekcija
Zlatko Pejaković,Zlatko Pejaković,Za Šaku Ljubavi (Što Je Bol),3:21,Marina Tucaković,Aleksandar Radulović - Futa,,,Sve Najbolje,,,,,,,,nan-Sve Najbolje,nan-Sve Najbolje/2005.0-Zlatna Kolekcija
Zlatko Pejaković,Zlatko Pejaković,Zaboravi Espanu,3:19,Jadranko Bračić,Nenad Vilović,,,Sve Najbolje,,,,,,,,nan-Sve Najbolje,nan-Sve Najbolje/2005.0-Zlatna Kolekcija/2007.0-The Platinum Collection
Zlatko Pejaković,Zlatko Pejaković,Tamo Gdje Grožđe Zri,2:55,Bratislav Zlatanović,Tonči Huljić,,,Sve Najbolje,,,,,,,,nan-Sve Najbolje,nan-Sve Najbolje/2005.0-Zlatna Kolekcija/2007.0-The Platinum Collection
Zlatko Pejaković,Zlatko Pejaković,Žao Mi Je,3:27,,,,,Ni Na Nebu Ni Na Zemlji (Zlatko '97),,,,,,,,nan-Ni Na Nebu Ni Na Zemlji (Zlatko '97),nan-Ni Na Nebu Ni Na Zemlji (Zlatko '97)
Zlatko Pejaković,Zlatko Pejaković,Neću,3:12,,Milan Dimovski,,,Ni Na Nebu Ni Na Zemlji (Zlatko '97),,,,,,,,nan-Ni Na Nebu Ni Na Zemlji (Zlatko '97),"nan-Ni Na Nebu Ni Na Zemlji (Zlatko '97)/nan-Koncert - Dom Športova, Zagreb '98/2007.0-The Platinum Collection"
Zlatko Pejaković,Zlatko Pejaković,Što Sam Ti Bio Ja,3:00,,,,,Ni Na Nebu Ni Na Zemlji (Zlatko '97),,,,,,,,nan-Ni Na Nebu Ni Na Zemlji (Zlatko '97),nan-Ni Na Nebu Ni Na Zemlji (Zlatko '97)
Zlatko Pejaković,Zlatko Pejaković,Što Sad Imam Ja Od Tog,3:58,,Branimir Mihaljević,,,Ni Na Nebu Ni Na Zemlji (Zlatko '97),,,,,,,,nan-Ni Na Nebu Ni Na Zemlji (Zlatko '97),nan-Ni Na Nebu Ni Na Zemlji (Zlatko '97)/2007.0-The Platinum Collection
Zlatko Pejaković,Zlatko Pejaković,Opraštam Ti,3:47,,,,,Ni Na Nebu Ni Na Zemlji (Zlatko '97),,,,,,,,nan-Ni Na Nebu Ni Na Zemlji (Zlatko '97),nan-Ni Na Nebu Ni Na Zemlji (Zlatko '97)
Zlatko Pejaković,Zlatko Pejaković,Sanjaš Da Te Nitko Ne Voli,3:28,,,,,Ni Na Nebu Ni Na Zemlji (Zlatko '97),,,,,,,,nan-Ni Na Nebu Ni Na Zemlji (Zlatko '97),nan-Ni Na Nebu Ni Na Zemlji (Zlatko '97)
Zlatko Pejaković,Zlatko Pejaković,Kao Da Me Nema,3:31,,,,,Ni Na Nebu Ni Na Zemlji (Zlatko '97),,,,,,,,nan-Ni Na Nebu Ni Na Zemlji (Zlatko '97),nan-Ni Na Nebu Ni Na Zemlji (Zlatko '97)
Zlatko Pejaković,Zlatko Pejaković,Baksus,4:05,,Zlatko Pejaković,,,Ni Na Nebu Ni Na Zemlji (Zlatko '97),,,,,,,,nan-Ni Na Nebu Ni Na Zemlji (Zlatko '97),nan-Ni Na Nebu Ni Na Zemlji (Zlatko '97)
Zlatko Pejaković,Zlatko Pejaković,Misli Svatko Da Je Meni Lako,2:56,Mario Mihaljević,,,,Ni Na Nebu Ni Na Zemlji (Zlatko '97),Traditional,,,,Mladen Burnać,,,nan-Ni Na Nebu Ni Na Zemlji (Zlatko '97),"nan-Ni Na Nebu Ni Na Zemlji (Zlatko '97)/nan-Koncert - Dom Športova, Zagreb '98/2007.0-The Platinum Collection"
Zlatko Pejaković,Zlatko Pejaković,Još Te Volim,4:55,Mario Mihaljević,,,,Ni Na Nebu Ni Na Zemlji (Zlatko '97),Roberto Livi,,,,,,,nan-Ni Na Nebu Ni Na Zemlji (Zlatko '97),nan-Ni Na Nebu Ni Na Zemlji (Zlatko '97)
Zlatko Pejaković,Zlatko Pejaković,Tko Je Kriv,3:01,,,,,"Koncert - Dom Športova, Zagreb '98",,,,,,,,"nan-Koncert - Dom Športova, Zagreb '98","nan-Koncert - Dom Športova, Zagreb '98"
Zlatko Pejaković,Zlatko Pejaković,"Svirajte Mi, Pjesmu Njenu",2:48,,,,,"Koncert - Dom Športova, Zagreb '98",,,,,,,,"nan-Koncert - Dom Športova, Zagreb '98","nan-Koncert - Dom Športova, Zagreb '98"
Zlatko Pejaković,Zlatko Pejaković,"Ako Odem, Prijatelji",3:22,,,,,"Koncert - Dom Športova, Zagreb '98",,,,,,,,"nan-Koncert - Dom Športova, Zagreb '98","nan-Koncert - Dom Športova, Zagreb '98"
Zlatko Pejaković,Zlatko Pejaković,Pijem I Ja,2:39,,,,,"Koncert - Dom Športova, Zagreb '98",,,,,,,,"nan-Koncert - Dom Športova, Zagreb '98","nan-Koncert - Dom Športova, Zagreb '98"
Zlatko Pejaković,Zlatko Pejaković,Sve Su Seke,3:19,,,,,"Koncert - Dom Športova, Zagreb '98",,,,,,,,"nan-Koncert - Dom Športova, Zagreb '98","nan-Koncert - Dom Športova, Zagreb '98"
Zlatko Pejaković,Zlatko Pejaković,Kad Napuste Te Svi,3:33,,,,,"Koncert - Dom Športova, Zagreb '98",,,,,,,,"nan-Koncert - Dom Športova, Zagreb '98","nan-Koncert - Dom Športova, Zagreb '98"
Zlatko Pejaković,Zlatko Pejaković,Nećemo Noćas Doma,2:49,,,,,"Koncert - Dom Športova, Zagreb '98",,,,,,,,"nan-Koncert - Dom Športova, Zagreb '98","nan-Koncert - Dom Športova, Zagreb '98/2007.0-The Platinum Collection"
Zlatko Pejaković,Zlatko Pejaković,Živio Bi Kao Kralj,2:51,,,,,"Koncert - Dom Športova, Zagreb '98",,,,,,,,"nan-Koncert - Dom Športova, Zagreb '98","nan-Koncert - Dom Športova, Zagreb '98"
Zlatko Pejaković,Zlatko Pejaković,Jednom Kad Budem,3:16,Marina Tucaković,Josip Boček,Josip Boček,,CD Kolekcija ,,2000.0,,,,,,2000.0-CD Kolekcija ,2000.0-CD Kolekcija 
Zlatko Pejaković,Zlatko Pejaković,"Ma, Nije Moguće",4:04,Fayo,Branimir Mihaljević,,,2000,,,,,,,,nan-2000,nan-2000/2007.0-The Platinum Collection
Zlatko Pejaković,Zlatko Pejaković,Tebi,3:46,Fayo,Zlatko Pejaković,,,2000,,,,,,,,nan-2000,nan-2000
Zlatko Pejaković,Zlatko Pejaković,Šta Ćeš Kući,3:04,Fayo,Branimir Mihaljević,,,2000,,,,,,,,nan-2000,nan-2000
Zlatko Pejaković,Zlatko Pejaković,Ne Plači Dušo,3:34,Fayo,Branimir Mihaljević,,,2000,,,,,,,,nan-2000,nan-2000/2001.0-Pijem Da Je Zaboravim
Zlatko Pejaković,Zlatko Pejaković,"Moja Majka, Moja",4:37,Mario Mihaljević,Anita Šikić,,,2000,,,,,,Maja Blagdan,,nan-2000,nan-2000
Zlatko Pejaković,Zlatko Pejaković,Da Te Vidim Ano,3:36,Fayo,Zlatko Pejaković,,,2000,,,,,,,,nan-2000,nan-2000
Zlatko Pejaković,Zlatko Pejaković,"Guram, Guram",2:52,Fayo,Branimir Mihaljević,,,2000,,,,,,,,nan-2000,nan-2000
Zlatko Pejaković,Zlatko Pejaković,Dajte Vina,3:21,Fayo,Branimir Mihaljević,,,2000,,,,,,,,nan-2000,nan-2000
Zlatko Pejaković,Zlatko Pejaković,"Nemam Stranku, Nemam Partiju",3:12,Mario Mihaljević,Mario Mihaljević,,,2000,,,,,,,,nan-2000,nan-2000/2007.0-The Platinum Collection
Zlatko Pejaković,Zlatko Pejaković,Čerge (2000),5:04,Zlatko Pejaković,Zlatko Pejaković,,,2000,,,,,,,,nan-2000,nan-2000
Zlatko Pejaković,Zlatko Pejaković,Borim Se Borim (Bolna Ti Ležim),,,,,,Pijem Da Je Zaboravim,,2001.0,,,,,,2001.0-Pijem Da Je Zaboravim,2001.0-Pijem Da Je Zaboravim
Zlatko Pejaković,Zlatko Pejaković,Ne Dolazi U Moj San,,,,,,Pijem Da Je Zaboravim,,2001.0,,,,,,2001.0-Pijem Da Je Zaboravim,2001.0-Pijem Da Je Zaboravim
Zlatko Pejaković,Zlatko Pejaković,Rujno Vino (Ti Si Me Čekala),,,,,,Pijem Da Je Zaboravim,,2001.0,,,,,,2001.0-Pijem Da Je Zaboravim,2001.0-Pijem Da Je Zaboravim
Zlatko Pejaković,Zlatko Pejaković,Pijem Da Je Zaboravim,,,,,,Pijem Da Je Zaboravim,,2001.0,,,,,,2001.0-Pijem Da Je Zaboravim,2001.0-Pijem Da Je Zaboravim
Zlatko Pejaković,Zlatko Pejaković,"Odlazi, Odlazi",,,,,,Pijem Da Je Zaboravim,,2001.0,,,,,,2001.0-Pijem Da Je Zaboravim,2001.0-Pijem Da Je Zaboravim
Zlatko Pejaković,Zlatko Pejaković,Zelene Oči,,,,,,Pijem Da Je Zaboravim,,2001.0,,,,,,2001.0-Pijem Da Je Zaboravim,2001.0-Pijem Da Je Zaboravim
Zlatko Pejaković,Zlatko Pejaković,Ostarit Ću,,,,,,Pijem Da Je Zaboravim,,2001.0,,,,,,2001.0-Pijem Da Je Zaboravim,2001.0-Pijem Da Je Zaboravim
Zlatko Pejaković,Zlatko Pejaković,"E, Kad Bi Znala",,,,,,Pijem Da Je Zaboravim,,2001.0,,,,,,2001.0-Pijem Da Je Zaboravim,2001.0-Pijem Da Je Zaboravim
Zlatko Pejaković,Zlatko Pejaković,"Otrova, Otrova",,,,,,Pijem Da Je Zaboravim,,2001.0,,,,,,2001.0-Pijem Da Je Zaboravim,2001.0-Pijem Da Je Zaboravim
Zlatko Pejaković,Zlatko Pejaković,Bolje Mi Je,,,,,,Pijem Da Je Zaboravim,,2001.0,,,,,,2001.0-Pijem Da Je Zaboravim,2001.0-Pijem Da Je Zaboravim
Zlatko Pejaković,Zlatko Pejaković,Čerge (Matrica),,,,,,Pijem Da Je Zaboravim,,2001.0,,,,,,2001.0-Pijem Da Je Zaboravim,2001.0-Pijem Da Je Zaboravim
Zlatko Pejaković,Zlatko Pejaković,Pjesma Je Da Se Pjeva ,4:04,,,,,Pjesma Je Da Se Pjeva,,2001.0,,,,,,2001.0-Pjesma Je Da Se Pjeva,2001.0-Pjesma Je Da Se Pjeva
Zlatko Pejaković,Zlatko Pejaković,Čovek Koji Moli ,4:38,,,,,Pjesma Je Da Se Pjeva,,2001.0,,,,,,2001.0-Pjesma Je Da Se Pjeva,2001.0-Pjesma Je Da Se Pjeva
Zlatko Pejaković,Zlatko Pejaković,Dajte Neku Lošu,,,,,,Bezobrazno Zelene,,2002.0,,,,,,2002.0-Bezobrazno Zelene,2002.0-Bezobrazno Zelene
Zlatko Pejaković,Zlatko Pejaković,"Pola Vino, Pola Voda",,,,,,Bezobrazno Zelene,,2002.0,,,,,,2002.0-Bezobrazno Zelene,2002.0-Bezobrazno Zelene
Zlatko Pejaković,Zlatko Pejaković,Zlatne Strune,,,,,,Bezobrazno Zelene,,2002.0,,,,,,2002.0-Bezobrazno Zelene,2002.0-Bezobrazno Zelene
Zlatko Pejaković,Zlatko Pejaković,Sve Je Moje Tvoje,,,,,,Bezobrazno Zelene,,2002.0,,,,,,2002.0-Bezobrazno Zelene,2002.0-Bezobrazno Zelene
Zlatko Pejaković,Zlatko Pejaković,Nedjelja,,,,,,Bezobrazno Zelene,,2002.0,,,,,,2002.0-Bezobrazno Zelene,2002.0-Bezobrazno Zelene
Zlatko Pejaković,Zlatko Pejaković,Bezobrazno Zelene,,,,,,Bezobrazno Zelene,,2002.0,,,,,,2002.0-Bezobrazno Zelene,2002.0-Bezobrazno Zelene
Zlatko Pejaković,Zlatko Pejaković,Prava Ljubav,,,,,,Bezobrazno Zelene,,2002.0,,,,,,2002.0-Bezobrazno Zelene,2002.0-Bezobrazno Zelene
Zlatko Pejaković,Zlatko Pejaković,Kafu Mi Draga Ispeci,,,,,,Bezobrazno Zelene,,2002.0,,,,,,2002.0-Bezobrazno Zelene,2002.0-Bezobrazno Zelene
Zlatko Pejaković,Zlatko Pejaković,U Ranu Zoru,,,,,,Bezobrazno Zelene,,2002.0,,,,,,2002.0-Bezobrazno Zelene,2002.0-Bezobrazno Zelene
Zlatko Pejaković,Zlatko Pejaković,Po Lojtrici Gor I Dol,,,,,,Bezobrazno Zelene,,2002.0,,,,,,2002.0-Bezobrazno Zelene,2002.0-Bezobrazno Zelene
Zlatko Pejaković,Zlatko Pejaković,Ja Sam Svoje Grijehe Platio,,,,,,2004,,,,,,,,nan-2004,nan-2004
Zlatko Pejaković,Zlatko Pejaković,Hoću,,,,,,2004,,,,,,,,nan-2004,nan-2004/2007.0-The Platinum Collection
Zlatko Pejaković,Zlatko Pejaković,Jedan Dan U Životu Da Mi Je,,,,,,2004,,,,,,,,nan-2004,nan-2004
Zlatko Pejaković,Zlatko Pejaković,"Oteto, Prokleto",,,,,,2004,,,,,,,,nan-2004,nan-2004
Zlatko Pejaković,Zlatko Pejaković,Čekaj,,,,,,2004,,,,,,,,nan-2004,nan-2004
Zlatko Pejaković,Zlatko Pejaković,Nisam Pijan Kunem Ti Se,,,,,,2004,,,,,,,,nan-2004,nan-2004/2007.0-The Platinum Collection
Zlatko Pejaković,Zlatko Pejaković,Reci Što Da Učinim,,,,,,2004,,,,,,,,nan-2004,nan-2004
Zlatko Pejaković,Zlatko Pejaković,Udala Se,,,,,,2004,,,,,,,,nan-2004,nan-2004
Zlatko Pejaković,Zlatko Pejaković,Kao Lani,,,,,,2004,,,,,,,,nan-2004,nan-2004
Zlatko Pejaković,Zlatko Pejaković,Ti Znaš Tko Sam Ja,,,,,,2004,,,,,,,,nan-2004,nan-2004
Zlatko Pejaković,Zlatko Pejaković,Indexi - Sve Ove Godine,,,,,,Zlatna Kolekcija,,2005.0,,,,,,2005.0-Zlatna Kolekcija,2005.0-Zlatna Kolekcija
Zlatko Pejaković,Zlatko Pejaković,Sve Ove Godine,3:53,,,,,Zlatna Kolekcija,,2005.0,,,,,,2005.0-Zlatna Kolekcija,2005.0-Zlatna Kolekcija
Zlatko Pejaković,Zlatko Pejaković,Da Sam Ja Netko,3:56,,,,,Zlatna Kolekcija,,2005.0,,,,,,2005.0-Zlatna Kolekcija,2005.0-Zlatna Kolekcija
Zlatko Pejaković,Zlatko Pejaković,Svijet U Kojem Živim,4:34,,,,,Zlatna Kolekcija,,2005.0,,,,,,2005.0-Zlatna Kolekcija,2005.0-Zlatna Kolekcija
Zlatko Pejaković,Zlatko Pejaković,Sanjam,4:14,,,,,Zlatna Kolekcija,,2005.0,,,,,,2005.0-Zlatna Kolekcija,2005.0-Zlatna Kolekcija
Zlatko Pejaković,Zlatko Pejaković,Plima,5:11,,,,,Zlatna Kolekcija,,2005.0,,,,,,2005.0-Zlatna Kolekcija,2005.0-Zlatna Kolekcija
Zlatko Pejaković,Zlatko Pejaković,"Predaj Se, Srce",3:55,,,,,Zlatna Kolekcija,,2005.0,,,,,,2005.0-Zlatna Kolekcija,2005.0-Zlatna Kolekcija
Zlatko Pejaković,Zlatko Pejaković,Pozovi Me Na Kafu,3:38,,,,,Zlatna Kolekcija,,2005.0,,,,,,2005.0-Zlatna Kolekcija,2005.0-Zlatna Kolekcija
Zlatko Pejaković,Zlatko Pejaković,Pokaži Mi Dlan,4:25,,,,,Zlatna Kolekcija,,2005.0,,,,,,2005.0-Zlatna Kolekcija,2005.0-Zlatna Kolekcija
Zlatko Pejaković,Zlatko Pejaković,310 Poljubaca,4:24,,,,,Zlatna Kolekcija,,2005.0,,,,,,2005.0-Zlatna Kolekcija,2005.0-Zlatna Kolekcija
Zlatko Pejaković,Zlatko Pejaković,Krivac Si Ti,4:37,,,,,Zlatna Kolekcija,,2005.0,,,,,,2005.0-Zlatna Kolekcija,2005.0-Zlatna Kolekcija
Zlatko Pejaković,Zlatko Pejaković,Balada,4:19,,,,,Zlatna Kolekcija,,2005.0,,,,,,2005.0-Zlatna Kolekcija,2005.0-Zlatna Kolekcija
Zlatko Pejaković,Zlatko Pejaković,"Voljela Je ""Sjaj U Travi""",3:50,,,,,Zlatna Kolekcija,,2005.0,,,,,,2005.0-Zlatna Kolekcija,2005.0-Zlatna Kolekcija
Zlatko Pejaković,Zlatko Pejaković,"Njene Oči, Usne, Ruke",4:22,,,,,Zlatna Kolekcija,,2005.0,,,,,,2005.0-Zlatna Kolekcija,2005.0-Zlatna Kolekcija
Zlatko Pejaković,Zlatko Pejaković,Budi Kao More,4:52,,,,,Zlatna Kolekcija,,2005.0,,,,,,2005.0-Zlatna Kolekcija,2005.0-Zlatna Kolekcija
Zlatko Pejaković,Zlatko Pejaković,Modra Rijeka,6:52,,,,,Zlatna Kolekcija,,2005.0,,,,,,2005.0-Zlatna Kolekcija,2005.0-Zlatna Kolekcija
Zlatko Pejaković,Zlatko Pejaković,Massimo - Zlatna Kolekcija,,,,,,Zlatna Kolekcija,,2005.0,,,,,,2005.0-Zlatna Kolekcija,2005.0-Zlatna Kolekcija
Zlatko Pejaković,Zlatko Pejaković,Stranac U Noći,3:45,,,,,Zlatna Kolekcija,,2005.0,,,,,,2005.0-Zlatna Kolekcija,2005.0-Zlatna Kolekcija
Zlatko Pejaković,Zlatko Pejaković,Moja Ljubica,3:38,,,,,Zlatna Kolekcija,,2005.0,,,,,,2005.0-Zlatna Kolekcija,2005.0-Zlatna Kolekcija
Zlatko Pejaković,Zlatko Pejaković,Leđa Mi Okrećeš Ti,5:08,,,,,Zlatna Kolekcija,,2005.0,,,,,,2005.0-Zlatna Kolekcija,2005.0-Zlatna Kolekcija
Zlatko Pejaković,Zlatko Pejaković,"Sunce Sja, Trava Miriše",4:06,,,,,Zlatna Kolekcija,,2005.0,,,,,Plava Trava Zaborava,2005.0-Zlatna Kolekcija,2005.0-Zlatna Kolekcija
Zlatko Pejaković,Zlatko Pejaković,Da Li Znaš Da Te Volim,5:07,,,,,Zlatna Kolekcija,,2005.0,,,,,,2005.0-Zlatna Kolekcija,2005.0-Zlatna Kolekcija
Zlatko Pejaković,Zlatko Pejaković,Ponovo Zajedno,4:34,,,,,Zlatna Kolekcija,,2005.0,,,,,,2005.0-Zlatna Kolekcija,2005.0-Zlatna Kolekcija/2005.0-Zlatna Kolekcija
Zlatko Pejaković,Zlatko Pejaković,Zamisli Život U Ritmu Muzike Za Ples,4:00,,,,,Zlatna Kolekcija,,2005.0,,,,,Jura Stublić,2005.0-Zlatna Kolekcija,2005.0-Zlatna Kolekcija
Zlatko Pejaković,Zlatko Pejaković,Jedna Suza Na Tvom Licu,3:26,,,,,Zlatna Kolekcija,,2005.0,,,,,,2005.0-Zlatna Kolekcija,2005.0-Zlatna Kolekcija
Zlatko Pejaković,Zlatko Pejaković,Samo Jedan Dan,3:05,,,,,Zlatna Kolekcija,,2005.0,,,,,,2005.0-Zlatna Kolekcija,2005.0-Zlatna Kolekcija
Zlatko Pejaković,Zlatko Pejaković,Benzina,3:41,,,,,Zlatna Kolekcija,,2005.0,,,,,,2005.0-Zlatna Kolekcija,2005.0-Zlatna Kolekcija/2005.0-Zlatna Kolekcija
Zlatko Pejaković,Zlatko Pejaković,Zadnja Noć,4:47,,,,,Zlatna Kolekcija,,2005.0,,,,,,2005.0-Zlatna Kolekcija,2005.0-Zlatna Kolekcija
Zlatko Pejaković,Zlatko Pejaković,Kad Čovjek Voli Ženu,4:01,,,,,Zlatna Kolekcija,,2005.0,,,,,,2005.0-Zlatna Kolekcija,2005.0-Zlatna Kolekcija
Zlatko Pejaković,Zlatko Pejaković,Odmori Se Na Mojim Rukama,3:53,,,,,Zlatna Kolekcija,,2005.0,,,,,,2005.0-Zlatna Kolekcija,2005.0-Zlatna Kolekcija
Zlatko Pejaković,Zlatko Pejaković,"Mislim, Mislim (Nek' Živi Ljubav)",3:50,,,,,Zlatna Kolekcija,,2005.0,,,,,Dino Dvornik,2005.0-Zlatna Kolekcija,2005.0-Zlatna Kolekcija
Zlatko Pejaković,Zlatko Pejaković,Kad Liju Kiše,4:20,,,,,Zlatna Kolekcija,,2005.0,,,,,,2005.0-Zlatna Kolekcija,2005.0-Zlatna Kolekcija
Zlatko Pejaković,Zlatko Pejaković,Malaguena Salerosa,4:02,,,,,Zlatna Kolekcija,,2005.0,,,,,,2005.0-Zlatna Kolekcija,2005.0-Zlatna Kolekcija
Zlatko Pejaković,Zlatko Pejaković,Srebrna Krila - Zlatna Kolekcija,,,,,,Zlatna Kolekcija,,2005.0,,,,,,2005.0-Zlatna Kolekcija,2005.0-Zlatna Kolekcija
Zlatko Pejaković,Zlatko Pejaković,Ana,3:03,,,,,Zlatna Kolekcija,,2005.0,,,,,,2005.0-Zlatna Kolekcija,2005.0-Zlatna Kolekcija
Zlatko Pejaković,Zlatko Pejaković,Volio Sam Tanju (I Noću I Danju),3:06,,,,,Zlatna Kolekcija,,2005.0,,,,,,2005.0-Zlatna Kolekcija,2005.0-Zlatna Kolekcija
Zlatko Pejaković,Zlatko Pejaković,Ja Nisam Kockar,3:21,,,,,Zlatna Kolekcija,,2005.0,,,,,,2005.0-Zlatna Kolekcija,2005.0-Zlatna Kolekcija
Zlatko Pejaković,Zlatko Pejaković,Prva Noć Sa Njom,3:22,,,,,Zlatna Kolekcija,,2005.0,,,,,,2005.0-Zlatna Kolekcija,2005.0-Zlatna Kolekcija
Zlatko Pejaković,Zlatko Pejaković,Lili,2:22,,,,,Zlatna Kolekcija,,2005.0,,,,,,2005.0-Zlatna Kolekcija,2005.0-Zlatna Kolekcija
Zlatko Pejaković,Zlatko Pejaković,Sanjar Lutalica,3:41,,,,,Zlatna Kolekcija,,2005.0,,,,,,2005.0-Zlatna Kolekcija,2005.0-Zlatna Kolekcija
Zlatko Pejaković,Zlatko Pejaković,Zakuni Se Ljubavi,4:01,,,,,Zlatna Kolekcija,,2005.0,,,,,,2005.0-Zlatna Kolekcija,2005.0-Zlatna Kolekcija
Zlatko Pejaković,Zlatko Pejaković,"Bilo Mi Je Teško, Bilo Mi Je Žao",3:56,,,,,Zlatna Kolekcija,,2005.0,,,,,,2005.0-Zlatna Kolekcija,2005.0-Zlatna Kolekcija
Zlatko Pejaković,Zlatko Pejaković,Ja Sam Jedan Od Mnogih S Gitarom,3:16,,,,,Zlatna Kolekcija,,2005.0,,,,,,2005.0-Zlatna Kolekcija,2005.0-Zlatna Kolekcija
Zlatko Pejaković,Zlatko Pejaković,Kucni Tri Put Na Vrata,3:00,,,,,Zlatna Kolekcija,,2005.0,,,,,,2005.0-Zlatna Kolekcija,2005.0-Zlatna Kolekcija
Zlatko Pejaković,Zlatko Pejaković,Ljubio Sam Nadu U Studenskom Gradu,3:15,,,,,Zlatna Kolekcija,,2005.0,,,,,,2005.0-Zlatna Kolekcija,2005.0-Zlatna Kolekcija
Zlatko Pejaković,Zlatko Pejaković,Šesnaest Godina,3:10,,,,,Zlatna Kolekcija,,2005.0,,,,,,2005.0-Zlatna Kolekcija,2005.0-Zlatna Kolekcija
Zlatko Pejaković,Zlatko Pejaković,Nek' Živi Ljubav,3:34,,,,,Zlatna Kolekcija,,2005.0,,,,,,2005.0-Zlatna Kolekcija,2005.0-Zlatna Kolekcija
Zlatko Pejaković,Zlatko Pejaković,Kulminacija,2:54,,,,,Zlatna Kolekcija,,2005.0,,,,,,2005.0-Zlatna Kolekcija,2005.0-Zlatna Kolekcija
Zlatko Pejaković,Zlatko Pejaković,Manuela Cha-Cha-Cha,2:41,,,,,Zlatna Kolekcija,,2005.0,,,,,,2005.0-Zlatna Kolekcija,2005.0-Zlatna Kolekcija
Zlatko Pejaković,Zlatko Pejaković,Šalio Se Ja,2:37,,,,,Zlatna Kolekcija,,2005.0,,,,,,2005.0-Zlatna Kolekcija,2005.0-Zlatna Kolekcija
Zlatko Pejaković,Zlatko Pejaković,Julija I Romeo,3:01,,,,,Zlatna Kolekcija,,2005.0,,,,,,2005.0-Zlatna Kolekcija,2005.0-Zlatna Kolekcija
Zlatko Pejaković,Zlatko Pejaković,Ljiljana Čuvaj Se,3:15,,,,,Zlatna Kolekcija,,2005.0,,,,,,2005.0-Zlatna Kolekcija,2005.0-Zlatna Kolekcija
Zlatko Pejaković,Zlatko Pejaković,Dolina Našeg Sna,3:20,,,,,Zlatna Kolekcija,,2005.0,,,,,,2005.0-Zlatna Kolekcija,2005.0-Zlatna Kolekcija
Zlatko Pejaković,Zlatko Pejaković,Pošalji Mi Jastuk Na Kome Sanjaš,3:36,,,,,Zlatna Kolekcija,,2005.0,,,,,,2005.0-Zlatna Kolekcija,2005.0-Zlatna Kolekcija
Zlatko Pejaković,Zlatko Pejaković,Ćao Amore,3:05,,,,,Zlatna Kolekcija,,2005.0,,,,,,2005.0-Zlatna Kolekcija,2005.0-Zlatna Kolekcija
Zlatko Pejaković,Zlatko Pejaković,Oprosti Za Sve,3:31,,,,,Zlatna Kolekcija,,2005.0,,,,,,2005.0-Zlatna Kolekcija,2005.0-Zlatna Kolekcija
Zlatko Pejaković,Zlatko Pejaković,30 U Hladu,2:26,,,,,Zlatna Kolekcija,,2005.0,,,,,,2005.0-Zlatna Kolekcija,2005.0-Zlatna Kolekcija
Zlatko Pejaković,Zlatko Pejaković,Zlatko Pejaković - Sve Najbolje,,,,,,Zlatna Kolekcija,,2005.0,,,,,,2005.0-Zlatna Kolekcija,2005.0-Zlatna Kolekcija
Zlatko Pejaković,Zlatko Pejaković,Lipo Ti Je Rano Uraniti,3:09,,,,,1- Pjevat Će Slavonija,,2006.0,,,,,,2006.0-1- Pjevat Će Slavonija,2006.0-1- Pjevat Će Slavonija
Zlatko Pejaković,Zlatko Pejaković,Škripi Đeram,3:25,,,,,1- Pjevat Će Slavonija,,2006.0,,,,,,2006.0-1- Pjevat Će Slavonija,2006.0-1- Pjevat Će Slavonija
Zlatko Pejaković,Zlatko Pejaković,Tekla Voda Karašica,2:48,,,,,1- Pjevat Će Slavonija,,2006.0,,,,,,2006.0-1- Pjevat Će Slavonija,2006.0-1- Pjevat Će Slavonija
Zlatko Pejaković,Zlatko Pejaković,Našim Šorom Jagodo,2:50,,,,,1- Pjevat Će Slavonija,,2006.0,,,,,,2006.0-1- Pjevat Će Slavonija,2006.0-1- Pjevat Će Slavonija
Zlatko Pejaković,Zlatko Pejaković,Na Livadi Pala Kiša Rosulja,3:51,,,,,1- Pjevat Će Slavonija,,2006.0,,,,,,2006.0-1- Pjevat Će Slavonija,2006.0-1- Pjevat Će Slavonija
Zlatko Pejaković,Zlatko Pejaković,Gori Lampa Nasrid Vinkovaca,3:59,,,,,1- Pjevat Će Slavonija,,2006.0,,,,,,2006.0-1- Pjevat Će Slavonija,2006.0-1- Pjevat Će Slavonija
Zlatko Pejaković,Zlatko Pejaković,Djevojka Mara Tri Vijenca Plela,3:38,,,,,1- Pjevat Će Slavonija,,2006.0,,,,,,2006.0-1- Pjevat Će Slavonija,2006.0-1- Pjevat Će Slavonija
Zlatko Pejaković,Zlatko Pejaković,"Oj, Diko Moja (Oj, Lolo Moja)",3:11,,,,,1- Pjevat Će Slavonija,,2006.0,,,,,,2006.0-1- Pjevat Će Slavonija,2006.0-1- Pjevat Će Slavonija
Zlatko Pejaković,Zlatko Pejaković,Pjevat Će Slavonija,4:15,Miroslav Slavko Mađer,Branko Mihaljević,,,1- Pjevat Će Slavonija,,2006.0,,,,,,2006.0-1- Pjevat Će Slavonija,2006.0-1- Pjevat Će Slavonija
Zlatko Pejaković,Zlatko Pejaković,Ala Je Divan Taj Podravski Kraj,2:32,,,,,2 - Ala Je Divan Taj Podravski Kraj,,,,,,,,nan-2 - Ala Je Divan Taj Podravski Kraj,nan-2 - Ala Je Divan Taj Podravski Kraj
Zlatko Pejaković,Zlatko Pejaković,"Cvala Mi, Ruža Rumena",3:23,,,,,2 - Ala Je Divan Taj Podravski Kraj,,,,,,,,nan-2 - Ala Je Divan Taj Podravski Kraj,nan-2 - Ala Je Divan Taj Podravski Kraj
Zlatko Pejaković,Zlatko Pejaković,Junak Iz Doline,3:11,,,,,2 - Ala Je Divan Taj Podravski Kraj,,,,,,,,nan-2 - Ala Je Divan Taj Podravski Kraj,nan-2 - Ala Je Divan Taj Podravski Kraj
Zlatko Pejaković,Zlatko Pejaković,Na Malenom Brijegu,4:12,,,,,2 - Ala Je Divan Taj Podravski Kraj,,,,,,,,nan-2 - Ala Je Divan Taj Podravski Kraj,nan-2 - Ala Je Divan Taj Podravski Kraj
Zlatko Pejaković,Zlatko Pejaković,Podravino Moja Mila,2:51,,,,,2 - Ala Je Divan Taj Podravski Kraj,,,,,,,,nan-2 - Ala Je Divan Taj Podravski Kraj,nan-2 - Ala Je Divan Taj Podravski Kraj
Zlatko Pejaković,Zlatko Pejaković,Potočić Maleni,3:00,,,,,2 - Ala Je Divan Taj Podravski Kraj,,,,,,,,nan-2 - Ala Je Divan Taj Podravski Kraj,nan-2 - Ala Je Divan Taj Podravski Kraj
Zlatko Pejaković,Zlatko Pejaković,U Ravnoj Podravini,2:14,,,,,2 - Ala Je Divan Taj Podravski Kraj,,,,,,,,nan-2 - Ala Je Divan Taj Podravski Kraj,nan-2 - Ala Je Divan Taj Podravski Kraj
Zlatko Pejaković,Zlatko Pejaković,Podravska Zvona,3:05,,,,,2 - Ala Je Divan Taj Podravski Kraj,,,,,,,,nan-2 - Ala Je Divan Taj Podravski Kraj,nan-2 - Ala Je Divan Taj Podravski Kraj
Zlatko Pejaković,Zlatko Pejaković,Es Tike Tike,2:05,,,,,2 - Ala Je Divan Taj Podravski Kraj,,,,,,,,nan-2 - Ala Je Divan Taj Podravski Kraj,nan-2 - Ala Je Divan Taj Podravski Kraj
Zlatko Pejaković,Zlatko Pejaković,"Maro, Maro",2:41,,,,,2 - Ala Je Divan Taj Podravski Kraj,,,,,,,,nan-2 - Ala Je Divan Taj Podravski Kraj,nan-2 - Ala Je Divan Taj Podravski Kraj
Zlatko Pejaković,Zlatko Pejaković,Svirajte Mi Pjesmu Njenu,3:15,,,,,The Platinum Collection,,2007.0,,,,,,2007.0-The Platinum Collection,2007.0-The Platinum Collection
Zlatko Pejaković,Zlatko Pejaković,"Oj Ti Vilo, Vilo Velebita",3:30,,,,,"Ličanin Sam, Govor Me Odaje",,2007.0,,,,,,"2007.0-Ličanin Sam, Govor Me Odaje","2007.0-Ličanin Sam, Govor Me Odaje"
Zlatko Pejaković,Zlatko Pejaković,Moj Nevene,2:55,,,,,"Ličanin Sam, Govor Me Odaje",,2007.0,,,,,,"2007.0-Ličanin Sam, Govor Me Odaje","2007.0-Ličanin Sam, Govor Me Odaje"
Zlatko Pejaković,Zlatko Pejaković,Oj Livado Rosna Travo,3:20,,,,,"Ličanin Sam, Govor Me Odaje",,2007.0,,,,,,"2007.0-Ličanin Sam, Govor Me Odaje","2007.0-Ličanin Sam, Govor Me Odaje"
Zlatko Pejaković,Zlatko Pejaković,Preko Kapele,3:08,,,,,"Ličanin Sam, Govor Me Odaje",,2007.0,,,,,,"2007.0-Ličanin Sam, Govor Me Odaje","2007.0-Ličanin Sam, Govor Me Odaje"
Zlatko Pejaković,Zlatko Pejaković,Kukunješće,2:56,,,,,"Ličanin Sam, Govor Me Odaje",,2007.0,,,,,,"2007.0-Ličanin Sam, Govor Me Odaje","2007.0-Ličanin Sam, Govor Me Odaje"
Zlatko Pejaković,Zlatko Pejaković,"Pjevaj Mi, Pjevaj Sokole",3:41,,,,,"Ličanin Sam, Govor Me Odaje",,2007.0,,,,,,"2007.0-Ličanin Sam, Govor Me Odaje","2007.0-Ličanin Sam, Govor Me Odaje"
Zlatko Pejaković,Zlatko Pejaković,Pjesma Ličkog Junaka,2:51,,,,,"Ličanin Sam, Govor Me Odaje",,2007.0,,,,,,"2007.0-Ličanin Sam, Govor Me Odaje","2007.0-Ličanin Sam, Govor Me Odaje"
Zlatko Pejaković,Zlatko Pejaković,Ličanin Sam...,3:16,,,,,"Ličanin Sam, Govor Me Odaje",,2007.0,,,,,,"2007.0-Ličanin Sam, Govor Me Odaje","2007.0-Ličanin Sam, Govor Me Odaje"
Zlatko Pejaković,Zlatko Pejaković,Brinje Moje,3:23,,,,,"Ličanin Sam, Govor Me Odaje",,2007.0,,,,,,"2007.0-Ličanin Sam, Govor Me Odaje","2007.0-Ličanin Sam, Govor Me Odaje"
Zlatko Pejaković,Zlatko Pejaković,"Rano, Rano",3:12,,,,,"Ličanin Sam, Govor Me Odaje",,2007.0,,,,,,"2007.0-Ličanin Sam, Govor Me Odaje","2007.0-Ličanin Sam, Govor Me Odaje"
Zlatko Pejaković,Zlatko Pejaković,"Siromah sam, nije me sramota",,,,,,Zlatko 2010,,2010.0,,,,,,2010.0-Zlatko 2010,2010.0-Zlatko 2010
Zlatko Pejaković,Zlatko Pejaković,Zalud živim,,,,,,Zlatko 2010,,2010.0,,,,,,2010.0-Zlatko 2010,2010.0-Zlatko 2010
Zlatko Pejaković,Zlatko Pejaković,Stara moja,,,,,,Zlatko 2010,,2010.0,,,,,,2010.0-Zlatko 2010,2010.0-Zlatko 2010
Zlatko Pejaković,Zlatko Pejaković,Imam malo želja,,,,,,Zlatko 2010,,2010.0,,,,,,2010.0-Zlatko 2010,2010.0-Zlatko 2010
Zlatko Pejaković,Zlatko Pejaković,"Doviđenja, doviđenja",,,,,,Zlatko 2010,,2010.0,,,,,,2010.0-Zlatko 2010,2010.0-Zlatko 2010
Zlatko Pejaković,Zlatko Pejaković,Daj da se pije,,,,,,Zlatko 2010,,2010.0,,,,,,2010.0-Zlatko 2010,2010.0-Zlatko 2010
Zlatko Pejaković,Zlatko Pejaković,Žena,,,,,,Zlatko 2010,,2010.0,,,,,,2010.0-Zlatko 2010,2010.0-Zlatko 2010
Zlatko Pejaković,Zlatko Pejaković,Kome trebam ja,,,,,,Zlatko 2010,,2010.0,,,,,,2010.0-Zlatko 2010,2010.0-Zlatko 2010
Zlatko Pejaković,Zlatko Pejaković,Sretno ti bilo,,,,,,Zlatko 2010,,2010.0,,,,,,2010.0-Zlatko 2010,2010.0-Zlatko 2010
Zlatko Pejaković,Zlatko Pejaković,Ranom zorom,,,,,,Zlatko 2010,,2010.0,,,,,,2010.0-Zlatko 2010,2010.0-Zlatko 2010
Zlatko Pejaković,Zlatko Pejaković,Dunjo mirisna,,,,,,Zlatko 2010,,2010.0,,,,,,2010.0-Zlatko 2010,2010.0-Zlatko 2010
Zlatko Pejaković,Zlatko Pejaković,Dosta mi je,,,,,,Zlatko 2010,,2010.0,,,,,,2010.0-Zlatko 2010,2010.0-Zlatko 2010
Zlatko Pejaković,Zlatko Pejaković,Pomoć,,,,,,Zlatko 2010,,2010.0,,,,,,2010.0-Zlatko 2010,2010.0-Zlatko 2010
Zlatko Pejaković,Zlatko Pejaković,Fenomenalno,,,,,,Zlatko 2010,,2010.0,,,,,,2010.0-Zlatko 2010,2010.0-Zlatko 2010
Zlatko Pejaković,Zlatko Pejaković,Treba vremena,,,,,,Zlatko 2010,,2010.0,,,,,,2010.0-Zlatko 2010,2010.0-Zlatko 2010
